{"experiment": "experiment_40", "config": {"experiment": "experiment_40", "seed": 42, "encoder_architecture": {"name": "ResNet50"}, "pretraining": {"training": true, "batch_size": 256, "num_workers_loader": 4, "max_epochs": 500, "projection": {"use_projection": true, "hidden_layer_sizes": "None", "projection_dimension": 128}, "loss": {"name": "WeightedNTXent", "loss_config": {"temperature": 0.1, "weight": "GaussianWeight", "weight_normalization": "negatives_constant_total_weight", "weight_config": {"sigma": 0.5, "mean": "RandomParamEveryIter", "mean_config": {"begin": -1, "end": 1, "factor": 0.98, "steps": 500}, "b_l": -1, "b_u": 1}}}, "optimizer": {"name": "Adam", "config": {"lr": 0.001, "weight_decay": 1e-06}}, "dataset": {"name": "Cifar10", "transforms": {"RandomResizedCrop": {"size": "32,32", "scale": "0.08,1.0", "ratio": "0.75,1.3333333333"}, "RandomHorizontalFlip": {"p": 0.5}, "ColorJitter": {"brightness": 0.4, "contrast": 0.4, "saturation": 0.4, "hue": 0.1, "prob": 0.8}, "RandomGrayscale": {"p": 0.2}, "GaussianBlur": {"kernel_size": 3, "prob": 0.5}}}, "model_dimension": {"embedding_dimension": 2048}}, "testing": {"testing": true, "testing_every_n_epochs": 100, "batch_size": 256, "num_workers_loader": 0, "max_epochs": 60, "dataset": {"val_percentage": 0.1, "name": "Cifar10"}, "optimizer": {"lr": 0.001}, "param_tuning": {"log_min": -6, "log_max": -1, "n_steps": 5}}}, "average_training_loss_per_epoch": [4.282705783843994, 3.48201847076416, 3.5669140815734863, 3.4524736404418945, 3.0881433486938477, 3.5068321228027344, 3.2565572261810303, 3.112877607345581, 3.136201858520508, 3.061553478240967, 3.0187466144561768, 3.0716190338134766, 3.1152594089508057, 3.0052149295806885, 2.9056191444396973, 2.8737096786499023, 2.757033348083496, 2.89697003364563, 2.493229389190674, 2.6385269165039062, 2.749135971069336, 2.6619222164154053, 2.677910089492798, 2.687364339828491, 2.4131057262420654, 2.4461400508880615, 2.409782886505127, 2.3469488620758057, 2.402371883392334, 2.4179649353027344, 2.4044463634490967, 2.420020580291748, 2.102062225341797, 2.2209739685058594, 2.377150535583496, 2.1308791637420654, 2.30450177192688, 2.357296943664551, 2.1833441257476807, 2.2513434886932373, 2.0587284564971924, 1.9922237396240234, 2.0104191303253174, 2.243227958679199, 2.183377265930176, 2.0741536617279053, 2.093205690383911, 2.0602731704711914, 2.188030481338501, 2.07938814163208, 2.0208740234375, 2.102290391921997, 1.9283208847045898, 2.114262342453003, 1.9565565586090088, 1.9960423707962036, 1.9800854921340942, 1.9531995058059692, 1.921518087387085, 2.021862030029297, 1.7742658853530884, 1.7664623260498047, 1.845737338066101, 1.958988070487976, 1.9250690937042236, 1.9875915050506592, 1.8146531581878662, 1.989101529121399, 1.8359968662261963, 1.9502402544021606, 1.9277032613754272, 1.726173758506775, 1.9100749492645264, 1.797814965248108, 1.937766194343567, 1.792085886001587, 1.7505652904510498, 1.721602201461792, 1.7753700017929077, 1.7990937232971191, 1.9399278163909912, 1.7308247089385986, 1.8066225051879883, 1.7665733098983765, 1.7663456201553345, 1.7729321718215942, 1.8099067211151123, 1.8639193773269653, 1.717268705368042, 1.6962542533874512, 1.7501341104507446, 1.746756911277771, 1.7352238893508911, 1.7075587511062622, 1.73226797580719, 1.6646353006362915, 1.6650670766830444, 1.8444931507110596, 1.7666027545928955, 1.7067185640335083, 1.7617467641830444, 1.6332974433898926, 1.6985278129577637, 1.6573371887207031, 1.537131428718567, 1.7780146598815918, 1.6631524562835693, 1.6409960985183716, 1.637702465057373, 1.6368831396102905, 1.6371573209762573, 1.6424925327301025, 1.685559630393982, 1.6866471767425537, 1.6668089628219604, 1.66975736618042, 1.6137017011642456, 1.7212638854980469, 1.5251291990280151, 1.609243392944336, 1.6980279684066772, 1.6473819017410278, 1.6889606714248657, 1.6973711252212524, 1.5615260601043701, 1.6029359102249146, 1.5798499584197998, 1.5528743267059326, 1.6334480047225952, 1.6245105266571045, 1.6247504949569702, 1.640431523323059, 1.4579013586044312, 1.5511327981948853, 1.6510432958602905, 1.499202847480774, 1.6225903034210205, 1.6771936416625977, 1.5692881345748901, 1.6090984344482422, 1.4967870712280273, 1.464569330215454, 1.5112584829330444, 1.6401926279067993, 1.6092482805252075, 1.5404690504074097, 1.5340238809585571, 1.548244833946228, 1.6251780986785889, 1.564333438873291, 1.5190727710723877, 1.5896095037460327, 1.4699152708053589, 1.5962549448013306, 1.5020699501037598, 1.5443522930145264, 1.5241248607635498, 1.5103455781936646, 1.4881294965744019, 1.5688788890838623, 1.394271731376648, 1.3941149711608887, 1.4519538879394531, 1.531830906867981, 1.515294075012207, 1.568081259727478, 1.4507715702056885, 1.5723732709884644, 1.4781962633132935, 1.5591609477996826, 1.542709231376648, 1.388124704360962, 1.5368770360946655, 1.4527746438980103, 1.559116244316101, 1.446772813796997, 1.421799659729004, 1.40232515335083, 1.4461874961853027, 1.4736554622650146, 1.5831596851348877, 1.4287620782852173, 1.4736309051513672, 1.449894666671753, 1.469313383102417, 1.4579037427902222, 1.5019404888153076, 1.5326322317123413, 1.4099918603897095, 1.4194774627685547, 1.4481693506240845, 1.4511557817459106, 1.4435831308364868, 1.4290567636489868, 1.4427564144134521, 1.3708629608154297, 1.4010168313980103, 1.5376684665679932, 1.4884493350982666, 1.4521706104278564, 1.4725728034973145, 1.3688766956329346, 1.4243570566177368, 1.394747018814087, 1.2987042665481567, 1.4880661964416504, 1.3995506763458252, 1.3864266872406006, 1.384846568107605, 1.3821133375167847, 1.3864636421203613, 1.3893166780471802, 1.4234583377838135, 1.4306234121322632, 1.4134290218353271, 1.4207441806793213, 1.3732185363769531, 1.4624429941177368, 1.3071295022964478, 1.3744333982467651, 1.450111746788025, 1.4072327613830566, 1.4462363719940186, 1.449855923652649, 1.3429973125457764, 1.3762545585632324, 1.3602956533432007, 1.336525797843933, 1.4057940244674683, 1.397749423980713, 1.4019299745559692, 1.411374807357788, 1.2648619413375854, 1.343575358390808, 1.429395318031311, 1.3006088733673096, 1.407233715057373, 1.4521785974502563, 1.3647722005844116, 1.394729495048523, 1.3056589365005493, 1.2803603410720825, 1.3186712265014648, 1.4276257753372192, 1.4012123346328735, 1.3449522256851196, 1.3411219120025635, 1.3550069332122803, 1.4214589595794678, 1.3689498901367188, 1.3349217176437378, 1.3942666053771973, 1.292373776435852, 1.4031733274459839, 1.3247944116592407, 1.3568485975265503, 1.3392804861068726, 1.327374815940857, 1.3084172010421753, 1.3821295499801636, 1.2348337173461914, 1.235696792602539, 1.2878589630126953, 1.3583239316940308, 1.3402019739151, 1.3841537237167358, 1.2882109880447388, 1.3933697938919067, 1.3073337078094482, 1.3827329874038696, 1.3679143190383911, 1.238508939743042, 1.3661707639694214, 1.2959133386611938, 1.39150869846344, 1.2901901006698608, 1.2730391025543213, 1.2583366632461548, 1.2933576107025146, 1.3156113624572754, 1.4119699001312256, 1.2814204692840576, 1.3181837797164917, 1.3043383359909058, 1.3162227869033813, 1.3084694147109985, 1.3461414575576782, 1.3730508089065552, 1.2689154148101807, 1.2757031917572021, 1.301592469215393, 1.3080145120620728, 1.299980878829956, 1.2878575325012207, 1.3009024858474731, 1.2358531951904297, 1.2660104036331177, 1.3859096765518188, 1.3473396301269531, 1.311608076095581, 1.3376195430755615, 1.2477333545684814, 1.292468786239624, 1.2661982774734497, 1.183449387550354, 1.3500009775161743, 1.2733485698699951, 1.2648768424987793, 1.262154459953308, 1.2571526765823364, 1.2643239498138428, 1.2689038515090942, 1.2956875562667847, 1.3056567907333374, 1.2893654108047485, 1.301055669784546, 1.2561097145080566, 1.332545518875122, 1.1961159706115723, 1.2558469772338867, 1.3257942199707031, 1.288741946220398, 1.321384072303772, 1.324403166770935, 1.2327227592468262, 1.2619521617889404, 1.2487090826034546, 1.2303868532180786, 1.2884650230407715, 1.2824982404708862, 1.2879008054733276, 1.292899250984192, 1.1655265092849731, 