{"experiment": "experiment_A5", "config": {"experiment": "experiment_A5", "seed": 42, "encoder_architecture": {"name": "ResNet50"}, "pretraining": {"training": true, "batch_size": 512, "num_workers_loader": 4, "max_epochs": 500, "projection": {"use_projection": true, "hidden_layer_sizes": "None", "projection_dimension": 128}, "loss": {"name": "WeightedNTXent", "loss_config": {"temperature": 0.1, "weight": "GaussianWeight", "weight_normalization": "negatives_constant_total_weight", "weight_config": {"sigma": 0.5, "mean": "LinearParam", "mean_config": {"begin": -1, "end": 1, "factor": 0.99, "steps": 500}, "b_l": -1, "b_u": 1}}}, "optimizer": {"name": "Adam", "config": {"lr": 0.001, "weight_decay": 1e-06}}, "dataset": {"name": "Cifar10", "transforms": {"RandomResizedCrop": {"size": "32,32", "scale": "0.08,1.0", "ratio": "0.75,1.3333333333"}, "RandomHorizontalFlip": {"p": 0.5}, "ColorJitter": {"brightness": 0.4, "contrast": 0.4, "saturation": 0.4, "hue": 0.1, "prob": 0.8}, "RandomGrayscale": {"p": 0.2}, "GaussianBlur": {"kernel_size": 3, "prob": 0.5}}}, "model_dimension": {"embedding_dimension": 2048}}, "testing": {"testing": true, "testing_every_n_epochs": 100, "batch_size": 256, "num_workers_loader": 0, "max_epochs": 60, "dataset": {"val_percentage": 0.1, "name": "Cifar10"}, "optimizer": {"lr": 0.001}, "param_tuning": {"log_min": -6, "log_max": -1, "n_steps": 5}}}, "average_training_loss_per_epoch": [1.5069502592086792, 0.7734993100166321, 0.709510087966919, 0.7022253274917603, 0.685871958732605, 0.6785972714424133, 0.6770250797271729, 0.6622413396835327, 0.6374155282974243, 0.6540456414222717, 0.6416131258010864, 0.6435725092887878, 0.6191616654396057, 0.6358181834220886, 0.6519652009010315, 0.6465873122215271, 0.6258394718170166, 0.6118178367614746, 0.5951315760612488, 0.5966986417770386, 0.6068066954612732, 0.6096381545066833, 0.6201822757720947, 0.6363399028778076, 0.6292870044708252, 0.6213231682777405, 0.6290823221206665, 0.6172200441360474, 0.6178625226020813, 0.6312010288238525, 0.6288791298866272, 0.6192470192909241, 0.6406985521316528, 0.6309006810188293, 0.6273921728134155, 0.6358310580253601, 0.6359850168228149, 0.6359102725982666, 0.625855028629303, 0.6554069519042969, 0.6726557016372681, 0.6577404737472534, 0.658753514289856, 0.6661661863327026, 0.6756623983383179, 0.6805828213691711, 0.7010617852210999, 0.6866134405136108, 0.7094489932060242, 0.6993889212608337, 0.7210634350776672, 0.7083420157432556, 0.7136033773422241, 0.7101578712463379, 0.7092209458351135, 0.7231351733207703, 0.7296811938285828, 0.7105935215950012, 0.7305008769035339, 0.7321115732192993, 0.7355727553367615, 0.739163339138031, 0.7603341937065125, 0.7710462212562561, 0.7724694013595581, 0.7615904808044434, 0.7668543457984924, 0.7776572108268738, 0.7833988070487976, 0.7805349230766296, 0.782925009727478, 0.7921608090400696, 0.7846905589103699, 0.7955107688903809, 0.7945438027381897, 0.8155101537704468, 0.8117336630821228, 0.813336193561554, 0.8387349247932434, 0.8459663987159729, 0.8474647402763367, 0.8387451767921448, 0.8540856838226318, 0.8505333662033081, 0.8641663193702698, 0.8686037659645081, 0.867401123046875, 0.8694933652877808, 0.8763258457183838, 0.8842951655387878, 0.8887806534767151, 0.9032728672027588, 0.9019915461540222, 0.8967723250389099, 0.9241095185279846, 0.9149024486541748, 0.9300841689109802, 0.9283941984176636, 0.9322438836097717, 0.9243419766426086, 0.9420900940895081, 0.9393855333328247, 0.9459260702133179, 0.951323926448822, 0.9649089574813843, 0.9704750180244446, 0.9676379561424255, 0.9788293242454529, 0.9937734603881836, 0.9910092949867249, 0.99815833568573, 0.9892577528953552, 1.0086251497268677, 1.0178158283233643, 1.0079337358474731, 1.0225131511688232, 1.0180530548095703, 1.0288821458816528, 1.0298128128051758, 1.0496472120285034, 1.047787070274353, 1.0457462072372437, 1.0628223419189453, 1.0467102527618408, 1.0648844242095947, 1.0740923881530762, 1.0778982639312744, 1.0660701990127563, 1.085907220840454, 1.0878528356552124, 1.0906506776809692, 1.101967215538025, 1.102245807647705, 1.1134862899780273, 1.1105833053588867, 1.1059561967849731, 1.1236670017242432, 1.140320897102356, 1.139670729637146, 1.1411970853805542, 1.1532388925552368, 1.1467527151107788, 1.158589482307434, 1.157400131225586, 1.1762726306915283, 1.1717091798782349, 1.1816869974136353, 1.1809767484664917, 1.197190761566162, 1.1990991830825806, 1.2088091373443604, 1.2153126001358032, 1.2152267694473267, 1.2187930345535278, 1.2286314964294434, 1.2339869737625122, 1.2367274761199951, 1.2514649629592896, 1.2448738813400269, 1.2655061483383179, 1.243739128112793, 1.2615470886230469, 1.2752257585525513, 1.2807025909423828, 1.2774677276611328, 1.287171483039856, 1.2983300685882568, 1.299362301826477, 1.3141467571258545, 1.3163208961486816, 1.3253300189971924, 1.3213434219360352, 1.326590895652771, 1.3388712406158447, 1.340416431427002, 1.344987392425537, 1.3577275276184082, 1.3590902090072632, 1.3464452028274536, 1.3787353038787842, 1.3842732906341553, 1.3805029392242432, 1.3842638731002808, 1.3957364559173584, 1.4003468751907349, 1.3930073976516724, 1.4077823162078857, 1.4106849431991577, 1.40874183177948, 1.4188915491104126, 1.4158357381820679, 1.4385428428649902, 1.4290575981140137, 1.4414937496185303, 1.4397574663162231, 1.437605619430542, 1.4588180780410767, 1.4602267742156982, 1.4618993997573853, 1.484319806098938, 1.4742363691329956, 1.475935935974121, 1.4743186235427856, 1.4809832572937012, 1.500408411026001, 1.5020285844802856, 1.4977456331253052, 1.5052666664123535, 1.5120600461959839, 1.5098918676376343, 1.5232148170471191, 1.5071948766708374, 1.5298157930374146, 1.5374959707260132, 1.5308763980865479, 1.5485047101974487, 1.549134373664856, 1.5553944110870361, 1.557229995727539, 1.5757426023483276, 1.5667442083358765, 1.5691449642181396, 1.5893383026123047, 1.576728105545044, 1.5881028175354004, 1.5992395877838135, 1.604110598564148, 1.5859878063201904, 1.6109751462936401, 1.6098411083221436, 1.6083729267120361, 1.62067449092865, 1.6117762327194214, 1.6246201992034912, 1.6287024021148682, 1.6172014474868774, 1.6340765953063965, 1.6543773412704468, 1.6436045169830322, 1.6483006477355957, 1.6686748266220093, 1.6672682762145996, 1.6667232513427734, 1.6648896932601929, 1.6732739210128784, 1.6789860725402832, 1.6859670877456665, 1.6838878393173218, 1.6934409141540527, 1.6936333179473877, 1.7077152729034424, 1.7090915441513062, 1.702002763748169, 1.7075004577636719, 1.7246882915496826, 1.7303471565246582, 1.7301958799362183, 1.7428557872772217, 1.7247446775436401, 1.7480127811431885, 1.7254513502120972, 1.7459776401519775, 1.7563159465789795, 1.7615176439285278, 1.748360514640808, 1.764777660369873, 1.7694694995880127, 1.7683097124099731, 1.787632703781128, 1.788295030593872, 1.7951139211654663, 1.7854623794555664, 1.7931640148162842, 1.8049451112747192, 1.8118587732315063, 1.8036857843399048, 1.8188482522964478, 1.8270926475524902, 1.8047009706497192, 1.8385753631591797, 1.8427760601043701, 1.8376076221466064, 1.8364365100860596, 1.8470511436462402, 1.8540867567062378, 1.8432196378707886, 1.8606665134429932, 1.8628110885620117, 1.854688286781311, 1.8735562562942505, 1.8600560426712036, 1.8813749551773071, 1.8736366033554077, 1.8860777616500854, 1.8817362785339355, 1.8773704767227173, 1.9067820310592651, 1.8994481563568115, 1.9078320264816284, 1.9295599460601807, 1.9135596752166748, 1.9201515913009644, 1.9198240041732788, 1.91794753074646, 1.929660439491272, 1.9364324808120728, 1.9302014112472534, 1.9405111074447632, 1.9442380666732788, 1.9417359828948975, 1.9517349004745483, 1.9359692335128784, 1.9515520334243774, 1.9629493951797485, 1.9541207551956177, 1.9737768173217773, 1.9804868698120117, 1.9789931774139404, 1.9771226644515991, 2.0036697387695312, 1.9903953075408936, 1.9911465644836426, 2.0031702518463135, 1.9907552003860474, 2.0062849521636963, 2.0132009983062744, 2.0167183876037598, 2.004753351211548, 2.025029420852661, 2.025068998336792, 2.014564037322998, 