{"experiment": "experiment_25", "config": {"experiment": "experiment_25", "seed": 42, "encoder_architecture": {"name": "ResNet50"}, "pretraining": {"training": true, "batch_size": 256, "num_workers_loader": 4, "max_epochs": 500, "projection": {"use_projection": true, "hidden_layer_sizes": "None", "projection_dimension": 128}, "loss": {"name": "WeightedNTXent", "loss_config": {"temperature": 0.1, "weight": "GaussianWeight", "weight_normalization": "negatives_constant_total_weight", "weight_config": {"sigma": 0.5, "mean": "RandomThenConst", "mean_config": {"begin": -1, "end": 1, "factor": 0.98, "steps": 200, "const_value": 0.8}, "b_l": -1, "b_u": 1}}}, "optimizer": {"name": "Adam", "config": {"lr": 0.001, "weight_decay": 1e-06}}, "dataset": {"name": "Cifar10", "transforms": {"RandomResizedCrop": {"size": "32,32", "scale": "0.08,1.0", "ratio": "0.75,1.3333333333"}, "RandomHorizontalFlip": {"p": 0.5}, "ColorJitter": {"brightness": 0.4, "contrast": 0.4, "saturation": 0.4, "hue": 0.1, "prob": 0.8}, "RandomGrayscale": {"p": 0.2}, "GaussianBlur": {"kernel_size": 3, "prob": 0.5}}}, "model_dimension": {"embedding_dimension": 2048}}, "testing": {"testing": true, "testing_every_n_epochs": 100, "batch_size": 256, "num_workers_loader": 0, "max_epochs": 60, "dataset": {"val_percentage": 0.1, "name": "Cifar10"}, "optimizer": {"lr": 0.001}, "param_tuning": {"log_min": -6, "log_max": -1, "n_steps": 5}}}, "average_training_loss_per_epoch": [3.2681803703308105, 5.548367977142334, 4.709030628204346, 4.77071475982666, 1.853519082069397, 2.0850789546966553, 1.0024672746658325, 5.01737117767334, 3.3215062618255615, 5.018546104431152, 4.162129878997803, 2.5345828533172607, 4.838259220123291, 3.9833664894104004, 1.6812729835510254, 2.116316318511963, 3.7183334827423096, 1.8539022207260132, 1.0152063369750977, 4.570767402648926, 1.0111274719238281, 1.3191790580749512, 2.880657196044922, 3.704533338546753, 0.5854945182800293, 2.8124840259552, 3.8725452423095703, 3.7702064514160156, 0.8315319418907166, 1.5591298341751099, 0.9069479703903198, 1.1013243198394775, 1.7776660919189453, 0.5097041130065918, 2.4539566040039062, 1.6988002061843872, 0.8047434091567993, 1.4215657711029053, 0.7055565118789673, 1.5506820678710938, 1.1408536434173584, 3.7798712253570557, 2.912703514099121, 2.600738286972046, 3.447157144546509, 2.764927387237549, 3.2774312496185303, 2.509428024291992, 1.296203851699829, 2.156592845916748, 2.145267963409424, 2.7340238094329834, 2.477027416229248, 0.5620392560958862, 1.1812269687652588, 1.2919379472732544, 2.854766607284546, 1.0024656057357788, 2.8517959117889404, 2.00821852684021, 0.4494909644126892, 1.1688368320465088, 1.414740800857544, 1.0741345882415771, 0.6852683424949646, 0.7907150983810425, 2.5943472385406494, 3.276531934738159, 2.1721181869506836, 2.3077707290649414, 2.5092339515686035, 0.521497368812561, 0.5554244518280029, 2.1759352684020996, 1.1106507778167725, 1.834025263786316, 0.5526825189590454, 1.641437292098999, 2.287858009338379, 2.3355400562286377, 1.3356995582580566, 2.23970627784729, 1.2666822671890259, 0.5702505707740784, 1.7909762859344482, 2.37803316116333, 0.4242340624332428, 1.4430420398712158, 2.8569633960723877, 2.9439690113067627, 2.690890312194824, 1.1474467515945435, 0.7480871677398682, 1.6503409147262573, 2.858107089996338, 1.776450514793396, 0.4211554229259491, 1.3502107858657837, 0.4414532482624054, 0.5370844602584839, 1.0332419872283936, 3.0395851135253906, 2.0920677185058594, 2.231046199798584, 0.8796854615211487, 0.9553529620170593, 0.5312092900276184, 2.803730010986328, 1.6267682313919067, 2.8755102157592773, 2.2114195823669434, 1.3631095886230469, 2.8322930335998535, 2.2405896186828613, 1.0298042297363281, 1.2447516918182373, 2.177211046218872, 1.155099630355835, 0.6941240429878235, 2.9566309452056885, 0.7340582013130188, 0.8737080693244934, 1.8049354553222656, 2.351997137069702, 0.4708622992038727, 1.8353736400604248, 2.570056438446045, 2.4947187900543213, 0.6626285314559937, 1.070459246635437, 0.6639172434806824, 0.7911509275436401, 1.2237461805343628, 0.41651588678359985, 1.690189242362976, 1.1921346187591553, 0.6309507489204407, 1.0322446823120117, 0.5658747553825378, 1.1182599067687988, 0.8530016541481018, 2.7934927940368652, 2.115459680557251, 1.8814849853515625, 2.517110824584961, 2.0156588554382324, 2.407196521759033, 1.8742908239364624, 1.0027718544006348, 1.6234334707260132, 1.603473424911499, 2.0622546672821045, 1.8756576776504517, 0.4917723834514618, 0.9315541982650757, 1.022464632987976, 2.2168591022491455, 0.825981616973877, 2.2155168056488037, 1.5676690340042114, 0.4048953950405121, 0.9409140348434448, 1.1305612325668335, 0.8689954876899719, 0.5671265721321106, 0.6585337519645691, 2.0613911151885986, 2.6129186153411865, 1.7444422245025635, 1.8588441610336304, 2.0114033222198486, 0.4802003800868988, 0.4814455211162567, 1.760420322418213, 0.9269986152648926, 1.4830739498138428, 0.4993099868297577, 1.3482584953308105, 1.8586575984954834, 1.924001693725586, 1.1202678680419922, 1.8475341796875, 1.0595601797103882, 0.5057703256607056, 1.4986170530319214, 1.965434193611145, 0.41267484426498413, 1.208261251449585, 2.365896463394165, 2.479228973388672, 2.2422797679901123, 0.9881740808486938, 0.6604531407356262, 1.3991278409957886, 2.4158852100372314, 1.477683424949646, 0.405065655708313, 1.147207498550415, 0.4083268344402313, 0.4850408732891083, 0.8801079392433167, 2.337552070617676, 2.265410900115967, 2.2317402362823486, 2.233654022216797, 2.2204575538635254, 2.2110257148742676, 2.19307541847229, 2.184657573699951, 2.168010711669922, 2.1656723022460938, 2.1537082195281982, 2.137403726577759, 2.143787145614624, 2.1252753734588623, 2.1489827632904053, 2.1366450786590576, 2.1341440677642822, 2.1240198612213135, 2.122584581375122, 2.118600845336914, 2.1082568168640137, 2.10854434967041, 2.084156036376953, 2.102343797683716, 2.096920967102051, 2.0953171253204346, 2.063992500305176, 2.1003594398498535, 2.0785648822784424, 2.077669620513916, 2.075371026992798, 2.0548958778381348, 2.0691208839416504, 2.056713819503784, 2.0411999225616455, 2.045957088470459, 2.052976131439209, 2.0483927726745605, 2.0369958877563477, 2.0398025512695312, 2.0231106281280518, 2.0450313091278076, 2.022491455078125, 2.0096547603607178, 2.0012733936309814, 2.0005383491516113, 2.0148544311523438, 2.0143816471099854, 2.006589412689209, 2.0035111904144287, 1.9943721294403076, 1.982887625694275, 1.9978071451187134, 1.997832179069519, 1.9983547925949097, 1.9881742000579834, 1.9877407550811768, 1.9613884687423706, 1.9690542221069336, 1.974257230758667, 1.9733853340148926, 1.9704350233078003, 1.9775511026382446, 1.9521125555038452, 1.9655330181121826, 1.9474713802337646, 1.930320143699646, 1.9514349699020386, 1.952204704284668, 1.938170313835144, 1.9494149684906006, 1.9502192735671997, 1.934805154800415, 1.9416834115982056, 1.9123810529708862, 1.9436252117156982, 1.9259939193725586, 1.9155380725860596, 1.9346272945404053, 1.9301570653915405, 1.9111946821212769, 1.910638451576233, 1.923708438873291, 1.9160805940628052, 1.8923912048339844, 1.9251078367233276, 1.904913306236267, 1.8902029991149902, 1.9014089107513428, 1.8823447227478027, 1.9058849811553955, 1.900820016860962, 1.9002583026885986, 1.8888550996780396, 1.8692091703414917, 1.9113587141036987, 1.8846498727798462, 1.9096921682357788, 1.9071687459945679, 1.8798173666000366, 1.858984112739563, 1.8540101051330566, 1.8482253551483154, 1.858758568763733, 1.8616656064987183, 1.8588942289352417, 1.8578906059265137, 1.8571949005126953, 1.8419175148010254, 1.8527990579605103, 1.8367863893508911, 1.8344240188598633, 1.8408193588256836, 1.8203905820846558, 1.8485453128814697, 1.843150019645691, 1.837786078453064, 1.832081913948059, 1.8419604301452637, 1.8249760866165161, 1.8224345445632935, 1.828212857246399, 1.809851884841919, 1.8187717199325562, 1.8265876770019531, 1.825318455696106, 1.8022907972335815, 1.8236132860183716, 1.8099403381347656, 1.8086321353912354, 1.8060336112976074, 1.7997092008590698, 