{"experiment": "experiment_A7", "config": {"experiment": "experiment_A7", "seed": 42, "encoder_architecture": {"name": "ResNet50"}, "pretraining": {"training": true, "batch_size": 512, "num_workers_loader": 4, "max_epochs": 500, "projection": {"use_projection": true, "hidden_layer_sizes": "None", "projection_dimension": 128}, "loss": {"name": "WeightedNTXent", "loss_config": {"temperature": 0.1, "weight": "GaussianWeight", "weight_normalization": "negatives_constant_total_weight", "weight_config": {"sigma": 0.25, "mean": "LinearParam", "mean_config": {"begin": -1, "end": 1, "factor": 0.99, "steps": 500}, "b_l": -1, "b_u": 1}}}, "optimizer": {"name": "Adam", "config": {"lr": 0.001, "weight_decay": 1e-06}}, "dataset": {"name": "Cifar10", "transforms": {"RandomResizedCrop": {"size": "32,32", "scale": "0.08,1.0", "ratio": "0.75,1.3333333333"}, "RandomHorizontalFlip": {"p": 0.5}, "ColorJitter": {"brightness": 0.4, "contrast": 0.4, "saturation": 0.4, "hue": 0.1, "prob": 0.8}, "RandomGrayscale": {"p": 0.2}, "GaussianBlur": {"kernel_size": 3, "prob": 0.5}}}, "model_dimension": {"embedding_dimension": 2048}}, "testing": {"testing": true, "testing_every_n_epochs": 100, "batch_size": 256, "num_workers_loader": 0, "max_epochs": 60, "dataset": {"val_percentage": 0.1, "name": "Cifar10"}, "optimizer": {"lr": 0.001}, "param_tuning": {"log_min": -6, "log_max": -1, "n_steps": 5}}}, "average_training_loss_per_epoch": [0.16225922107696533, 0.11767077445983887, 0.5045504570007324, 0.09294486045837402, 0.04838033765554428, 0.03381635248661041, 0.028625423088669777, 0.06567546725273132, 0.033754847943782806, 0.030000530183315277, 0.04031798616051674, 0.07602369785308838, 0.11718881875276566, 0.04224231839179993, 0.029164722189307213, 0.026942893862724304, 0.028381668031215668, 0.03613027185201645, 0.047253336757421494, 0.04933791607618332, 0.05428655445575714, 0.07567290216684341, 0.0864376351237297, 0.07837346941232681, 0.07275441288948059, 0.09974680840969086, 0.07678808271884918, 0.11045653373003006, 0.12060162425041199, 0.11439865082502365, 0.14024204015731812, 0.14785249531269073, 0.2298751324415207, 0.2142321914434433, 0.18220050632953644, 0.2240375131368637, 0.2253146916627884, 0.2074558436870575, 0.1592811793088913, 0.2991238832473755, 0.22346071898937225, 0.20028282701969147, 0.28356605768203735, 0.3382618725299835, 0.6550742387771606, 1.392208456993103, 2.587040662765503, 2.80806040763855, 2.8255319595336914, 2.485438823699951, 2.129733085632324, 1.69586980342865, 1.6193569898605347, 1.803519368171692, 2.46652889251709, 2.518312931060791, 1.997714877128601, 2.2577764987945557, 2.6178178787231445, 2.402294874191284, 2.238159418106079, 2.4144163131713867, 2.732476234436035, 2.650991201400757, 2.7508199214935303, 2.5935630798339844, 3.012751817703247, 2.742662191390991, 2.654822826385498, 2.6087183952331543, 2.587661027908325, 2.480482578277588, 2.615135431289673, 2.6499481201171875, 2.82271146774292, 2.8112716674804688, 2.51951003074646, 2.841315507888794, 2.7690351009368896, 2.6342716217041016, 2.217989444732666, 2.366696834564209, 2.588174819946289, 2.2948286533355713, 2.240443229675293, 2.640078067779541, 2.6064281463623047, 2.588212251663208, 2.8031888008117676, 3.0934321880340576, 3.064910411834717, 3.009308338165283, 3.0310769081115723, 2.861778497695923, 2.994788646697998, 2.8461036682128906, 3.101771593093872, 3.1853737831115723, 3.206441879272461, 3.27750301361084, 3.060892105102539, 3.1086294651031494, 3.0683209896087646, 2.7573955059051514, 2.3240060806274414, 2.2521584033966064, 2.6660616397857666, 2.9136550426483154, 2.9619791507720947, 2.558490514755249, 2.405381679534912, 2.4884235858917236, 2.1956934928894043, 2.175236940383911, 2.1475157737731934, 2.2118241786956787, 2.091961622238159, 1.787341594696045, 1.9977445602416992, 1.8728524446487427, 1.7919756174087524, 2.198314905166626, 2.102649211883545, 2.1678340435028076, 2.1216249465942383, 2.1549885272979736, 2.142341375350952, 2.1461050510406494, 2.1310527324676514, 2.1657516956329346, 2.1660215854644775, 1.9955873489379883, 1.998762845993042, 2.05661678314209, 1.9924614429473877, 1.950158715248108, 2.0545663833618164, 2.1153829097747803, 2.0968644618988037, 2.0931763648986816, 1.9848365783691406, 2.014429807662964, 1.8983428478240967, 1.8958338499069214, 2.064688205718994, 2.169919490814209, 2.0932323932647705, 2.123300075531006, 2.108736038208008, 2.0815227031707764, 2.0775153636932373, 2.087373971939087, 2.106431007385254, 2.0921356678009033, 2.076119899749756, 2.091280460357666, 2.0848782062530518, 2.0898494720458984, 2.1016502380371094, 2.08115816116333, 2.090449094772339, 2.094369888305664, 2.1475260257720947, 2.2025790214538574, 2.163954734802246, 2.1908352375030518, 2.2688417434692383, 2.2027928829193115, 2.0286810398101807, 1.783728003501892, 1.8089301586151123, 1.8442615270614624, 1.8444867134094238, 1.8720266819000244, 1.8666645288467407, 1.8975852727890015, 1.8931463956832886, 1.8935590982437134, 1.8847317695617676, 1.895903468132019, 1.9401987791061401, 1.936472773551941, 1.9411461353302002, 1.9233875274658203, 1.9586199522018433, 1.9788483381271362, 2.0876247882843018, 2.4898629188537598, 2.688748359680176, 2.850534439086914, 2.9309706687927246, 3.1273772716522217, 2.9419283866882324, 3.136195659637451, 3.183119297027588, 3.3601813316345215, 3.264416456222534, 3.2981677055358887, 3.3371243476867676, 3.376281976699829, 3.3595306873321533, 3.4132158756256104, 3.4269139766693115, 3.457115650177002, 3.455134153366089, 3.480611801147461, 3.4946818351745605, 3.560025215148926, 3.5626962184906006, 3.6419286727905273, 3.6443488597869873, 3.625330686569214, 3.5881905555725098, 3.664475917816162, 3.7025234699249268, 3.6936862468719482, 3.7090859413146973, 3.6858575344085693, 3.689460277557373, 3.635073661804199, 3.672112226486206, 3.6881933212280273, 3.704193353652954, 3.69634747505188, 3.712737798690796, 3.7105743885040283, 3.7593157291412354, 3.7605843544006348, 3.7797203063964844, 3.8260931968688965, 3.8110647201538086, 3.8766262531280518, 3.891528367996216, 3.9039971828460693, 3.9261202812194824, 3.946800708770752, 3.9689953327178955, 4.054923057556152, 4.04855489730835, 4.07875394821167, 4.083795547485352, 4.099488258361816, 4.060367584228516, 4.080526828765869, 4.11221170425415, 4.158266067504883, 4.152157306671143, 4.189432621002197, 4.2624831199646, 4.292157173156738, 4.295364856719971, 4.331389904022217, 4.305936813354492, 4.292479038238525, 4.271279811859131, 4.283374309539795, 4.278083324432373, 4.220532417297363, 4.195536136627197, 4.1809258460998535, 4.163139820098877, 4.143033981323242, 4.138367652893066, 4.133599281311035, 4.116444110870361, 4.121380805969238, 4.130593776702881, 4.097198486328125, 4.105008602142334, 4.127903461456299, 4.099302291870117, 4.11122465133667, 4.110486030578613, 4.107772350311279, 4.1360039710998535, 4.123562335968018, 4.134418487548828, 4.119324207305908, 4.083094596862793, 4.093515872955322, 4.092787742614746, 4.05764627456665, 4.050608158111572, 4.051239967346191, 4.035524845123291, 4.050808429718018, 4.028292179107666, 4.032025337219238, 4.008135795593262, 4.025152683258057, 4.006570816040039, 4.000177383422852, 4.0110650062561035, 4.02023458480835, 4.035158634185791, 4.014894485473633, 4.044930458068848, 4.036831378936768, 4.0431318283081055, 4.099112033843994, 4.056545734405518, 4.06081485748291, 4.062154293060303, 4.060480117797852, 4.0806145668029785, 4.071497917175293, 4.089672088623047, 4.105559825897217, 4.108733654022217, 4.105905532836914, 4.105481147766113, 4.09283447265625, 4.124317646026611, 4.112479209899902, 4.112029552459717, 4.130865573883057, 4.186168670654297, 4.151861667633057, 4.415338516235352, 4.277464389801025, 4.223394393920898, 4.207453727722168, 4.211044788360596, 4.198322296142578, 4.205642223358154, 4.2141642570495605, 4.220172882080078, 4.22174596786499, 4.2378435134887695, 4.237147808074951, 4.234856128692627, 4.261895179748535, 4.253093242645264, 4.265933036804199, 4.27389669418335, 4.249081134796143, 