{"experiment": "experiment_8", "config": {"experiment": "experiment_8", "seed": 42, "encoder_architecture": {"name": "ResNet50"}, "pretraining": {"training": true, "batch_size": 256, "num_workers_loader": 4, "max_epochs": 500, "projection": {"use_projection": true, "hidden_layer_sizes": "None", "projection_dimension": 128}, "loss": {"name": "WeightedNTXent", "loss_config": {"temperature": 0.1, "weight": "GaussianWeight", "weight_normalization": "negatives_constant_total_weight", "weight_config": {"sigma": 0.25, "mean": "LinearParam", "mean_config": {"begin": -1, "end": 1, "factor": 0.99, "steps": 250}, "b_l": -1, "b_u": 1}}}, "optimizer": {"name": "Adam", "config": {"lr": 0.001, "weight_decay": 1e-06}}, "dataset": {"name": "Cifar10", "transforms": {"RandomResizedCrop": {"size": "32,32", "scale": "0.08,1.0", "ratio": "0.75,1.3333333333"}, "RandomHorizontalFlip": {"p": 0.5}, "ColorJitter": {"brightness": 0.4, "contrast": 0.4, "saturation": 0.4, "hue": 0.1, "prob": 0.8}, "RandomGrayscale": {"p": 0.2}, "GaussianBlur": {"kernel_size": 3, "prob": 0.5}}}, "model_dimension": {"embedding_dimension": 2048}}, "testing": {"testing": true, "testing_every_n_epochs": 100, "batch_size": 256, "num_workers_loader": 0, "max_epochs": 60, "dataset": {"val_percentage": 0.1, "name": "Cifar10"}, "optimizer": {"lr": 0.001}, "param_tuning": {"log_min": -6, "log_max": -1, "n_steps": 5}}}, "average_training_loss_per_epoch": [0.19100137054920197, 0.024017971009016037, 0.03518775850534439, 0.054676514118909836, 0.02751627191901207, 0.0640270784497261, 0.06615162640810013, 0.08155197650194168, 0.047944795340299606, 0.03942843899130821, 0.07108728587627411, 0.032494716346263885, 0.06151047348976135, 0.05863510072231293, 1.764456868171692, 2.584900140762329, 2.6140358448028564, 2.5087082386016846, 2.5564420223236084, 2.093714475631714, 1.9680685997009277, 2.316678047180176, 2.5317580699920654, 2.586609125137329, 2.3508992195129395, 2.3757307529449463, 2.5337300300598145, 2.1058366298675537, 2.3084614276885986, 2.2735865116119385, 2.2811942100524902, 1.9165394306182861, 2.1663434505462646, 1.9904208183288574, 1.9539601802825928, 2.0288450717926025, 1.984594702720642, 1.8400126695632935, 1.8480242490768433, 2.0234458446502686, 2.2629475593566895, 2.306650400161743, 2.2289037704467773, 2.1667139530181885, 2.151224136352539, 2.255821943283081, 2.433694839477539, 2.232070207595825, 2.295429229736328, 2.4724483489990234, 2.2865450382232666, 2.1362674236297607, 2.2483792304992676, 2.3198370933532715, 2.3829965591430664, 2.3355977535247803, 2.5982487201690674, 2.5831339359283447, 2.5703516006469727, 2.5743613243103027, 2.605851888656616, 2.5520339012145996, 2.6042726039886475, 2.438530206680298, 2.4027044773101807, 2.4339113235473633, 2.4141087532043457, 2.473581552505493, 2.4413318634033203, 2.4460701942443848, 2.4143385887145996, 2.390991687774658, 2.4122774600982666, 2.4066224098205566, 2.429996967315674, 2.4317870140075684, 2.4016294479370117, 2.3961281776428223, 2.4188942909240723, 2.377197265625, 2.3628406524658203, 2.3774945735931396, 2.392245054244995, 2.388720989227295, 2.463104248046875, 2.5224761962890625, 2.6115314960479736, 2.9367966651916504, 3.204523801803589, 3.173105001449585, 3.1562347412109375, 3.096428394317627, 3.048295021057129, 3.0223264694213867, 2.954119920730591, 2.92391037940979, 3.236783504486084, 3.3405916690826416, 3.41464900970459, 3.42927885055542, 3.4142556190490723, 3.45857834815979, 3.383171796798706, 3.3843531608581543, 3.37265682220459, 3.409738540649414, 3.4626243114471436, 3.4004671573638916, 3.4869909286499023, 3.5463030338287354, 3.443483829498291, 3.5076029300689697, 3.537127733230591, 3.648951530456543, 3.5547969341278076, 3.5632078647613525, 3.518171787261963, 3.5732460021972656, 3.7026124000549316, 3.7949671745300293, 3.8559396266937256, 3.9104630947113037, 3.9623024463653564, 3.9628329277038574, 3.9829938411712646, 4.023375034332275, 4.041556358337402, 4.022677421569824, 3.9684174060821533, 3.9777917861938477, 4.0054030418396, 4.1679158210754395, 4.183932781219482, 4.16916036605835, 4.090865135192871, 4.196925163269043, 4.130293846130371, 4.157808303833008, 4.167661666870117, 4.146303176879883, 4.236547470092773, 4.256689548492432, 4.2023186683654785, 4.15507698059082, 4.12306022644043, 4.161782264709473, 4.164053916931152, 4.17614221572876, 4.20534086227417, 4.203649520874023, 4.244322776794434, 4.272678852081299, 4.30695915222168, 4.301177024841309, 4.322787761688232, 4.334012031555176, 4.308631420135498, 4.286838531494141, 4.255160808563232, 4.2593536376953125, 4.226452827453613, 4.232281684875488, 4.217109203338623, 4.240321159362793, 4.218175411224365, 4.2238078117370605, 4.259267330169678, 4.208365440368652, 4.242053508758545, 4.238731384277344, 4.2178568840026855, 4.2331061363220215, 4.5525689125061035, 4.378451347351074, 4.349098205566406, 4.325058460235596, 4.4949951171875, 4.392963886260986, 4.372463226318359, 4.395149230957031, 4.391409873962402, 4.410543441772461, 4.402424335479736, 4.410799503326416, 4.435296535491943, 4.452284336090088, 4.465895652770996, 4.4679789543151855, 4.468636989593506, 4.519128322601318, 4.48100471496582, 4.502476215362549, 4.505499839782715, 4.533956050872803, 4.559192180633545, 4.561025142669678, 4.583159923553467, 4.656710147857666, 4.631169319152832, 4.626792907714844, 4.624427318572998, 4.65496826171875, 4.645005702972412, 4.635636329650879, 4.657164573669434, 4.79486083984375, 4.728416919708252, 4.71645450592041, 4.729633331298828, 4.70069694519043, 4.724406719207764, 4.7827534675598145, 4.7427849769592285, 4.733327865600586, 4.759471416473389, 4.7811970710754395, 4.783617973327637, 4.753325939178467, 4.815035820007324, 4.802906036376953, 4.785991668701172, 4.767890453338623, 4.826711654663086, 4.816637992858887, 4.959029197692871, 5.029753684997559, 4.886340141296387, 4.898833274841309, 4.907071113586426, 4.839433193206787, 4.825932025909424, 4.809661388397217, 4.821242809295654, 4.805246353149414, 4.801187038421631, 4.808562278747559, 5.260863304138184, 4.986877918243408, 4.9017229080200195, 4.850998878479004, 4.867339611053467, 4.841131687164307, 4.851722240447998, 4.80059289932251, 4.778886795043945, 4.9332475662231445, 4.8739190101623535, 4.8218770027160645, 4.801666259765625, 4.793992042541504, NaN, 4.766432285308838, NaN, 5.532770156860352, 5.609895706176758, 5.308176040649414, 5.066339492797852, 4.931719779968262, NaN, 4.81241512298584, NaN, 4.743359565734863, 4.753386974334717, NaN, NaN, 4.802308559417725, 4.7500739097595215, 4.711228370666504, 4.709596157073975, 4.731104850769043, 4.734548568725586, NaN, NaN, NaN, 6.023280143737793, 5.975413799285889, 5.943098545074463, 5.927730083465576, 5.909273624420166, 5.904374599456787, 5.899706840515137, 5.891680717468262, 5.894558906555176, 5.888094902038574, 5.889786720275879, 5.884156703948975, 5.880812644958496, 5.878482341766357, 5.8734049797058105, 5.872277736663818, 5.867644786834717, 5.867543697357178, 5.870087623596191, 5.866526126861572, 5.867712497711182, 5.864190578460693, 5.865497589111328, 5.857938289642334, 5.864776134490967, 5.859439849853516, 5.85469388961792, 5.857022285461426, 5.855117321014404, 5.8519110679626465, 5.852392673492432, 5.853112697601318, 5.851353645324707, 5.85306978225708, 5.851593971252441, 5.847806930541992, 5.849460601806641, 5.847364902496338, 5.847762584686279, 5.84623384475708, 5.84668493270874, 5.847047328948975, 5.847762107849121, 5.843097686767578, 5.843771457672119, 5.842076301574707, 5.845919609069824, 5.845125198364258, 5.8439531326293945, 5.839554309844971, 5.843845844268799, 5.843858242034912, 5.843373775482178, 5.839730739593506, 5.844110488891602, 5.8394036293029785, 5.842658519744873, 5.842967510223389, 5.839726448059082, 5.846799373626709, 5.834193229675293, 5.842532634735107, 5.842391014099121, 5.839890480041504, 5.841406345367432, 5.842339992523193, 5.841339588165283, 5.850275039672852, 5.843845844268799, 5.844297409057617, 5.84521484375, 5.851922988891602, 5.850754261016846, 5.85254430770874, 