{"experiment": "experiment_39", "config": {"experiment": "experiment_39", "seed": 42, "encoder_architecture": {"name": "ResNet50"}, "pretraining": {"training": true, "batch_size": 256, "num_workers_loader": 4, "max_epochs": 500, "projection": {"use_projection": true, "hidden_layer_sizes": "None", "projection_dimension": 128}, "loss": {"name": "WeightedNTXent", "loss_config": {"temperature": 0.1, "weight": "GaussianWeight", "weight_normalization": "negatives_constant_total_weight", "weight_config": {"sigma": 0.5, "mean": "RandomParam", "mean_config": {"begin": -0.6, "end": 0.6, "factor": 0.98, "steps": 500}, "b_l": -1, "b_u": 1}}}, "optimizer": {"name": "Adam", "config": {"lr": 0.001, "weight_decay": 1e-06}}, "dataset": {"name": "Cifar10", "transforms": {"RandomResizedCrop": {"size": "32,32", "scale": "0.08,1.0", "ratio": "0.75,1.3333333333"}, "RandomHorizontalFlip": {"p": 0.5}, "ColorJitter": {"brightness": 0.4, "contrast": 0.4, "saturation": 0.4, "hue": 0.1, "prob": 0.8}, "RandomGrayscale": {"p": 0.2}, "GaussianBlur": {"kernel_size": 3, "prob": 0.5}}}, "model_dimension": {"embedding_dimension": 2048}}, "testing": {"testing": true, "testing_every_n_epochs": 100, "batch_size": 256, "num_workers_loader": 0, "max_epochs": 60, "dataset": {"val_percentage": 0.1, "name": "Cifar10"}, "optimizer": {"lr": 0.001}, "param_tuning": {"log_min": -6, "log_max": -1, "n_steps": 5}}}, "average_training_loss_per_epoch": [3.642022132873535, 5.029465198516846, 4.248800754547119, 4.24927282333374, 2.339766025543213, 2.4019691944122314, 1.6353009939193726, 4.275866508483887, 2.991382598876953, 4.164801120758057, 3.4331936836242676, 2.460496664047241, 3.8897318840026855, 3.2489235401153564, 1.895034670829773, 2.136310577392578, 3.0317649841308594, 1.9644927978515625, 1.4196836948394775, 3.58241868019104, 1.4181528091430664, 1.6092016696929932, 2.478188991546631, 2.9430534839630127, 1.0682564973831177, 2.403226137161255, 3.0834848880767822, 2.9878084659576416, 1.2115899324417114, 1.6624573469161987, 1.24453866481781, 1.3804806470870972, 1.7872412204742432, 0.9423863887786865, 2.144103527069092, 1.731059193611145, 1.1490157842636108, 1.5469943284988403, 1.0712037086486816, 1.6103230714797974, 1.3578966856002808, 2.9052493572235107, 2.4236690998077393, 2.194439172744751, 2.6791324615478516, 2.2761728763580322, 2.583402395248413, 2.1169466972351074, 1.4185943603515625, 1.9147322177886963, 1.9184454679489136, 2.246020555496216, 2.0991902351379395, 0.9178797006607056, 1.329490303993225, 1.3972879648208618, 2.282785177230835, 1.2106083631515503, 2.2741663455963135, 1.806045651435852, 0.8188658356666565, 1.3048076629638672, 1.4523308277130127, 1.240983486175537, 0.9906184077262878, 1.0645649433135986, 2.096369743347168, 2.5183844566345215, 1.8765937089920044, 1.9477659463882446, 2.0663223266601562, 0.8559550642967224, 0.8956339955329895, 1.8484753370285034, 1.2322643995285034, 1.6665501594543457, 0.8718311786651611, 1.544472336769104, 1.914739727973938, 1.9500821828842163, 1.3699759244918823, 1.8817307949066162, 1.325244665145874, 0.8711023926734924, 1.6212890148162842, 1.9605653285980225, 0.7603837251663208, 1.4117220640182495, 2.2281548976898193, 2.2803900241851807, 2.137068033218384, 1.238042950630188, 0.9858964681625366, 1.5261694192886353, 2.228126287460327, 1.608916997909546, 0.7460042834281921, 1.3471146821975708, 0.7592026591300964, 0.8476064801216125, 1.157073736190796, 2.313899278640747, 1.7752799987792969, 1.8488730192184448, 1.0531935691833496, 1.1060909032821655, 0.8217249512672424, 2.156716823577881, 1.5068148374557495, 2.2175915241241455, 1.8306456804275513, 1.3420459032058716, 2.184600591659546, 1.8535375595092773, 1.1253867149353027, 1.2671533823013306, 1.8115856647491455, 1.2107717990875244, 0.9170731902122498, 2.247023344039917, 0.9380613565444946, 1.0320501327514648, 1.5847076177597046, 1.8969967365264893, 0.7564166188240051, 1.5939245223999023, 2.019101142883301, 1.979735255241394, 0.885359525680542, 1.145228624343872, 0.8911547064781189, 0.9827450513839722, 1.2375426292419434, 0.7160085439682007, 1.4998952150344849, 1.2143027782440186, 0.8595366477966309, 1.12113356590271, 0.8208971619606018, 1.17081880569458, 1.009970784187317, 2.1097469329833984, 1.7534053325653076, 1.6099638938903809, 1.975516676902771, 1.6860859394073486, 1.9066803455352783, 1.609147548675537, 1.0884445905685425, 1.4559959173202515, 1.4551671743392944, 1.705794095993042, 1.5997501611709595, 0.7507609128952026, 1.0467103719711304, 1.099812626838684, 1.7872703075408936, 0.9722856879234314, 1.7768640518188477, 1.4233440160751343, 0.6832573413848877, 1.0499528646469116, 1.1629467010498047, 1.0025484561920166, 0.8015562295913696, 0.8723978400230408, 1.6795908212661743, 2.0051822662353516, 1.5210059881210327, 1.5802862644195557, 1.661155104637146, 0.7295681238174438, 0.7558127641677856, 1.507326364517212, 1.0275460481643677, 1.3536876440048218, 0.7452420592308044, 1.2741039991378784, 1.5712230205535889, 1.6162768602371216, 1.1460696458816528, 1.5624678134918213, 1.1021862030029297, 0.7477184534072876, 1.362608551979065, 1.6242878437042236, 0.6764972805976868, 1.181525468826294, 1.8442962169647217, 1.9173387289047241, 1.7834389209747314, 1.0512120723724365, 0.8465029001235962, 1.2926002740859985, 1.8750338554382324, 1.3421419858932495, 0.6664412617683411, 1.1406370401382446, 0.6704272627830505, 0.7481371760368347, 0.9826818108558655, 1.9449427127838135, 1.4928629398345947, 1.560605525970459, 0.9069671630859375, 0.9422321915626526, 0.7119246125221252, 1.8306125402450562, 1.2773172855377197, 1.8779388666152954, 1.5597885847091675, 1.1501046419143677, 1.8661079406738281, 1.5826375484466553, 0.9712088108062744, 1.0875554084777832, 1.5484880208969116, 1.045533537864685, 0.800519585609436, 1.9323538541793823, 0.8248018622398376, 0.8943347930908203, 1.3614506721496582, 1.6306034326553345, 0.6753619313240051, 1.3773243427276611, 1.7439650297164917, 1.708858609199524, 0.7801991701126099, 0.9961203932762146, 0.7819822430610657, 0.8562172055244446, 1.0752140283584595, 0.6350445747375488, 1.2964731454849243, 1.0539146661758423, 0.7594904899597168, 0.9811959862709045, 0.7244325280189514, 1.020040512084961, 0.8874779939651489, 1.8378316164016724, 1.527613878250122, 1.4063596725463867, 1.7247512340545654, 1.4705065488815308, 1.6678667068481445, 1.4114083051681519, 0.960759162902832, 1.2799607515335083, 1.2766913175582886, 1.498044490814209, 1.4030784368515015, 0.6782090663909912, 0.927082359790802, 0.9752244353294373, 1.5743861198425293, 0.8656519651412964, 1.5652575492858887, 1.2554808855056763, 0.6188395023345947, 0.9263123273849487, 1.0289993286132812, 0.8943942189216614, 0.7173594236373901, 0.7773674130439758, 1.4851268529891968, 1.7758220434188843, 1.3469200134277344, 1.4012072086334229, 1.4721428155899048, 0.666414737701416, 0.6815224289894104, 1.342307209968567, 0.9204878807067871, 1.2026973962783813, 0.6771560907363892, 1.1367545127868652, 1.400286078453064, 1.4387482404708862, 1.0276187658309937, 1.3948103189468384, 0.9908046722412109, 0.6808255314826965, 1.2185115814208984, 1.4494222402572632, 0.6221303939819336, 1.059436559677124, 1.654971718788147, 1.723792552947998, 1.5989097356796265, 0.953911542892456, 0.7686960101127625, 1.1629339456558228, 1.6891993284225464, 1.2076538801193237, 0.6148582696914673, 1.0295510292053223, 0.6149724125862122, 0.6828059554100037, 0.8950320482254028, 1.7633131742477417, 1.356472373008728, 1.4167288541793823, 0.8327754139900208, 0.8610121607780457, 0.6570683717727661, 1.6638290882110596, 1.1618481874465942, 1.7099769115447998, 1.4218086004257202, 1.0524743795394897, 1.7026170492172241, 1.4466475248336792, 0.8936834931373596, 0.9982202053070068, 1.4121053218841553, 0.9606973528862, 0.7400903701782227, 1.7685149908065796, 0.7657466530799866, 0.8240111470222473, 1.2448312044143677, 1.4863184690475464, 0.6313063502311707, 1.261758804321289, 1.5949342250823975, 1.5687109231948853, 0.7284960150718689, 0.9158995151519775, 0.7227100133895874, 0.7888681292533875, 