{"experiment": "experiment_33", "config": {"experiment": "experiment_33", "seed": 42, "encoder_architecture": {"name": "ResNet50"}, "pretraining": {"training": true, "batch_size": 256, "num_workers_loader": 4, "max_epochs": 500, "projection": {"use_projection": true, "hidden_layer_sizes": "None", "projection_dimension": 128}, "loss": {"name": "WeightedNTXent", "loss_config": {"temperature": 0.1, "weight": "GaussianWeight", "weight_normalization": "negatives_constant_total_weight", "weight_config": {"sigma": 0.5, "mean": "LinearParam", "mean_config": {"begin": -0.6, "end": 1, "factor": 0.98, "steps": 100}, "b_l": -1, "b_u": 1}}}, "optimizer": {"name": "Adam", "config": {"lr": 0.001, "weight_decay": 1e-06}}, "dataset": {"name": "Cifar10", "transforms": {"RandomResizedCrop": {"size": "32,32", "scale": "0.08,1.0", "ratio": "0.75,1.3333333333"}, "RandomHorizontalFlip": {"p": 0.5}, "ColorJitter": {"brightness": 0.4, "contrast": 0.4, "saturation": 0.4, "hue": 0.1, "prob": 0.8}, "RandomGrayscale": {"p": 0.2}, "GaussianBlur": {"kernel_size": 3, "prob": 0.5}}}, "model_dimension": {"embedding_dimension": 2048}}, "testing": {"testing": true, "testing_every_n_epochs": 100, "batch_size": 256, "num_workers_loader": 0, "max_epochs": 60, "dataset": {"val_percentage": 0.1, "name": "Cifar10"}, "optimizer": {"lr": 0.001}, "param_tuning": {"log_min": -6, "log_max": -1, "n_steps": 5}}}, "average_training_loss_per_epoch": [2.0376341342926025, 1.656782627105713, 1.534062147140503, 1.5316311120986938, 1.537815809249878, 1.525746464729309, 1.539484977722168, 1.5614097118377686, 1.515183448791504, 1.5321863889694214, 1.5157337188720703, 1.54000985622406, 1.550653338432312, 1.5567340850830078, 1.5652289390563965, 1.582820177078247, 1.609529733657837, 1.5982164144515991, 1.620086908340454, 1.6443979740142822, 1.6458759307861328, 1.6586045026779175, 1.6803152561187744, 1.6914265155792236, 1.708617925643921, 1.7176939249038696, 1.7464028596878052, 1.7722066640853882, 1.7591067552566528, 1.7915512323379517, 1.7957361936569214, 1.8152248859405518, 1.8355871438980103, 1.8527770042419434, 1.8754767179489136, 1.8836119174957275, 1.8784847259521484, 1.9121843576431274, 1.9099293947219849, 1.939085602760315, 1.9745259284973145, 1.9652118682861328, 1.9871735572814941, 2.0021002292633057, 2.0364198684692383, 2.0381293296813965, 2.073869228363037, 2.0642054080963135, 2.0957119464874268, 2.105700731277466, 2.149020195007324, 2.1405692100524902, 2.165362596511841, 2.171416759490967, 2.204967737197876, 2.210571765899658, 2.2207183837890625, 2.2412831783294678, 2.243807554244995, 2.270139455795288, 2.2878036499023438, 2.3000214099884033, 2.3232579231262207, 2.345283269882202, 2.360527992248535, 2.350085496902466, 2.3701369762420654, 2.3923652172088623, 2.401540517807007, 2.4094574451446533, 2.442070722579956, 2.457663059234619, 2.45987868309021, 2.490144729614258, 2.484020709991455, 2.5014054775238037, 2.532951831817627, 2.5284528732299805, 2.5639359951019287, 2.5807220935821533, 2.583080530166626, 2.591249465942383, 2.609384298324585, 2.621927261352539, 2.638770341873169, 2.6485140323638916, 2.672745943069458, 2.684544086456299, 2.706037759780884, 2.7101669311523438, 2.7230029106140137, 2.749556541442871, 2.749166488647461, 2.7599730491638184, 2.7887566089630127, 2.8023905754089355, 2.814202070236206, 2.8311734199523926, 2.8240606784820557, 2.8323094844818115, 2.8501241207122803, 2.8475208282470703, 2.826645612716675, 2.8095040321350098, 2.804717540740967, 2.8021140098571777, 2.7864906787872314, 2.789569139480591, 2.7735300064086914, 2.7587969303131104, 2.7486157417297363, 2.7282490730285645, 2.721245527267456, 2.7194814682006836, 2.685225248336792, 2.7144453525543213, 2.701838493347168, 2.689037799835205, 2.6742136478424072, 2.6915507316589355, 2.6681699752807617, 2.652278423309326, 2.659515857696533, 2.6237027645111084, 2.627326250076294, 2.6380701065063477, 2.6260972023010254, 2.5995841026306152, 2.618190050125122, 2.5942978858947754, 2.5815114974975586, 2.5883593559265137, 2.561089277267456, 2.5687150955200195, 2.569455146789551, 2.5450634956359863, 2.540057420730591, 2.5442702770233154, 2.540907621383667, 2.533673048019409, 2.5314438343048096, 2.525284767150879, 2.5378763675689697, 2.5139291286468506, 2.4935169219970703, 2.484947443008423, 2.483238935470581, 2.4870736598968506, 2.4798073768615723, 2.47566556930542, 2.474907875061035, 2.462111473083496, 2.4504542350769043, 2.4517457485198975, 2.458228349685669, 2.45234751701355, 2.451307535171509, 2.434072971343994, 2.4173943996429443, 2.4250733852386475, 2.4110493659973145, 2.4161376953125, 2.404935836791992, 2.422661781311035, 2.3880014419555664, 2.400355100631714, 2.389596700668335, 2.3755102157592773, 2.39506459236145, 2.387706756591797, 2.3795363903045654, 2.366014242172241, 2.368079900741577, 2.366023302078247, 2.361954927444458, 2.3469111919403076, 2.354318380355835, 2.3473849296569824, 2.3464229106903076, 2.3625667095184326, 2.34364914894104, 2.327760696411133, 2.326310873031616, 2.3319694995880127, 2.3254151344299316, 2.308504581451416, 2.319108009338379, 2.310978651046753, 2.3032288551330566, 2.3175690174102783, 2.290496349334717, 2.303947925567627, 2.2938098907470703, 2.302443504333496, 2.289668321609497, 2.2652158737182617, 2.3003199100494385, 2.2726171016693115, 2.2926785945892334, 2.287628173828125, 2.2485177516937256, 2.2486801147460938, 2.2392702102661133, 2.2359659671783447, 2.238187551498413, 2.2371742725372314, 2.2321932315826416, 2.238630533218384, 2.2326912879943848, 2.220397710800171, 2.2180185317993164, 2.2069413661956787, 2.204632043838501, 2.2088940143585205, 2.181029796600342, 2.213376045227051, 2.212665319442749, 2.196843385696411, 2.1897408962249756, 2.205183982849121, 2.1865718364715576, 2.1802327632904053, 2.1877200603485107, 2.162611961364746, 2.1763229370117188, 2.183945417404175, 2.1808719635009766, 2.1546778678894043, 2.175325870513916, 2.1637558937072754, 2.1499598026275635, 2.151855707168579, 2.1433029174804688, 2.1479666233062744, 2.1553425788879395, 2.131218433380127, 2.1276912689208984, 2.1384470462799072, 2.1346070766448975, 2.128291368484497, 2.127444267272949, 2.1293344497680664, 2.1416823863983154, 2.1215152740478516, 2.108701467514038, 2.101985216140747, 2.1023852825164795, 2.110647678375244, 2.1008191108703613, 2.104907274246216, 2.105546712875366, 2.095268964767456, 2.085172653198242, 2.0881083011627197, 2.0964646339416504, 2.09468150138855, 2.0964457988739014, 2.0805771350860596, 2.0671145915985107, 2.0717031955718994, 2.066898822784424, 2.0707039833068848, 2.0683000087738037, 2.0859458446502686, 2.048903226852417, 2.06447172164917, 2.0610976219177246, 2.0494706630706787, 2.0635852813720703, 2.0608553886413574, 2.0521347522735596, 2.0455617904663086, 2.0462777614593506, 2.0488760471343994, 2.0460853576660156, 2.028852701187134, 2.04510498046875, 2.0358290672302246, 2.0358457565307617, 2.0522565841674805, 2.0396978855133057, 2.0252459049224854, 2.0221102237701416, 2.0277552604675293, 2.0332958698272705, 2.0142934322357178, 2.027611017227173, 2.0185375213623047, 2.0131518840789795, 2.0290722846984863, 2.007922887802124, 2.0181994438171387, 2.0094738006591797, 2.017606019973755, 2.012787103652954, 1.9911668300628662, 2.0198705196380615, 2.0006418228149414, 2.016430139541626, 2.0133135318756104, 1.991251826286316, 1.988940954208374, 1.9808294773101807, 1.9818482398986816, 1.9832804203033447, 1.9856129884719849, 1.9782006740570068, 1.9872488975524902, 1.9827089309692383, 1.9695299863815308, 1.9741685390472412, 1.9630833864212036, 1.9604802131652832, 1.9649815559387207, 1.9460543394088745, 1.9753496646881104, 1.9737886190414429, 1.9577515125274658, 1.9544037580490112, 1.971073865890503, 1.9524613618850708, 1.951744794845581, 1.9601759910583496, 1.9371473789215088, 1.9458781480789185, 1.9615403413772583, 1.9591282606124878, 1.9338372945785522, 1.9517253637313843, 1.9451295137405396, 1.9329650402069092, 1.935074806213379, 1.9285203218460083, 1.934535026550293, 1.9411749839782715, 1.9218580722808838,