{"experiment": "experiment_C3", "config": {"experiment": "experiment_C3", "seed": 42, "encoder_architecture": {"name": "ResNet50"}, "pretraining": {"training": true, "batch_size": 256, "num_workers_loader": 4, "max_epochs": 500, "projection": {"use_projection": true, "hidden_layer_sizes": "None", "projection_dimension": 128}, "loss": {"name": "WeightedNTXent", "loss_config": {"temperature": 0.1, "weight": "GaussianWeight", "weight_normalization": "negatives_constant_total_weight", "weight_config": {"sigma": 0.5, "mean": "LinearParam", "mean_config": {"begin": 0.6, "end": 0.6, "factor": 0.99, "steps": 100}, "b_l": -1, "b_u": 1}}}, "optimizer": {"name": "Adam", "config": {"lr": 0.001, "weight_decay": 1e-06}}, "dataset": {"name": "Cifar100", "transforms": {"RandomResizedCrop": {"size": "32,32", "scale": "0.08,1.0", "ratio": "0.75,1.3333333333"}, "RandomHorizontalFlip": {"p": 0.5}, "ColorJitter": {"brightness": 0.4, "contrast": 0.4, "saturation": 0.4, "hue": 0.1, "prob": 0.8}, "RandomGrayscale": {"p": 0.2}, "GaussianBlur": {"kernel_size": 3, "prob": 0.5}}}, "model_dimension": {"embedding_dimension": 2048}}, "testing": {"testing": true, "testing_every_n_epochs": 100, "batch_size": 256, "num_workers_loader": 0, "max_epochs": 60, "dataset": {"val_percentage": 0.1, "name": "Cifar100"}, "optimizer": {"lr": 0.001}, "param_tuning": {"log_min": -6, "log_max": -1, "n_steps": 5}}}, "average_training_loss_per_epoch": [5.488234519958496, 5.055204391479492, 4.87007999420166, 4.747768402099609, 4.671329021453857, 4.573209285736084, 4.468172550201416, 4.390071868896484, 4.210404872894287, 4.108104228973389, 3.9538519382476807, 3.841799259185791, 3.755967855453491, 3.8857460021972656, 3.8899760246276855, 3.6097018718719482, 3.5293421745300293, 3.421281337738037, 3.365683078765869, 3.3339967727661133, 3.259714365005493, 3.2140469551086426, 3.213813543319702, 3.1601719856262207, 3.3875575065612793, 3.100477457046509, 3.045314073562622, 2.9921040534973145, 2.965697765350342, 2.942246198654175, 3.1468276977539062, 3.088881254196167, 2.957001209259033, 2.8885560035705566, 2.823821783065796, 2.8210949897766113, 2.746370315551758, 2.76765775680542, 2.7209532260894775, 2.7098543643951416, 2.6998932361602783, 2.6630024909973145, 2.6457602977752686, 2.6810243129730225, 2.6313934326171875, 2.593043327331543, 2.622748851776123, 2.5667011737823486, 2.5669355392456055, 2.5405359268188477, 2.5426723957061768, 2.510488986968994, 2.5009896755218506, 2.4873769283294678, 2.485098123550415, 2.45888352394104, 2.457509756088257, 2.4484505653381348, 2.408799886703491, 2.4105401039123535, 2.402100086212158, 2.396408796310425, 2.3924949169158936, 2.377514600753784, 2.3614401817321777, 2.336409091949463, 2.347327709197998, 2.3346080780029297, 2.314343214035034, 2.3007123470306396, 2.3095710277557373, 2.293856143951416, 2.2834136486053467, 2.288574457168579, 2.253481388092041, 2.2527613639831543, 2.2486050128936768, 2.2261853218078613, 2.232351779937744, 2.2373697757720947, 2.2681901454925537, 2.215588331222534, 2.2048237323760986, 2.1946635246276855, 2.1739611625671387, 2.1873457431793213, 2.1894948482513428, 2.16526460647583, 2.1669232845306396, 2.1656768321990967, 2.148561716079712, 2.1464483737945557, 2.1453897953033447, 2.1371500492095947, 2.138361930847168, 2.1257660388946533, 2.133545398712158, 2.1248936653137207, 2.106738567352295, 2.106060266494751, 2.094200372695923, 2.0914695262908936, 2.0872597694396973, 2.0642659664154053, 2.082296371459961, 2.0724494457244873, 2.0529611110687256, 2.0618083477020264, 2.06357741355896, 2.0544214248657227, 2.0377824306488037, 2.037353038787842, 2.0271904468536377, 2.0156679153442383, 2.0157599449157715, 2.0289762020111084, 2.033473014831543, 2.0210304260253906, 2.00761342048645, 2.008803367614746, 1.9946026802062988, 1.9911736249923706, 1.993985891342163, 1.9789535999298096, 1.9807240962982178, 1.9800320863723755, 1.9826362133026123, 1.9588242769241333, 1.979251742362976, 1.9583925008773804, 1.9557297229766846, 1.9560225009918213, 1.950152039527893, 1.9518729448318481, 1.9479762315750122, 1.932244896888733, 1.9420043230056763, 1.9341485500335693, 1.9398831129074097, 1.9273148775100708, 1.9264999628067017, 1.9308924674987793, 1.938995599746704, 1.9196292161941528, 1.920393943786621, 1.913767695426941, 1.8905706405639648, 1.9098670482635498, 1.893005132675171, 1.895753026008606, 1.8972843885421753, 1.9035263061523438, 1.8791078329086304, 1.8722944259643555, 1.8865365982055664, 1.8880236148834229, 1.884331226348877, 1.8818252086639404, 1.8667398691177368, 1.8737304210662842, 1.8470268249511719, 1.8457614183425903, 1.8609002828598022, 1.8558623790740967, 1.8446414470672607, 1.8573384284973145, 1.8512113094329834, 1.8404920101165771, 1.8557454347610474, 1.851132869720459, 1.8390159606933594, 1.8386508226394653, 1.8382625579833984, 1.8327207565307617, 1.8385343551635742, 1.8166426420211792, 1.8262484073638916, 1.8188576698303223, 1.8155145645141602, 1.8307898044586182, 1.8296611309051514, 1.8091052770614624, 1.8099591732025146, 1.800602912902832, 1.8077398538589478, 1.7957590818405151, 1.8058059215545654, 1.8035997152328491, 1.7955121994018555, 1.8015110492706299, 1.7759262323379517, 1.7880350351333618, 1.7830644845962524, 1.8012750148773193, 1.7938059568405151, 1.7718727588653564, 1.7930622100830078, 1.778383493423462, 1.7907748222351074, 1.7895286083221436, 1.760677695274353, 1.7568720579147339, 1.750301718711853, 1.736364722251892, 1.7491430044174194, 1.7454344034194946, 1.7360788583755493, 1.7435667514801025, 1.7484608888626099, 1.7441223859786987, 1.7302922010421753, 1.7290037870407104, 1.7213205099105835, 1.7162418365478516, 1.7206828594207764, 1.7316901683807373, 1.7382606267929077, 1.7264854907989502, 1.7204855680465698, 1.7187347412109375, 1.7110334634780884, 1.7084835767745972, 1.710698127746582, 1.702956199645996, 1.7026060819625854, 1.704046368598938, 1.7107418775558472, 1.6942092180252075, 1.7078801393508911, 1.6936755180358887, 1.692348599433899, 1.6904125213623047, 1.6873794794082642, 1.68896484375, 1.694594383239746, 1.679803490638733, 1.6878048181533813, 1.6799968481063843, 1.6840989589691162, 1.677043080329895, 1.680052638053894, 1.686046838760376, 1.695238471031189, 1.6754138469696045, 1.6788203716278076, 1.6737501621246338, 1.6538217067718506, 1.6685450077056885, 1.66196870803833, 1.6621410846710205, 1.6662492752075195, 1.6733217239379883, 1.6510123014450073, 1.6438082456588745, 1.657425045967102, 1.6590311527252197, 1.660732626914978, 1.6569546461105347, 1.6460226774215698, 1.650346040725708, 1.6282109022140503, 1.6305652856826782, 1.6443265676498413, 1.638489007949829, 1.6282265186309814, 1.6399235725402832, 1.6358989477157593, 1.6299279928207397, 1.6406878232955933, 1.6377477645874023, 1.6312263011932373, 1.6341047286987305, 1.6306716203689575, 1.626286506652832, 1.632972002029419, 1.6141375303268433, 1.6225916147232056, 1.618080496788025, 1.613659381866455, 1.6297305822372437, 1.627303957939148, 1.6123735904693604, 1.6146756410598755, 1.60238516330719, 1.6109442710876465, 1.6012945175170898, 1.6122825145721436, 1.6089462041854858, 1.6013355255126953, 1.6069555282592773, 1.5854825973510742, 1.5977725982666016, 1.5953582525253296, 1.612908124923706, 1.6037694215774536, 1.5889065265655518, 1.603613018989563, 1.5929237604141235, 1.6054813861846924, 1.6044750213623047, 1.5843920707702637, 1.5814327001571655, 1.5788421630859375, 1.5658643245697021, 1.5759680271148682, 1.5744616985321045, 1.5669490098953247, 1.575623869895935, 1.575362205505371, 1.5784205198287964, 1.5619690418243408, 1.5616976022720337, 1.5541648864746094, 1.5506259202957153, 1.555087685585022, 1.569887638092041, 1.5752615928649902, 1.5604125261306763, 1.5573158264160156, 1.5550589561462402, 1.551594853401184, 1.5484821796417236, 1.553404688835144, 1.5467065572738647, 1.5451310873031616, 1.5476399660110474, 1.5496773719787598, 1.5367298126220703, 1.5516005754470825, 1.5344960689544678, 1.5391281843185425, 1.5374150276184082, 1.5368040800094604, 1.5365352630615234, 