{"experiment": "experiment_config_example", "config": {"experiment": "experiment_config_example", "seed": 42, "encoder_architecture": {"name": "ResNet50"}, "pretraining": {"training": true, "batch_size": 256, "num_workers_loader": 4, "max_epochs": 50, "projection": {"use_projection": true, "hidden_layer_sizes": "None", "projection_dimension": 128}, "loss": {"name": "WeightedNTXent", "loss_config": {"temperature": 0.1, "weight": "GaussianWeight", "weight_normalization": "negatives_constant_total_weight", "weight_config": {"sigma": 0.75, "mean": "LinearParam", "mean_config": {"begin": -0.99, "end": 0.99, "factor": 0.99, "steps": 50}, "b_l": -1, "b_u": 1}}}, "optimizer": {"name": "Adam", "config": {"lr": 0.001, "weight_decay": 1e-06}}, "dataset": {"name": "Cifar10", "transforms": {"RandomResizedCrop": {"size": "32,32", "scale": "0.08,1.0", "ratio": "0.75,1.3333333333"}, "RandomHorizontalFlip": {"p": 0.5}, "ColorJitter": {"brightness": 0.4, "contrast": 0.4, "saturation": 0.4, "hue": 0.1, "prob": 0.8}, "RandomGrayscale": {"p": 0.2}, "GaussianBlur": {"kernel_size": 3, "prob": 0.5}}}, "model_dimension": {"embedding_dimension": 2048}}, "testing": {"testing": true, "testing_every_n_epochs": 25, "batch_size": 256, "num_workers_loader": 0, "max_epochs": 60, "dataset": {"val_percentage": 0.1, "name": "Cifar10"}, "optimizer": {"lr": 0.001}, "param_tuning": {"log_min": -6, "log_max": -1, "n_steps": 5}}}, "average_training_loss_per_epoch": [3.454005002975464, 2.640482187271118, 2.419987678527832, 2.33213472366333, 2.315988063812256, 2.2601964473724365, 2.2372183799743652, 2.2198660373687744, 2.1899430751800537, 2.1811935901641846, 2.1561596393585205, 2.170100212097168, 2.1748239994049072, 2.1721885204315186, 2.171008586883545, 2.193242073059082, 2.2045679092407227, 2.190213918685913, 2.215578079223633, 2.2373080253601074, 2.23248291015625, 2.2478272914886475, 2.261413812637329, 2.2643322944641113, 2.269890546798706, 2.2847561836242676, 2.301121711730957, 2.3070414066314697, 2.312133550643921, 2.329721689224243, 2.357332706451416, 2.3595468997955322, 2.3903894424438477, 2.401782989501953, 2.405578374862671, 2.4284160137176514, 2.415018320083618, 2.4526963233947754, 2.472337245941162, 2.471189022064209, 2.5033226013183594, 2.5244877338409424, 2.5298094749450684, 2.5454204082489014, 2.5813283920288086, 2.5830445289611816, 2.581876516342163, 2.6065597534179688, 2.6062228679656982, 2.6363766193389893], "model_scores": [0.6085000038146973, 0.6873000264167786]}