{"experiment": "experiment_19", "config": {"experiment": "experiment_19", "seed": 42, "encoder_architecture": {"name": "ResNet50"}, "pretraining": {"training": true, "batch_size": 256, "num_workers_loader": 4, "max_epochs": 500, "projection": {"use_projection": true, "hidden_layer_sizes": "None", "projection_dimension": 128}, "loss": {"name": "WeightedNTXent", "loss_config": {"temperature": 0.1, "weight": "GaussianWeight", "weight_normalization": "None", "weight_config": {"sigma": 0.25, "mean": "LinearParam", "mean_config": {"begin": -1, "end": 1, "factor": 0.99, "steps": 500}, "b_l": -1, "b_u": 1}}}, "optimizer": {"name": "Adam", "config": {"lr": 0.001, "weight_decay": 1e-06}}, "dataset": {"name": "Cifar10", "transforms": {"RandomResizedCrop": {"size": "32,32", "scale": "0.08,1.0", "ratio": "0.75,1.3333333333"}, "RandomHorizontalFlip": {"p": 0.5}, "ColorJitter": {"brightness": 0.4, "contrast": 0.4, "saturation": 0.4, "hue": 0.1, "prob": 0.8}, "RandomGrayscale": {"p": 0.2}, "GaussianBlur": {"kernel_size": 3, "prob": 0.5}}}, "model_dimension": {"embedding_dimension": 2048}}, "testing": {"testing": true, "testing_every_n_epochs": 100, "batch_size": 256, "num_workers_loader": 0, "max_epochs": 60, "dataset": {"val_percentage": 0.1, "name": "Cifar10"}, "optimizer": {"lr": 0.001}, "param_tuning": {"log_min": -6, "log_max": -1, "n_steps": 5}}}, "average_training_loss_per_epoch": [9.17519912491116e-07, 0.0, 0.0, 0.0, 0.0, 0.0, 0.0, 6.675727748373106e-10, 7.628269571569035e-09, 2.038486490718583e-09, 0.0, 0.0, 0.0, 0.0, 0.0, 0.0, 0.0, 0.0, 0.0, 0.0, 0.0, 0.0, 0.0, 0.0, 0.0, 0.0, 0.0, 0.0, 0.0, 0.0, 0.0, 0.0, 0.0, 0.0, 0.0, 0.0, 0.0, 0.0, 0.0, 0.0, 0.0, 0.0, 0.0, 0.0, 0.0, 0.0, 0.0, 0.0, 0.0, 0.0, 0.0, 0.0, 0.0, 0.0, 0.0, 0.0, 0.0, 0.0, 0.0, 0.0, 0.0, 0.0, 0.0, 0.0, 0.0, 0.0, 0.0, 0.0, 0.0, 0.0, 0.0, 0.0, 0.0, 0.0, 0.0, 0.0, 0.0, 0.0, 0.0, 0.0, 0.0, 0.0, 0.0, 0.0, 0.0, 0.0, 0.0, 0.0, 0.0, 0.0, 0.0, 0.0, 0.0, 0.0, 0.0, 0.0, 0.0, 0.0, 0.0, 0.0, 0.0, 0.0, 0.0, 0.0, 0.0, 0.0, 0.0, 0.0, 0.0, 0.0, 0.0, 0.0, 0.0, 0.0, 0.0, 0.0, 0.0, 0.0, 0.0, 0.0, 0.0, 0.0, 0.0, 0.0, 0.0, 0.0, 0.0, 0.0, 0.0, 0.0, 0.0, 0.0, 0.0, 0.0, 0.0, 0.0, 0.0, 0.0, 0.0, 0.0, 0.0, 0.0, 0.0, 0.0, 0.0, 0.0, 0.0, 0.0, 0.0, 0.0, 0.0, 0.0, 0.0, 0.0, 0.0, 0.0, 0.0, 0.0, 0.0, 0.0, 0.0, 0.0, 0.0, 0.0, 0.0, 0.0, 0.0, 0.0, 0.0, 0.0, 0.0, 0.0, 0.0, 0.0, 0.0, 0.0, 0.0, 0.0, 0.0, 0.0, 0.0, 0.0, 0.0, 0.0, 0.0, 0.0, 0.0, 0.0, 0.0, 0.0, 0.0, 0.0, 0.0, 0.0, 0.0, 0.0, 0.0, 0.0, 0.0, 0.0, 5.9509275729396904e-08, 5.9509275729396904e-08, 5.9509275729396904e-08, 5.9509275729396904e-08, 5.9509275729396904e-08, 5.9509275729396904e-08, 5.9509275729396904e-08, 1.7862322465589386e-07, 1.7862322465589386e-07, 1.7862322465589386e-07, 2.3813250038529077e-07, 2.3813250038529077e-07, 2.3813250038529077e-07, 3.571510660549393e-07, 4.166603559951909e-07, 4.1685109408717835e-07, 5.358696171242627e-07, 5.953789354862238e-07, 7.144928986235755e-07, 8.93020683179202e-07, 9.525300015411631e-07, 1.1312484957670677e-06, 1.3098717772663804e-06, 1.4883996755088447e-06, 1.7861367496152525e-06, 1.9647602584882407e-06, 2.3220065941131907e-06, 2.6791578875418054e-06, 3.0365001748577924e-06, 3.453256113061798e-06, 3.989127890235977e-06, 4.584506314131431e-06, 5.2393947953532916e-06, 6.0134029808978084e-06, 6.90651950208121e-06, 7.978275789355393e-06, 9.109523489314597e-06, 1.0359791303926613e-05, 1.1848333997477312e-05, 1.3634475180879235e-05, 1.5480198271689005e-05, 1.7742719137459062e-05, 2.0302999473642558e-05, 2.310141280759126e-05, 2.6376093956059776e-05, 3.000801552843768e-05, 3.417596235522069e-05, 3.899867442669347e-05, 4.435738082975149e-05, 5.03710652992595e-05, 5.7278219173895195e-05, 6.507804209832102e-05, 7.395002467092127e-05, 8.395341865252703e-05, 9.532603871775791e-05, 0.00010806864884216338, 0.00012241926742717624, 0.000138675284688361, 0.00015701651864219457, 0.00017767919052857906, 0.0002009635791182518, 0.00022716673265676945, 0.0002566456387285143, 0.0002898766833823174, 0.0003271593595854938, 0.00036908918991684914, 0.0004161443212069571, 0.0004689793277066201, 0.0005283097270876169, 0.0005946843302808702, 0.0006692016613669693, 0.0007526155095547438, 0.0008459872915409505, 0.0009504430927336216, 0.0010672658681869507, 0.0011977571994066238, 0.0013435647124424577, 0.0015062835300341249, 0.0016879254253581166, 0.0018904658500105143, 0.0021161616314202547, 0.002367566106840968, 0.002647424815222621, 0.002958876546472311, 0.0033051574137061834, 0.0036899931728839874, 0.004117411095649004, 0.00459190271794796, 0.005118378438055515, 0.005702110007405281, 0.006348907947540283, 0.007065251469612122, 0.00785808078944683, 0.00873506348580122, 0.009704476222395897, 0.010775410570204258, 0.011957718059420586, 0.013262158259749413, 0.014700361527502537, 0.016284983605146408, 0.018029801547527313, 0.019949564710259438, 0.022060303017497063, 0.02437928505241871, 0.026925211772322655, 0.029718084260821342, 0.03277936205267906, 0.036132171750068665, 0.039801158010959625, 0.04381265118718147, 0.048194654285907745, 0.05297711864113808, 0.0581914484500885, 0.06387113034725189, 0.07005137205123901, 0.07676903158426285, 0.0840630829334259, 0.0919736921787262, 0.10054314136505127, 0.1098145991563797, 0.11983312666416168, 0.1306450068950653, 0.14229638874530792, 0.15483543276786804, 0.16831009089946747, 0.18276800215244293, 0.19825725257396698, 0.21482457220554352, 0.23251652717590332, 0.2513766586780548, 0.27144742012023926, 0.29276856780052185, 0.31537729501724243, 0.3393063545227051, 0.3645869195461273, 0.39124199748039246, 0.41929224133491516, 0.4487546384334564, 0.47963860630989075, 0.5119486451148987, 0.5456850528717041, 0.5808400511741638, 0.617401123046875, 0.655351996421814, 0.6946678757667542, 0.7353222370147705, 0.7772806286811829, 0.8205053210258484, 0.8649518489837646, 0.9105819463729858, 0.9573379755020142, 1.005178451538086, 1.054038166999817, 1.1038697957992554, 1.1546155214309692, 1.206216812133789, 1.2586134672164917, 1.3117461204528809, 1.3655632734298706, 1.4200040102005005, 1.4750105142593384, 1.5305267572402954, 1.586504578590393, 1.642889380455017, 1.6996245384216309, 1.7566676139831543, 1.8139638900756836, 1.871482491493225, 1.9291681051254272, 1.9869840145111084, 2.044886827468872, 2.102849006652832, 2.160825729370117, 2.2187914848327637, 2.27671217918396, 2.3345553874969482, 2.392286777496338, 2.449897289276123, 2.507357120513916, 2.5646300315856934, 2.6217055320739746, 2.678558349609375, 2.7351789474487305, 2.7915399074554443, 2.847623109817505, 2.903421640396118, 2.9589107036590576, 3.014092206954956, 3.0689303874969482, 3.12343430519104, 3.177586793899536, 3.2313644886016846, 3.2847788333892822, 3.3378078937530518, 3.390451669692993, 3.4426918029785156, 3.4945218563079834, 3.545949935913086, 3.596952438354492, 3.647521495819092, 3.6976730823516846, 3.7473740577697754, 3.7966556549072266, 3.845482587814331, 3.8938446044921875, 3.9417781829833984, 3.9892337322235107, 4.036247730255127, 4.082780361175537, 4.128857612609863, 4.174461364746094, 4.219604969024658, 4.26426362991333, 4.308432102203369, 4.352151393890381, 4.39537239074707, 4.438107967376709, 4.480358123779297, 4.5221428871154785, 4.563412189483643, 4.604222297668457, 4.6445207595825195, 4.684322357177734, 4.723641395568848, 4.762483596801758, 4.800814151763916, 4.83865213394165, 4.875973224639893, 4.912823677062988, 4.949155807495117, 4.985017776489258, 5.020362377166748, 5.055204391479492, 5.089531421661377, 5.12338924407959, 5.156717300415039, 5.189553737640381, 5.221898078918457, 5.253711700439453, 5.285056114196777, 5.315878868103027, 5.346177101135254, 5.376005172729492, 5.405304431915283, 5.434109210968018, 5.462385654449463, 5.49019193649292, 5.517470836639404, 5.544229984283447, 5.570512294769287, 5.596270561218262, 5.6215057373046875, 5.646259307861328, 5.670497417449951, 5.6942243576049805, 5.71743106842041, 5.740146636962891, 5.762348651885986, 5.78402853012085, 5.805220127105713, 5.825894832611084, 5.846048831939697, 5.865701675415039, 