{"experiment": "experiment_C1", "config": {"experiment": "experiment_C1", "seed": 42, "encoder_architecture": {"name": "ResNet50"}, "pretraining": {"training": true, "batch_size": 256, "num_workers_loader": 4, "max_epochs": 500, "projection": {"use_projection": true, "hidden_layer_sizes": "None", "projection_dimension": 128}, "loss": {"name": "NTXent", "loss_config": {"temperature": 0.1, "weight": "GaussianWeight", "weight_normalization": "negatives_constant_total_weight", "weight_config": {"sigma": 0.75, "mean": "LinearParam", "mean_config": {"begin": -1, "end": 1, "factor": 0.99, "steps": 500}, "b_l": -1, "b_u": 1}}}, "optimizer": {"name": "Adam", "config": {"lr": 0.001, "weight_decay": 1e-06}}, "dataset": {"name": "Cifar100", "transforms": {"RandomResizedCrop": {"size": "32,32", "scale": "0.08,1.0", "ratio": "0.75,1.3333333333"}, "RandomHorizontalFlip": {"p": 0.5}, "ColorJitter": {"brightness": 0.4, "contrast": 0.4, "saturation": 0.4, "hue": 0.1, "prob": 0.8}, "RandomGrayscale": {"p": 0.2}, "GaussianBlur": {"kernel_size": 3, "prob": 0.5}}}, "model_dimension": {"embedding_dimension": 2048}}, "testing": {"testing": true, "testing_every_n_epochs": 100, "batch_size": 256, "num_workers_loader": 0, "max_epochs": 60, "dataset": {"val_percentage": 0.1, "name": "Cifar100"}, "optimizer": {"lr": 0.001}, "param_tuning": {"log_min": -6, "log_max": -1, "n_steps": 5}}}, "average_training_loss_per_epoch": [5.538322448730469, 4.977102756500244, 4.571029186248779, 4.217045783996582, 4.012454509735107, 3.814223527908325, 3.6327669620513916, 3.514314889907837, 3.3838093280792236, 3.308485984802246, 3.13196063041687, 3.0426278114318848, 2.9500246047973633, 2.8628666400909424, 2.7658908367156982, 2.736365556716919, 2.70042085647583, 2.631957530975342, 2.802356004714966, 2.623983383178711, 2.4836466312408447, 2.4488487243652344, 2.438800811767578, 2.6349234580993652, 2.4478766918182373, 2.3756728172302246, 2.342212438583374, 2.3083558082580566, 2.258547306060791, 2.247232675552368, 2.415450096130371, 2.5583078861236572, 2.4483675956726074, 2.3053174018859863, 2.460397720336914, 2.283975124359131, 2.1955559253692627, 2.2485737800598145, 2.2001864910125732, 2.326070547103882, 2.200251817703247, 2.1803781986236572, 2.1180782318115234, 2.089268684387207, 2.2071633338928223, 2.194230079650879, 2.202622175216675, 2.1863200664520264, 2.2248425483703613, 2.2182600498199463, 2.095550060272217, 2.0268776416778564, 1.9826788902282715, 1.9980117082595825, 2.1339406967163086, 1.99854576587677, 2.0164215564727783, 2.011209726333618, 1.954103708267212, 1.937066912651062, 1.9604865312576294, 1.9241747856140137, 1.938665509223938, 1.9098562002182007, 1.891471266746521, 1.875383734703064, 1.933407187461853, 1.8799492120742798, 1.8483171463012695, 1.8411858081817627, 1.8350715637207031, 1.8733015060424805, 1.8381874561309814, 1.8929377794265747, 1.8239904642105103, 1.808168888092041, 1.839816927909851, 1.8191397190093994, 1.809787392616272, 1.8025784492492676, 1.7925459146499634, 1.7679013013839722, 1.758858561515808, 1.7669280767440796, 1.7306009531021118, 1.7571682929992676, 1.7468717098236084, 1.7174346446990967, 1.7251328229904175, 1.7262701988220215, 1.7161400318145752, 1.704545021057129, 1.6990599632263184, 1.6894015073776245, 1.697459101676941, 1.7064117193222046, 1.6908313035964966, 1.6808360815048218, 1.666059970855713, 1.667227029800415, 1.6539825201034546, 1.6543885469436646, 1.6556826829910278, 1.6322979927062988, 1.6478668451309204, 1.6380977630615234, 1.6236026287078857, 1.6359084844589233, 1.6308568716049194, 1.6296898126602173, 1.6110879182815552, 1.6112468242645264, 1.5979714393615723, 1.5949021577835083, 1.5940014123916626, 1.6007440090179443, 1.601817011833191, 1.5933341979980469, 1.582817792892456, 1.5893034934997559, 1.567636251449585, 1.5730395317077637, 1.5758470296859741, 1.5600913763046265, 1.560488224029541, 1.5581854581832886, 1.5636637210845947, 1.540098786354065, 1.5552576780319214, 1.5419363975524902, 1.5401357412338257, 1.5406173467636108, 1.5349854230880737, 1.5320874452590942, 1.53072190284729, 1.522966742515564, 1.5233936309814453, 1.5248651504516602, 1.518033742904663, 1.5147159099578857, 1.514952540397644, 1.5173356533050537, 1.5299148559570312, 1.5101053714752197, 1.5062854290008545, 1.505183458328247, 1.4817215204238892, 1.4968162775039673, 1.4907491207122803, 1.4872900247573853, 1.4919381141662598, 1.498189091682434, 1.4798604249954224, 1.4703365564346313, 1.4831304550170898, 1.4837449789047241, 1.4834963083267212, 1.4789786338806152, 1.4686288833618164, 1.4739214181900024, 1.4491645097732544, 1.4521645307540894, 1.4628589153289795, 1.458646297454834, 1.4453232288360596, 1.452304720878601, 1.455344796180725, 1.4419517517089844, 1.4570590257644653, 1.4513846635818481, 1.4452787637710571, 1.4446946382522583, 1.4414923191070557, 1.4412200450897217, 1.444261074066162, 1.4286733865737915, 1.4320639371871948, 1.4282928705215454, 1.4260659217834473, 1.4385086297988892, 1.4360774755477905, 1.4184529781341553, 1.4194934368133545, 1.4162298440933228, 1.4184178113937378, 1.4088060855865479, 1.4144446849822998, 1.4166029691696167, 1.4056344032287598, 1.411045789718628, 1.3891969919204712, 1.4001528024673462, 1.3967245817184448, 1.4124010801315308, 1.4050545692443848, 1.389098882675171, 1.400996208190918, 1.3934465646743774, 1.4027806520462036, 1.4047836065292358, 1.379659652709961, 1.3772282600402832, 1.3767971992492676, 1.3622303009033203, 1.3738065958023071, 1.3712844848632812, 1.3604682683944702, 1.3706361055374146, 1.371280312538147, 1.3701156377792358, 1.3581863641738892, 1.3567882776260376, 1.3497627973556519, 1.3429590463638306, 1.3461744785308838, 1.3563885688781738, 1.363699197769165, 1.3499826192855835, 1.3497694730758667, 1.3494590520858765, 1.3383808135986328, 1.340143084526062, 1.341650128364563, 1.3310763835906982, 1.3354876041412354, 1.3344007730484009, 1.3401671648025513, 1.3247184753417969, 1.3426425457000732, 1.3247567415237427, 1.3247648477554321, 1.323616862297058, 1.3234610557556152, 1.3219753503799438, 1.323600172996521, 1.3154582977294922, 1.3197461366653442, 1.314730167388916, 1.3207229375839233, 1.3142294883728027, 1.3169708251953125, 1.3173540830612183, 1.332742691040039, 1.3135302066802979, 1.310011625289917, 1.3107670545578003, 1.2912342548370361, 1.3059511184692383, 1.3026851415634155, 1.3004401922225952, 1.3049982786178589, 1.3126176595687866, 1.2945705652236938, 1.2858301401138306, 1.3005589246749878, 1.3003793954849243, 1.2977583408355713, 1.2962212562561035, 1.2887552976608276, 1.2957133054733276, 1.2733021974563599, 1.277336597442627, 1.2861441373825073, 1.2813831567764282, 1.2740659713745117, 1.2788962125778198, 1.283299446105957, 1.2693254947662354, 1.2854773998260498, 1.2819169759750366, 1.2782230377197266, 1.2803316116333008, 1.277601718902588, 1.273475170135498, 1.2806934118270874, 1.2649062871932983, 1.2730047702789307, 1.2670927047729492, 1.2636479139328003, 1.2779475450515747, 1.2743195295333862, 1.2605592012405396, 1.2612147331237793, 1.2584788799285889, 1.258007287979126, 1.253731608390808, 1.2587463855743408, 1.2628870010375977, 1.2511738538742065, 1.2578500509262085, 1.241614580154419, 1.2493082284927368, 1.2502857446670532, 1.2623016834259033, 1.2583792209625244, 1.2406893968582153, 1.2546013593673706, 1.2475061416625977, 1.2597312927246094, 1.2581263780593872, 1.2414377927780151, 1.2389012575149536, 1.2386029958724976, 1.227781057357788, 1.2393079996109009, 1.2358372211456299, 1.229053258895874, 1.2382436990737915, 1.2372033596038818, 1.24019193649292, 1.2234339714050293, 1.2253727912902832, 1.2171629667282104, 1.2145639657974243, 1.2169528007507324, 1.2297260761260986, 1.2338175773620605, 1.221389651298523, 1.2231305837631226, 1.223024606704712, 1.2158745527267456, 1.2152384519577026, 1.2171292304992676, 1.2104941606521606, 1.2109616994857788, 1.2144770622253418, 1.2175209522247314, 1.2050620317459106, 1.2225825786590576, 1.2033315896987915, 1.2077884674072266, 1.2060174942016602, 1.204909086227417, 