{"experiment": "experiment_36", "config": {"experiment": "experiment_36", "seed": 42, "encoder_architecture": {"name": "ResNet50"}, "pretraining": {"training": true, "batch_size": 256, "num_workers_loader": 4, "max_epochs": 500, "projection": {"use_projection": true, "hidden_layer_sizes": "None", "projection_dimension": 128}, "loss": {"name": "WeightedNTXent", "loss_config": {"temperature": 0.1, "weight": "GaussianWeight", "weight_normalization": "negatives_constant_total_weight", "weight_config": {"sigma": 0.5, "mean": "LinearParam", "mean_config": {"begin": 0.6, "end": -0.6, "factor": 0.98, "steps": 500}, "b_l": -1, "b_u": 1}}}, "optimizer": {"name": "Adam", "config": {"lr": 0.001, "weight_decay": 1e-06}}, "dataset": {"name": "Cifar10", "transforms": {"RandomResizedCrop": {"size": "32,32", "scale": "0.08,1.0", "ratio": "0.75,1.3333333333"}, "RandomHorizontalFlip": {"p": 0.5}, "ColorJitter": {"brightness": 0.4, "contrast": 0.4, "saturation": 0.4, "hue": 0.1, "prob": 0.8}, "RandomGrayscale": {"p": 0.2}, "GaussianBlur": {"kernel_size": 3, "prob": 0.5}}}, "model_dimension": {"embedding_dimension": 2048}}, "testing": {"testing": true, "testing_every_n_epochs": 100, "batch_size": 256, "num_workers_loader": 0, "max_epochs": 60, "dataset": {"val_percentage": 0.1, "name": "Cifar10"}, "optimizer": {"lr": 0.001}, "param_tuning": {"log_min": -6, "log_max": -1, "n_steps": 5}}}, "average_training_loss_per_epoch": [5.494984149932861, 5.0686869621276855, 4.887874603271484, 4.7864179611206055, 4.672786235809326, 4.541733264923096, 4.424248695373535, 4.2946085929870605, 4.1303911209106445, 4.004972457885742, 3.8676624298095703, 3.7709643840789795, 3.679922103881836, 3.5813703536987305, 3.496218681335449, 3.434739351272583, 3.378300905227661, 3.31127667427063, 3.253025531768799, 3.2098677158355713, 3.141178846359253, 3.0922634601593018, 3.041144371032715, 2.9871339797973633, 2.9469540119171143, 2.9059011936187744, 2.883565664291382, 2.8459267616271973, 2.7952828407287598, 2.7689874172210693, 2.730032205581665, 2.712844133377075, 2.6897737979888916, 2.667677402496338, 2.6390955448150635, 2.597686767578125, 2.5686614513397217, 2.570072889328003, 2.514490842819214, 2.5163865089416504, 2.5015268325805664, 2.460627555847168, 2.4439961910247803, 2.426698684692383, 2.4239144325256348, 2.3960769176483154, 2.394296407699585, 2.346111536026001, 2.345564603805542, 2.320692300796509, 2.3303909301757812, 2.297706127166748, 2.2779645919799805, 2.269049882888794, 2.2542591094970703, 2.2324612140655518, 2.2178802490234375, 2.2089955806732178, 2.1828532218933105, 2.1747286319732666, 2.160585880279541, 2.155174970626831, 2.145334243774414, 2.141544818878174, 2.123946189880371, 2.088770866394043, 2.0871169567108154, 2.081108570098877, 2.0613059997558594, 2.048311471939087, 2.048882246017456, 2.0378425121307373, 2.0145294666290283, 2.0159521102905273, 1.9970996379852295, 1.9902390241622925, 1.99209463596344, 1.9653048515319824, 1.9724273681640625, 1.9709224700927734, 1.9458847045898438, 1.9307540655136108, 1.9324908256530762, 1.9185179471969604, 1.9118390083312988, 1.8992595672607422, 1.89759361743927, 1.88229501247406, 1.8864322900772095, 1.871206283569336, 1.861906886100769, 1.8621604442596436, 1.8429378271102905, 1.8355194330215454, 1.8454493284225464, 1.8291664123535156, 1.8218904733657837, 1.8169559240341187, 1.801012396812439, 1.7906781435012817, 1.7847967147827148, 1.7815005779266357, 1.7687830924987793, 1.7527170181274414, 1.7600829601287842, 1.7551147937774658, 1.7424830198287964, 1.7497355937957764, 1.7368415594100952, 1.721377968788147, 1.7192227840423584, 1.7019866704940796, 1.6942154169082642, 1.7021925449371338, 1.67660391330719, 1.6908410787582397, 1.6875232458114624, 1.676076054573059, 1.665297508239746, 1.6751670837402344, 1.6548644304275513, 1.6413044929504395, 1.643975019454956, 1.6269049644470215, 1.6286824941635132, 1.632201910018921, 1.6281315088272095, 1.6039509773254395, 1.6199246644973755, 1.6044304370880127, 1.59171724319458, 1.5911015272140503, 1.5757845640182495, 1.5841748714447021, 1.575130581855774, 1.5558226108551025, 1.558505892753601, 1.5630897283554077, 1.5507183074951172, 1.5462439060211182, 1.5446655750274658, 1.5363094806671143, 1.5503593683242798, 1.525119662284851, 1.519589900970459, 1.506258249282837, 1.5018904209136963, 1.5085307359695435, 1.497052550315857, 1.4919321537017822, 1.4941551685333252, 1.4870672225952148, 1.4733980894088745, 1.472366213798523, 1.4749104976654053, 1.4700348377227783, 1.4727624654769897, 1.4559087753295898, 1.442696213722229, 1.4434001445770264, 1.4375, 1.4380440711975098, 1.433390498161316, 1.4382632970809937, 1.4091647863388062, 1.4193509817123413, 1.4108597040176392, 1.4007668495178223, 1.4161180257797241, 1.408934235572815, 1.3932510614395142, 1.3858815431594849, 1.3912209272384644, 1.385208010673523, 1.3800307512283325, 1.363775610923767, 1.374381422996521, 1.3657783269882202, 1.358336091041565, 1.3761706352233887, 1.3647736310958862, 1.349376916885376, 1.342898964881897, 1.3490502834320068, 1.3492076396942139, 1.326718807220459, 1.3375154733657837, 1.3243764638900757, 1.3152260780334473, 1.3248437643051147, 1.309717059135437, 1.3180404901504517, 1.3094931840896606, 1.305068016052246, 1.3019200563430786, 1.280664086341858, 1.3022193908691406, 1.2865656614303589, 1.292855978012085, 1.294786810874939, 1.25600004196167, 1.2595243453979492, 1.2497491836547852, 1.2412594556808472, 1.2468526363372803, 1.243094801902771, 1.234663963317871, 1.2411019802093506, 1.2359362840652466, 1.223376750946045, 1.2267684936523438, 1.2144060134887695, 1.2078862190246582, 1.21760892868042, 1.1959545612335205, 1.2076160907745361, 1.2057600021362305, 1.2012144327163696, 1.1940034627914429, 1.2012898921966553, 1.1853327751159668, 1.1757856607437134, 1.183400273323059, 1.1700903177261353, 1.1702330112457275, 1.1768995523452759, 1.171813726425171, 1.1561084985733032, 1.1651835441589355, 1.153443694114685, 1.1469565629959106, 1.1469333171844482, 1.1395472288131714, 1.1407252550125122, 1.1404508352279663, 1.1223177909851074, 1.1263840198516846, 1.1327821016311646, 1.124545931816101, 1.1167681217193604, 1.1218087673187256, 1.112408995628357, 1.125232219696045, 1.1046843528747559, 1.104235053062439, 1.0928285121917725, 1.090071439743042, 1.0957850217819214, 1.0884805917739868, 1.0877383947372437, 1.0887644290924072, 1.0829687118530273, 1.0685158967971802, 1.0690488815307617, 1.074107050895691, 1.0735751390457153, 1.0757018327713013, 1.061718463897705, 1.0505555868148804, 1.0528831481933594, 1.046751618385315, 1.0460163354873657, 1.0492058992385864, 1.0528451204299927, 1.0258082151412964, 1.0365698337554932, 1.0291582345962524, 1.0239025354385376, 1.0363287925720215, 1.0280848741531372, 1.0189133882522583, 1.014770269393921, 1.0169100761413574, 1.014912486076355, 1.0105417966842651, 0.9939553141593933, 1.0101051330566406, 0.9991841912269592, 0.9971224069595337, 1.01142418384552, 1.0006592273712158, 0.9878376722335815, 0.9861694574356079, 0.9890320897102356, 0.9908141493797302, 0.9725112318992615, 0.984342098236084, 0.9683358669281006, 0.9666005373001099, 0.9733938574790955, 0.960180401802063, 0.9678419828414917, 0.9618712663650513, 0.954698383808136, 0.9591191411018372, 0.9418542981147766, 0.9588871598243713, 0.944397509098053, 0.9497988224029541, 0.949807345867157, 0.928361713886261, 0.9317047595977783, 0.9254086017608643, 0.9169406294822693, 0.9241986870765686, 0.918051540851593, 0.9140210151672363, 0.9173440337181091, 0.920341432094574, 0.903089165687561, 0.9106936454772949, 0.8979030251502991, 0.8913931250572205, 0.9013534188270569, 0.8811123967170715, 0.8919985890388489, 0.8909788131713867, 0.8888659477233887, 0.8869826793670654, 0.8921423554420471, 0.8776234984397888, 0.8686073422431946, 0.876708447933197, 0.866794228553772, 0.8651297688484192, 0.8726466298103333, 0.8704159259796143, 0.8541516661643982, 0.8596838116645813, 0.8520755171775818, 0.8468471765518188, 0.8467651605606079, 0.8451211452484131, 0.8432824015617371, 