{"experiment": "experiment_A4", "config": {"experiment": "experiment_A4", "seed": 42, "encoder_architecture": {"name": "ResNet50"}, "pretraining": {"training": true, "batch_size": 512, "num_workers_loader": 4, "max_epochs": 500, "projection": {"use_projection": true, "hidden_layer_sizes": "None", "projection_dimension": 128}, "loss": {"name": "NTXent", "loss_config": {"temperature": 1.0, "weight": "GaussianWeight", "weight_normalization": "negatives_constant_total_weight", "weight_config": {"sigma": 0.75, "mean": "LinearParam", "mean_config": {"begin": -1, "end": 1, "factor": 0.99, "steps": 500}, "b_l": -1, "b_u": 1}}}, "optimizer": {"name": "Adam", "config": {"lr": 0.001, "weight_decay": 1e-06}}, "dataset": {"name": "Cifar10", "transforms": {"RandomResizedCrop": {"size": "32,32", "scale": "0.08,1.0", "ratio": "0.75,1.3333333333"}, "RandomHorizontalFlip": {"p": 0.5}, "ColorJitter": {"brightness": 0.4, "contrast": 0.4, "saturation": 0.4, "hue": 0.1, "prob": 0.8}, "RandomGrayscale": {"p": 0.2}, "GaussianBlur": {"kernel_size": 3, "prob": 0.5}}}, "model_dimension": {"embedding_dimension": 2048}}, "testing": {"testing": true, "testing_every_n_epochs": 100, "batch_size": 256, "num_workers_loader": 0, "max_epochs": 60, "dataset": {"val_percentage": 0.1, "name": "Cifar10"}, "optimizer": {"lr": 0.001}, "param_tuning": {"log_min": -6, "log_max": -1, "n_steps": 5}}}, "average_training_loss_per_epoch": [6.610497951507568, 6.490988731384277, 6.468068599700928, 6.434916973114014, 6.414929389953613, 6.402299404144287, 6.389811038970947, 6.379361152648926, 6.368564605712891, 6.3617143630981445, 6.351871967315674, 6.353954315185547, 6.343684196472168, 6.338789939880371, 6.331788063049316, 6.324432373046875, 6.320372104644775, 6.317849159240723, 6.3113179206848145, 6.308051109313965, 6.3051838874816895, 6.299988746643066, 6.299633979797363, 6.298656940460205, 6.2929863929748535, 6.2904558181762695, 6.290147304534912, 6.286815166473389, 6.28417444229126, 6.284766674041748, 6.282337665557861, 6.277665615081787, 6.282066345214844, 6.277144432067871, 6.276662349700928, 6.273897647857666, 6.2716193199157715, 6.26987361907959, 6.266392707824707, 6.2691144943237305, 6.269163608551025, 6.263260841369629, 6.261073112487793, 6.2593464851379395, 6.260902404785156, 6.257111072540283, 6.255527496337891, 6.2537031173706055, 6.253145217895508, 6.247924327850342, 6.25006628036499, 6.244900703430176, 6.244248867034912, 6.243428707122803, 6.243102550506592, 6.242072582244873, 6.240691184997559, 6.236179351806641, 6.236100673675537, 6.233682632446289, 6.2336344718933105, 6.233043670654297, 6.234081745147705, 6.232156276702881, 6.2309112548828125, 6.227240085601807, 6.226414203643799, 6.227901458740234, 6.22628927230835, 6.224815845489502, 6.22399377822876, 6.223612308502197, 6.22141695022583, 6.222710132598877, 6.220097541809082, 6.22081995010376, 6.218961715698242, 6.217922687530518, 6.2197418212890625, 6.219379425048828, 6.2185893058776855, 6.214857578277588, 6.218051910400391, 6.214925765991211, 6.215279579162598, 6.214448928833008, 6.213624477386475, 6.214057445526123, 6.21282958984375, 6.211490154266357, 6.210679531097412, 6.2105536460876465, 6.210442543029785, 6.208360195159912, 6.211339950561523, 6.207531929016113, 6.20801305770874, 6.2066850662231445, 6.206222057342529, 6.203507900238037, 6.204283714294434, 6.204572677612305, 6.205088138580322, 6.203336715698242, 6.2029619216918945, 6.20325231552124, 6.202272415161133, 6.202998638153076, 6.202380657196045, 6.201949596405029, 6.201891899108887, 6.200201988220215, 6.199767112731934, 6.2012763023376465, 6.197026252746582, 6.199343204498291, 6.197464942932129, 6.198480606079102, 6.197592735290527, 6.199038028717041, 6.19710111618042, 6.197293758392334, 6.197278022766113, 6.195252418518066, 6.195789813995361, 6.197080612182617, 6.195457935333252, 6.193922996520996, 6.195066928863525, 6.194866180419922, 6.193603515625, 6.194111347198486, 6.1921467781066895, 6.193702697753906, 6.19196081161499, 6.191969871520996, 6.191622734069824, 6.19326639175415, 6.1917266845703125, 6.19171142578125, 6.192012310028076, 6.190310478210449, 6.190310001373291, 6.190114974975586, 6.191110134124756, 6.18894624710083, 6.1888041496276855, 6.188581943511963, 6.189362525939941, 6.187971115112305, 6.188155651092529, 6.189366817474365, 6.187039852142334, 6.1863555908203125, 6.1886420249938965, 6.187325477600098, 6.186223983764648, 6.187717914581299, 6.18580436706543, 6.187346935272217, 6.182425498962402, 6.185739994049072, 6.184967517852783, 6.184667110443115, 6.1825737953186035, 6.18278169631958, 6.184346675872803, 6.1844682693481445, 6.184179782867432, 6.182447910308838, 6.182575702667236, 6.182766437530518, 6.1812591552734375, 6.1813130378723145, 6.181556224822998, 6.180626392364502, 6.181260108947754, 6.181957721710205, 6.178502559661865, 6.181689262390137, 6.182584762573242, 6.180236339569092, 6.179609298706055, 6.179564476013184, 6.17909574508667, 6.1794867515563965, 6.179264545440674, 6.178640842437744, 6.177412509918213, 6.178681373596191, 6.176732540130615, 6.178906440734863, 6.17761754989624, 6.178212642669678, 6.17637300491333, 6.1763505935668945, 6.177745819091797, 6.175079345703125, 6.176704406738281, 6.177638053894043, 6.175510406494141, 6.174694538116455, 6.174932479858398, 6.174721717834473, 6.174996376037598, 6.174334526062012, 6.174219608306885, 6.1741814613342285, 6.174035549163818, 6.1729512214660645, 6.173623085021973, 6.171299457550049, 6.171696662902832, 6.173083782196045, 6.1704511642456055, 6.172699928283691, 6.171044826507568, 6.17198371887207, 6.170209884643555, 6.172945499420166, 6.1707000732421875, 6.171684265136719, 6.171647548675537, 6.170312404632568, 6.170519828796387, 6.171371936798096, 6.170555114746094, 6.169106960296631, 6.1702680587768555, 6.169340133666992, 6.169310569763184, 6.170156955718994, 6.167649269104004, 6.170024394989014, 6.168697357177734, 6.168105125427246, 6.168300151824951, 6.170145511627197, 6.168196678161621, 6.167842388153076, 6.168622016906738, 6.167151927947998, 6.167795181274414, 6.167132377624512, 6.168755054473877, 6.167468547821045, 6.166563034057617, 6.165969371795654, 6.166632652282715, 6.166574954986572, 6.16621732711792, 6.167280673980713, 6.165291786193848, 6.165026664733887, 6.167192459106445, 6.165053844451904, 6.166223526000977, 6.165953159332275, 6.164862632751465, 6.166218280792236, 6.162250518798828, 6.164670467376709, 6.164553642272949, 6.164539813995361, 6.1630120277404785, 6.162392616271973, 6.164486408233643, 6.164096355438232, 6.163875102996826, 6.162500858306885, 6.163355827331543, 6.163456439971924, 6.1628336906433105, 6.1623406410217285, 6.163261890411377, 6.162945747375488, 6.163000106811523, 6.16344690322876, 6.1603498458862305, 6.162167549133301, 6.1637091636657715, 6.1625285148620605, 6.161667346954346, 6.161993980407715, 6.1610107421875, 6.161592960357666, 6.16143798828125, 6.161823749542236, 6.160562992095947, 6.161260604858398, 6.160090446472168, 6.161964416503906, 6.16004753112793, 6.160195827484131, 6.159163951873779, 6.159294605255127, 6.160956859588623, 6.158142566680908, 6.160668849945068, 6.161163330078125, 6.159688949584961, 6.158768177032471, 6.157919406890869, 6.158139228820801, 6.159571170806885, 6.15887451171875, 6.157893180847168, 6.158508777618408, 6.158473014831543, 6.15718936920166, 6.158024787902832, 6.156038284301758, 6.157594203948975, 6.158051013946533, 6.154774188995361, 6.1573662757873535, 6.156559944152832, 6.156999588012695, 6.1556525230407715, 6.15834379196167, 6.156702041625977, 6.156821250915527, 6.157038688659668, 6.15544319152832, 6.156346797943115, 6.156611919403076, 6.155399322509766, 6.155337333679199, 6.156360149383545, 6.155954837799072, 6.155264377593994, 6.155447483062744, 6.154417514801025, 6.155624866485596, 6.155019283294678, 6.154263973236084, 6.155089855194092, 6.156040191650391, 6.154765605926514, 6.154123783111572, 6.155371189117432, 6.154234886169434, 6.154170036315918, 6.154205799102783, 6.155275821685791, 6.153895854949951, 