{"experiment": "experiment_22", "config": {"experiment": "experiment_22", "seed": 42, "encoder_architecture": {"name": "ResNet50"}, "pretraining": {"training": true, "batch_size": 256, "num_workers_loader": 4, "max_epochs": 500, "projection": {"use_projection": true, "hidden_layer_sizes": "None", "projection_dimension": 128}, "loss": {"name": "WeightedNTXent", "loss_config": {"temperature": 0.1, "weight": "GaussianWeight", "weight_normalization": "negatives_constant_total_weight", "weight_config": {"sigma": 0.5, "mean": "ExponentialParam", "mean_config": {"begin": -1, "end": 1, "factor": 0.98, "steps": 500}, "b_l": -1, "b_u": 1}}}, "optimizer": {"name": "Adam", "config": {"lr": 0.001, "weight_decay": 1e-06}}, "dataset": {"name": "Cifar10", "transforms": {"RandomResizedCrop": {"size": "32,32", "scale": "0.08,1.0", "ratio": "0.75,1.3333333333"}, "RandomHorizontalFlip": {"p": 0.5}, "ColorJitter": {"brightness": 0.4, "contrast": 0.4, "saturation": 0.4, "hue": 0.1, "prob": 0.8}, "RandomGrayscale": {"p": 0.2}, "GaussianBlur": {"kernel_size": 3, "prob": 0.5}}}, "model_dimension": {"embedding_dimension": 2048}}, "testing": {"testing": true, "testing_every_n_epochs": 100, "batch_size": 256, "num_workers_loader": 0, "max_epochs": 60, "dataset": {"val_percentage": 0.1, "name": "Cifar10"}, "optimizer": {"lr": 0.001}, "param_tuning": {"log_min": -6, "log_max": -1, "n_steps": 5}}}, "average_training_loss_per_epoch": [1.0180062055587769, 0.6046663522720337, 0.6811221241950989, 0.6919359564781189, 0.7001033425331116, 0.7481276392936707, 0.7631775140762329, 0.8194669485092163, 0.86335688829422, 0.944229006767273, 1.0266220569610596, 1.1197386980056763, 1.2063605785369873, 1.2903119325637817, 1.3309742212295532, 1.4396370649337769, 1.4933489561080933, 1.5377362966537476, 1.6010732650756836, 1.6337162256240845, 1.660427451133728, 1.7098428010940552, 1.759962797164917, 1.7958307266235352, 1.8543784618377686, 1.8882360458374023, 1.9413789510726929, 1.9767614603042603, 1.9870262145996094, 2.031318187713623, 2.055823564529419, 2.099355459213257, 2.120277166366577, 2.153637647628784, 2.187760591506958, 2.201003313064575, 2.200397253036499, 2.2343413829803467, 2.2356326580047607, 2.268319845199585, 2.2885382175445557, 2.2806310653686523, 2.294764280319214, 2.3098583221435547, 2.343963384628296, 2.3340647220611572, 2.3672773838043213, 2.3423566818237305, 2.3775036334991455, 2.3811917304992676, 2.4128854274749756, 2.4125444889068604, 2.428575038909912, 2.4259424209594727, 2.4443588256835938, 2.4535748958587646, 2.452895402908325, 2.468752145767212, 2.4617302417755127, 2.474724769592285, 2.4800188541412354, 2.48921537399292, 2.4957616329193115, 2.5122101306915283, 2.509819269180298, 2.4934897422790527, 2.501504898071289, 2.509568929672241, 2.5142409801483154, 2.5089035034179688, 2.525606155395508, 2.532665729522705, 2.520021677017212, 2.540637254714966, 2.5200424194335938, 2.517336368560791, 2.5462400913238525, 2.5295023918151855, 2.5438644886016846, 2.5496160984039307, 2.549624443054199, 2.536789894104004, 2.5425329208374023, 2.544373035430908, 2.5407748222351074, 2.541140556335449, 2.551567554473877, 2.5394928455352783, 2.5556135177612305, 2.5494821071624756, 2.5470685958862305, 2.5578982830047607, 2.5426323413848877, 2.5490825176239014, 2.5577948093414307, 2.5569822788238525, 2.5565097332000732, 2.5557920932769775, 2.536952018737793, 2.532026767730713, 2.530301332473755, 2.5368425846099854, 2.531128168106079, 2.5238044261932373, 2.5306050777435303, 2.541645050048828, 2.530424118041992, 2.5410099029541016, 2.5326428413391113, 2.52103853225708, 2.517848014831543, 2.502572774887085, 2.512995481491089, 2.513788938522339, 2.49383282661438, 2.5241544246673584, 2.521409749984741, 2.5151591300964355, 2.4982686042785645, 2.526200532913208, 2.5017991065979004, 2.4866156578063965, 2.501307249069214, 2.4827373027801514, 2.484863042831421, 2.496246099472046, 2.4973607063293457, 2.472135066986084, 2.4931833744049072, 2.480329990386963, 2.4660356044769287, 2.4779767990112305, 2.4529497623443604, 2.4711484909057617, 2.4713399410247803, 2.447906970977783, 2.446829080581665, 2.457650661468506, 2.454713821411133, 2.4512152671813965, 2.447711944580078, 2.4487860202789307, 2.464552402496338, 2.442087173461914, 2.4312379360198975, 2.4231841564178467, 2.421297073364258, 2.4250338077545166, 2.419708013534546, 2.4248743057250977, 2.419386148452759, 2.4115042686462402, 2.4030234813690186, 2.4032793045043945, 2.411870002746582, 2.4077136516571045, 2.4024291038513184, 2.3967645168304443, 2.381467580795288, 2.3898165225982666, 2.3745200634002686, 2.3847148418426514, 2.3752973079681396, 2.3896946907043457, 2.3598244190216064, 2.371112108230591, 2.362039089202881, 2.3553433418273926, 2.367581367492676, 2.3642289638519287, 2.3539187908172607, 2.3420917987823486, 2.344876289367676, 2.3506698608398438, 2.3430192470550537, 2.321039915084839, 2.3361964225769043, 2.3311233520507812, 2.326674222946167, 2.351597547531128, 2.339479446411133, 2.319176435470581, 2.3097782135009766, 2.3210785388946533, 2.313586711883545, 2.299962282180786, 2.3139188289642334, 2.3016467094421387, 2.2959249019622803, 2.309068441390991, 2.2872891426086426, 2.2952158451080322, 2.291271686553955, 2.2979588508605957, 2.284907817840576, 2.265362024307251, 2.2965993881225586, 2.2692294120788574, 2.2856669425964355, 2.280486822128296, 2.243354082107544, 2.2512340545654297, 2.238724946975708, 2.232349395751953, 2.2354183197021484, 2.2405288219451904, 2.2283740043640137, 2.2367663383483887, 2.238007068634033, 2.2221059799194336, 2.221626043319702, 2.210164785385132, 2.2141942977905273, 2.2125935554504395, 2.1895997524261475, 2.216764450073242, 2.215716600418091, 2.2110509872436523, 2.1961429119110107, 2.2129251956939697, 2.1894917488098145, 2.1843411922454834, 2.19417142868042, 2.172056198120117, 2.179241895675659, 2.189574718475342, 2.1914989948272705, 2.16081166267395, 2.1849591732025146, 2.1685967445373535, 2.1615190505981445, 2.166869878768921, 2.1487321853637695, 2.1610727310180664, 2.161186456680298, 2.145343542098999, 2.1385624408721924, 2.1498446464538574, 2.1451287269592285, 2.138761043548584, 2.140515089035034, 2.1463801860809326, 2.1615395545959473, 2.135568857192993, 2.118419647216797, 2.1173572540283203, 2.1137070655822754, 2.12575626373291, 2.120802402496338, 2.117539644241333, 2.1223678588867188, 2.1104419231414795, 2.0982699394226074, 2.1034107208251953, 2.111774206161499, 2.111171245574951, 2.1101319789886475, 2.1012847423553467, 2.0853111743927, 2.092482328414917, 2.0806288719177246, 2.091634511947632, 2.0830917358398438, 2.102229118347168, 2.068485736846924, 2.0798938274383545, 2.0732479095458984, 2.0693070888519287, 2.078608989715576, 2.0813193321228027, 2.069898843765259, 2.062387466430664, 2.064199924468994, 2.068946599960327, 2.065430164337158, 2.0460007190704346, 2.0589234828948975, 2.058194160461426, 2.0542454719543457, 2.0731160640716553, 2.064021348953247, 2.0459842681884766, 2.0374858379364014, 2.0522167682647705, 2.048872232437134, 2.0308172702789307, 2.049259662628174, 2.0353708267211914, 2.0330843925476074, 2.0483767986297607, 2.024397611618042, 2.0364787578582764, 2.0264294147491455, 2.0416100025177, 2.0337107181549072, 2.0123610496520996, 2.0413310527801514, 2.017289638519287, 2.03178334236145, 2.029728651046753, 2.0091207027435303, 2.007815361022949, 2.002002000808716, 1.9990376234054565, 1.9991391897201538, 2.0054261684417725, 1.9944349527359009, 2.0007524490356445, 2.003873825073242, 1.9914534091949463, 2.000236749649048, 1.9851247072219849, 1.9862912893295288, 1.986038327217102, 1.9671447277069092, 1.993828296661377, 1.9922783374786377, 1.9862525463104248, 1.9766161441802979, 1.992505431175232, 1.9732069969177246, 1.9674012660980225, 1.9790096282958984, 1.9567515850067139, 1.9661060571670532, 1.9793815612792969, 1.9786087274551392, 1.9535188674926758, 1.9736357927322388, 1.9605443477630615, 1.9577572345733643, 1.9601480960845947, 1.9454576969146729, 1.9589914083480835, 1.9578605890274048, 