{"experiment": "experiment_1", "config": {"experiment": "experiment_1", "seed": 42, "encoder_architecture": {"name": "ResNet50"}, "pretraining": {"training": true, "batch_size": 256, "num_workers_loader": 4, "max_epochs": 500, "projection": {"use_projection": true, "hidden_layer_sizes": "None", "projection_dimension": 128}, "loss": {"name": "NTXent", "loss_config": {"temperature": 0.05, "weight": "GaussianWeight", "weight_normalization": "negatives_constant_total_weight", "weight_config": {"sigma": 0.75, "mean": "LinearParam", "mean_config": {"begin": -1, "end": 1, "factor": 0.99, "steps": 500}, "b_l": -1, "b_u": 1}}}, "optimizer": {"name": "Adam", "config": {"lr": 0.001, "weight_decay": 1e-06}}, "dataset": {"name": "Cifar10", "transforms": {"RandomResizedCrop": {"size": "32,32", "scale": "0.08,1.0", "ratio": "0.75,1.3333333333"}, "RandomHorizontalFlip": {"p": 0.5}, "ColorJitter": {"brightness": 0.4, "contrast": 0.4, "saturation": 0.4, "hue": 0.1, "prob": 0.8}, "RandomGrayscale": {"p": 0.2}, "GaussianBlur": {"kernel_size": 3, "prob": 0.5}}}, "model_dimension": {"embedding_dimension": 2048}}, "testing": {"testing": true, "testing_every_n_epochs": 100, "batch_size": 256, "num_workers_loader": 0, "max_epochs": 60, "dataset": {"val_percentage": 0.1, "name": "Cifar10"}, "optimizer": {"lr": 0.001}, "param_tuning": {"log_min": -6, "log_max": -1, "n_steps": 5}}}, "average_training_loss_per_epoch": [5.657474517822266, 5.171459197998047, 4.787714958190918, 4.438681125640869, 4.186959743499756, 3.940873384475708, 3.7342028617858887, 3.549790620803833, 3.3608455657958984, 3.2075133323669434, 3.075289011001587, 2.980834722518921, 2.8831522464752197, 2.780916213989258, 2.7042813301086426, 2.6408727169036865, 2.6034224033355713, 2.5228934288024902, 2.466005563735962, 2.4104814529418945, 2.345341682434082, 2.3066790103912354, 2.255180835723877, 2.203376531600952, 2.1579384803771973, 2.1298036575317383, 2.109827995300293, 2.0716919898986816, 2.0189685821533203, 2.004258394241333, 1.9612284898757935, 1.9551924467086792, 1.9261647462844849, 1.9027087688446045, 1.8900933265686035, 1.8665522336959839, 1.8260819911956787, 1.8276880979537964, 1.7883940935134888, 1.8152002096176147, 1.7780094146728516, 1.7377110719680786, 1.730330467224121, 1.7105315923690796, 1.7257397174835205, 1.6813281774520874, 1.6876529455184937, 1.6415534019470215, 1.6623684167861938, 1.6358463764190674, 1.644365668296814, 1.597739338874817, 1.5908772945404053, 1.5790486335754395, 1.576682686805725, 1.5602190494537354, 1.5436055660247803, 1.549161434173584, 1.5138070583343506, 1.5025665760040283, 1.5051673650741577, 1.4939883947372437, 1.4894373416900635, 1.4958828687667847, 1.48679518699646, 1.4407626390457153, 1.4471640586853027, 1.445369005203247, 1.4234905242919922, 1.4169589281082153, 1.4202181100845337, 1.409525990486145, 1.3874987363815308, 1.395959734916687, 1.3708221912384033, 1.367630958557129, 1.3760027885437012, 1.3557955026626587, 1.3600131273269653, 1.3693944215774536, 1.3466757535934448, 1.3368840217590332, 1.3406167030334473, 1.3266466856002808, 1.323732852935791, 1.3110542297363281, 1.3126951456069946, 1.293713927268982, 1.3092783689498901, 1.2870410680770874, 1.279628872871399, 1.283718466758728, 1.268715500831604, 1.2584351301193237, 1.2703462839126587, 1.2662614583969116, 1.2584954500198364, 1.26580011844635, 1.2408077716827393, 1.2320154905319214, 1.2285993099212646, 1.2305179834365845, 1.2250422239303589, 1.2139369249343872, 1.2216217517852783, 1.2133158445358276, 1.202433466911316, 1.221523642539978, 1.2092527151107788, 1.1945925951004028, 1.1979583501815796, 1.1844192743301392, 1.170561671257019, 1.1793346405029297, 1.1610565185546875, 1.1909852027893066, 1.1921385526657104, 1.1654000282287598, 1.1605817079544067, 1.160438060760498, 1.1472667455673218, 1.1356375217437744, 1.1457290649414062, 1.1397464275360107, 1.1400436162948608, 1.1433497667312622, 1.1430505514144897, 1.1472465991973877, 1.138112187385559, 1.121027946472168, 1.111210584640503, 1.125256896018982, 1.0939801931381226, 1.1045844554901123, 1.1069878339767456, 1.0901211500167847, 1.0910983085632324, 1.0959266424179077, 1.090545892715454, 1.087022066116333, 1.0933425426483154, 1.0845575332641602, 1.0993603467941284, 1.0826457738876343, 1.0714643001556396, 1.0614285469055176, 1.0696254968643188, 1.0757291316986084, 1.0624501705169678, 1.0588464736938477, 1.0727068185806274, 1.0599452257156372, 1.0463768243789673, 1.055402159690857, 1.064507246017456, 1.05842924118042, 1.059529185295105, 1.0433601140975952, 1.023125410079956, 1.0386015176773071, 1.0328813791275024, 1.0330431461334229, 1.0326908826828003, 1.040197491645813, 1.0118272304534912, 1.0260721445083618, 1.018256664276123, 1.0073786973953247, 1.0220297574996948, 1.0212904214859009, 1.020052433013916, 1.0058192014694214, 1.0098741054534912, 1.0123878717422485, 1.0047599077224731, 0.9931069016456604, 1.0082322359085083, 1.001835584640503, 0.9904404878616333, 1.008691430091858, 0.9951528906822205, 0.9930586814880371, 0.9844111800193787, 1.001610517501831, 0.9928520321846008, 0.9710835814476013, 0.9952099323272705, 0.9776281118392944, 0.9732669591903687, 0.992712676525116, 0.965610921382904, 0.9772723317146301, 0.9725664258003235, 0.9755328297615051, 0.9751800894737244, 0.951022744178772, 0.9784535765647888, 0.9648148417472839, 0.9750074148178101, 0.9692408442497253, 0.9381112456321716, 0.9348665475845337, 0.9357293844223022, 0.9275115728378296, 0.9340370297431946, 0.9273701310157776, 0.9237222075462341, 0.9351550936698914, 0.9351831078529358, 0.9210801720619202, 0.9259283542633057, 0.9182630181312561, 0.9014689922332764, 0.9187144041061401, 0.8997290730476379, 0.9213724732398987, 0.9254799485206604, 0.9112057685852051, 0.9084382653236389, 0.9148669242858887, 0.9048470258712769, 0.8924059867858887, 0.9068650007247925, 0.8960084915161133, 0.8964003920555115, 0.9079225659370422, 0.9066010117530823, 0.8875607252120972, 0.9013498425483704, 0.8932750225067139, 0.8846564888954163, 0.8968268036842346, 0.8803945183753967, 0.8844995498657227, 0.8904734253883362, 0.8708904981613159, 0.881869912147522, 0.8903523683547974, 0.8808355331420898, 0.8765425086021423, 0.8827405571937561, 0.874459445476532, 0.8873457908630371, 0.8705616593360901, 0.8663432598114014, 0.8603302240371704, 0.8705896735191345, 0.8738685250282288, 0.8658618927001953, 0.8629740476608276, 0.8716429471969604, 0.8620241284370422, 0.851699948310852, 0.8550815582275391, 0.8628970384597778, 0.8595726490020752, 0.8722203969955444, 0.8539043664932251, 0.8389514088630676, 0.8514231443405151, 0.8512433767318726, 0.8483197689056396, 0.8543933033943176, 0.8559978008270264, 0.8321654796600342, 0.8463878631591797, 0.8400977253913879, 0.8314996361732483, 0.8430208563804626, 0.8424496054649353, 0.8457234501838684, 0.8362439870834351, 0.8391391634941101, 0.8482733368873596, 0.8404659628868103, 0.8236711621284485, 0.8401044011116028, 0.8366879820823669, 0.8275007009506226, 0.8469650745391846, 0.8339765071868896, 0.82503741979599, 0.8262127637863159, 0.8362836837768555, 0.8333693146705627, 0.8169519305229187, 0.8345973491668701, 0.8201340436935425, 0.8196442723274231, 0.8334088921546936, 0.8148385882377625, 0.8232766389846802, 0.8204485177993774, 0.8225653171539307, 0.8239832520484924, 0.8017596006393433, 0.8241643905639648, 0.8136151432991028, 0.819683849811554, 0.8201122879981995, 0.8047351837158203, 0.7974736094474792, 0.796576738357544, 0.7960292100906372, 0.8002261519432068, 0.7955529093742371, 0.7920668125152588, 0.8010028004646301, 0.8026547431945801, 0.7905914187431335, 0.7971646785736084, 0.792350709438324, 0.7771098613739014, 0.7908492684364319, 0.7703441977500916, 0.7946651577949524, 0.7939425706863403, 0.7831664681434631, 0.7880147099494934, 0.7888314127922058, 0.7799595594406128, 0.7722011804580688, 0.7863806486129761, 0.7784932851791382, 0.7796675562858582, 0.7876730561256409, 0.7851017117500305, 0.767301619052887, 0.7779414653778076, 0.7720138430595398, 0.768349826335907, 0.7820083498954773, 