{"experiment": "experiment_28", "config": {"experiment": "experiment_28", "seed": 42, "encoder_architecture": {"name": "ResNet50"}, "pretraining": {"training": true, "batch_size": 256, "num_workers_loader": 4, "max_epochs": 500, "projection": {"use_projection": true, "hidden_layer_sizes": "None", "projection_dimension": 128}, "loss": {"name": "WeightedNTXent", "loss_config": {"temperature": 0.1, "weight": "GaussianWeight", "weight_normalization": "negatives_constant_total_weight", "weight_config": {"sigma": 0.5, "mean": "LinearParam", "mean_config": {"begin": 0.4, "end": 0.4, "factor": 0.98, "steps": 500}, "b_l": -1, "b_u": 1}}}, "optimizer": {"name": "Adam", "config": {"lr": 0.001, "weight_decay": 1e-06}}, "dataset": {"name": "Cifar10", "transforms": {"RandomResizedCrop": {"size": "32,32", "scale": "0.08,1.0", "ratio": "0.75,1.3333333333"}, "RandomHorizontalFlip": {"p": 0.5}, "ColorJitter": {"brightness": 0.4, "contrast": 0.4, "saturation": 0.4, "hue": 0.1, "prob": 0.8}, "RandomGrayscale": {"p": 0.2}, "GaussianBlur": {"kernel_size": 3, "prob": 0.5}}}, "model_dimension": {"embedding_dimension": 2048}}, "testing": {"testing": true, "testing_every_n_epochs": 100, "batch_size": 256, "num_workers_loader": 0, "max_epochs": 60, "dataset": {"val_percentage": 0.1, "name": "Cifar10"}, "optimizer": {"lr": 0.001}, "param_tuning": {"log_min": -6, "log_max": -1, "n_steps": 5}}}, "average_training_loss_per_epoch": [5.1501688957214355, 4.726717948913574, 4.524483680725098, 4.3777384757995605, 4.252106666564941, 4.093779563903809, 3.9572699069976807, 3.822848320007324, 3.670372724533081, 3.5634562969207764, 3.436305522918701, 3.362459659576416, 3.2899985313415527, 3.2037391662597656, 3.1319262981414795, 3.084150552749634, 3.0457656383514404, 2.9783780574798584, 2.9358928203582764, 2.8987653255462646, 2.840519666671753, 2.8126566410064697, 2.762122869491577, 2.724280834197998, 2.695220947265625, 2.6653435230255127, 2.6478140354156494, 2.615333318710327, 2.5738179683685303, 2.5486865043640137, 2.523226022720337, 2.5056166648864746, 2.4964888095855713, 2.4756009578704834, 2.4513676166534424, 2.419301986694336, 2.3930625915527344, 2.40250563621521, 2.3535284996032715, 2.367311477661133, 2.3523318767547607, 2.3117504119873047, 2.304980754852295, 2.2882258892059326, 2.2998290061950684, 2.271825075149536, 2.277724266052246, 2.2334933280944824, 2.2341129779815674, 2.20880126953125, 2.2267889976501465, 2.198122978210449, 2.1809122562408447, 2.174887180328369, 2.167849540710449, 2.1536474227905273, 2.138245105743408, 2.134413480758667, 2.1112167835235596, 2.1101603507995605, 2.103166341781616, 2.095334529876709, 2.0880091190338135, 2.0869107246398926, 2.072122812271118, 2.044250249862671, 2.045048236846924, 2.0443904399871826, 2.031045436859131, 2.0167160034179688, 2.0154974460601807, 2.0165836811065674, 1.9927978515625, 1.997989535331726, 1.978928565979004, 1.9749438762664795, 1.9791508913040161, 1.9619157314300537, 1.966842532157898, 1.968338131904602, 1.9544548988342285, 1.9424734115600586, 1.9388988018035889, 1.9340225458145142, 1.9312187433242798, 1.9190090894699097, 1.9210187196731567, 1.911307454109192, 1.915727972984314, 1.8990727663040161, 1.8970168828964233, 1.896219253540039, 1.8913118839263916, 1.8737297058105469, 1.8873533010482788, 1.8764498233795166, 1.8699455261230469, 1.869091272354126, 1.8568167686462402, 1.8459672927856445, 1.8471317291259766, 1.845436692237854, 1.8344929218292236, 1.8264963626861572, 1.8343422412872314, 1.8314021825790405, 1.8200832605361938, 1.829284429550171, 1.8207954168319702, 1.8096898794174194, 1.804094672203064, 1.7891666889190674, 1.7910704612731934, 1.798876404762268, 1.778095006942749, 1.7937713861465454, 1.7944139242172241, 1.7834367752075195, 1.7733627557754517, 1.7914037704467773, 1.770103096961975, 1.7617143392562866, 1.7693874835968018, 1.7514300346374512, 1.7539265155792236, 1.7603563070297241, 1.758446455001831, 1.7360872030258179, 1.7505003213882446, 1.7419447898864746, 1.7320770025253296, 1.7360576391220093, 1.718795657157898, 1.7309129238128662, 1.7283657789230347, 1.7121299505233765, 1.7079062461853027, 1.7186006307601929, 1.7118386030197144, 1.7047351598739624, 1.7097423076629639, 1.70648193359375, 1.7199387550354004, 1.7002873420715332, 1.6915115118026733, 1.6854770183563232, 1.6787110567092896, 1.6876814365386963, 1.6812037229537964, 1.6768300533294678, 1.6848112344741821, 1.6777127981185913, 1.665162444114685, 1.6643015146255493, 1.6700102090835571, 1.6705856323242188, 1.6732609272003174, 1.65547513961792, 1.6454626321792603, 1.6556448936462402, 1.6449605226516724, 1.6513519287109375, 1.6454399824142456, 1.6565840244293213, 1.630578637123108, 1.6403930187225342, 1.634069561958313, 1.6233717203140259, 1.6407337188720703, 1.6369214057922363, 1.6253292560577393, 1.6178191900253296, 1.6189943552017212, 1.6238434314727783, 1.6199895143508911, 1.604716420173645, 1.619147539138794, 1.611770749092102, 1.6097303628921509, 1.627085566520691, 1.6195036172866821, 1.6070581674575806, 1.5949392318725586, 1.6043726205825806, 1.6099352836608887, 1.586190104484558, 1.6027954816818237, 1.5930309295654297, 1.5840108394622803, 1.5988415479660034, 1.58347487449646, 1.5859899520874023, 1.5834317207336426, 1.585781216621399, 1.5838919878005981, 1.5624490976333618, 1.596686601638794, 1.5715062618255615, 1.588299036026001, 1.5858838558197021, 1.5512036085128784, 1.5543922185897827, 1.5436047315597534, 1.5407311916351318, 1.5465155839920044, 1.5469614267349243, 1.5363320112228394, 1.5461921691894531, 1.5442335605621338, 1.5330764055252075, 1.5365437269210815, 1.5240343809127808, 1.5241234302520752, 1.5350143909454346, 1.514447808265686, 1.529284954071045, 1.529675006866455, 1.520155668258667, 1.5189121961593628, 1.5304045677185059, 1.513443946838379, 1.5084811449050903, 1.5204823017120361, 1.504662036895752, 1.5081859827041626, 1.5172834396362305, 1.5172055959701538, 1.4942318201065063, 1.5061777830123901, 1.4982022047042847, 1.4953396320343018, 1.4987609386444092, 1.4883711338043213, 1.497695803642273, 1.4945725202560425, 1.4796228408813477, 1.4825655221939087, 1.4926602840423584, 1.4858484268188477, 1.4776757955551147, 1.4857951402664185, 1.4827184677124023, 1.4981218576431274, 1.4794750213623047, 1.473562479019165, 1.4663357734680176, 1.4628537893295288, 1.4762581586837769, 1.470016360282898, 1.4656312465667725, 1.4696006774902344, 1.4642645120620728, 1.4540714025497437, 1.4595756530761719, 1.4627251625061035, 1.467628002166748, 1.4666132926940918, 1.4519519805908203, 1.4458403587341309, 1.450724482536316, 1.4445253610610962, 1.4481221437454224, 1.451239824295044, 1.458404541015625, 1.4323240518569946, 1.44206964969635, 1.4378870725631714, 1.4291253089904785, 1.4447230100631714, 1.4453030824661255, 1.4353677034378052, 1.4306681156158447, 1.4310121536254883, 1.4403507709503174, 1.432498574256897, 1.4168062210083008, 1.4343963861465454, 1.4278032779693604, 1.4277104139328003, 1.4406040906906128, 1.4356367588043213, 1.4241982698440552, 1.4164838790893555, 1.4240272045135498, 1.4290639162063599, 1.4095821380615234, 1.4263745546340942, 1.4131791591644287, 1.4130500555038452, 1.4227107763290405, 1.4075217247009277, 1.41294264793396, 1.4098600149154663, 1.4144779443740845, 1.415457010269165, 1.3923442363739014, 1.4237346649169922, 1.4004254341125488, 1.417659044265747, 1.4163235425949097, 1.3939224481582642, 1.3952645063400269, 1.3891640901565552, 1.3877893686294556, 1.3911495208740234, 1.390243649482727, 1.3834471702575684, 1.3921191692352295, 1.3943125009536743, 1.3821210861206055, 1.3889009952545166, 1.379794716835022, 1.3771740198135376, 1.3882520198822021, 1.3673678636550903, 1.3826056718826294, 1.3819456100463867, 1.3742889165878296, 1.3738443851470947, 1.3846744298934937, 1.3677797317504883, 1.3655180931091309, 1.3763211965560913, 1.363656997680664, 1.3664147853851318, 1.378095269203186, 1.3769656419754028, 1.3542449474334717, 1.365624189376831, 1.3595815896987915, 1.3587671518325806, 1.3628218173980713, 1.3526808023452759, 