{"experiment": "experiment_16", "config": {"experiment": "experiment_16", "seed": 42, "encoder_architecture": {"name": "ResNet50"}, "pretraining": {"training": true, "batch_size": 256, "num_workers_loader": 4, "max_epochs": 500, "projection": {"use_projection": true, "hidden_layer_sizes": "None", "projection_dimension": 128}, "loss": {"name": "WeightedNTXent", "loss_config": {"temperature": 0.1, "weight": "GaussianWeight", "weight_normalization": "negatives_constant_total_weight", "weight_config": {"sigma": 0.5, "mean": "LinearParam", "mean_config": {"begin": -1, "end": 1, "factor": 0.99, "steps": 25}, "b_l": -1, "b_u": 1}}}, "optimizer": {"name": "Adam", "config": {"lr": 0.001, "weight_decay": 1e-06}}, "dataset": {"name": "Cifar10", "transforms": {"RandomResizedCrop": {"size": "32,32", "scale": "0.08,1.0", "ratio": "0.75,1.3333333333"}, "RandomHorizontalFlip": {"p": 0.5}, "ColorJitter": {"brightness": 0.4, "contrast": 0.4, "saturation": 0.4, "hue": 0.1, "prob": 0.8}, "RandomGrayscale": {"p": 0.2}, "GaussianBlur": {"kernel_size": 3, "prob": 0.5}}}, "model_dimension": {"embedding_dimension": 2048}}, "testing": {"testing": true, "testing_every_n_epochs": 100, "batch_size": 256, "num_workers_loader": 0, "max_epochs": 60, "dataset": {"val_percentage": 0.1, "name": "Cifar10"}, "optimizer": {"lr": 0.001}, "param_tuning": {"log_min": -6, "log_max": -1, "n_steps": 5}}}, "average_training_loss_per_epoch": [1.043913722038269, 0.7669135332107544, 0.8080571889877319, 0.9134467244148254, 1.0738763809204102, 1.296878457069397, 1.5494765043258667, 1.7621078491210938, 1.9603219032287598, 2.1851766109466553, 2.4040019512176514, 2.612825393676758, 2.7806143760681152, 2.9560799598693848, 3.1444852352142334, 3.3290293216705322, 3.5024659633636475, 3.6112172603607178, 3.7473528385162354, 3.903748035430908, 3.9994699954986572, 4.14354133605957, 4.239209175109863, 4.3251824378967285, 4.414806365966797, 4.491864204406738, 4.4225664138793945, 4.338134288787842, 4.245548725128174, 4.182437419891357, 4.106179237365723, 4.065929412841797, 4.011294841766357, 3.9632554054260254, 3.916203737258911, 3.8506534099578857, 3.798351287841797, 3.7878739833831787, 3.712538480758667, 3.707628011703491, 3.6700193881988525, 3.6082987785339355, 3.589371919631958, 3.5531017780303955, 3.5444231033325195, 3.4955708980560303, 3.4889161586761475, 3.4286396503448486, 3.4301633834838867, 3.380993366241455, 3.390167713165283, 3.3507168292999268, 3.3206284046173096, 3.301319122314453, 3.288719415664673, 3.2537858486175537, 3.2261791229248047, 3.2191107273101807, 3.185309648513794, 3.17108416557312, 3.1524064540863037, 3.1474485397338867, 3.1249735355377197, 3.1199543476104736, 3.0949318408966064, 3.057067394256592, 3.0511767864227295, 3.0400965213775635, 3.0192599296569824, 3.001861333847046, 2.998286008834839, 2.9855568408966064, 2.95853590965271, 2.9611921310424805, 2.918217897415161, 2.906503677368164, 2.921053647994995, 2.8899986743927, 2.893413782119751, 2.8899199962615967, 2.874882221221924, 2.8491528034210205, 2.8496346473693848, 2.8248043060302734, 2.8221828937530518, 2.809173345565796, 2.80507755279541, 2.790482521057129, 2.7949025630950928, 2.773613691329956, 2.7614994049072266, 2.76182222366333, 2.747880220413208, 2.7291438579559326, 2.7332262992858887, 2.722761869430542, 2.715397596359253, 2.7102105617523193, 2.6872434616088867, 2.673361301422119, 2.675934076309204, 2.671125888824463, 2.652333974838257, 2.6420438289642334, 2.6461169719696045, 2.640897274017334, 2.628685712814331, 2.6388702392578125, 2.622478485107422, 2.611741781234741, 2.604053020477295, 2.5824739933013916, 2.580216407775879, 2.58437442779541, 2.557076930999756, 2.5812854766845703, 2.57842755317688, 2.5580739974975586, 2.5473077297210693, 2.562666416168213, 2.5407986640930176, 2.53035044670105, 2.5336802005767822, 2.5110623836517334, 2.514676809310913, 2.5231449604034424, 2.5200581550598145, 2.492993116378784, 2.509305238723755, 2.499389171600342, 2.4822373390197754, 2.483245611190796, 2.4595530033111572, 2.4719033241271973, 2.466776132583618, 2.449949026107788, 2.4458115100860596, 2.4509336948394775, 2.4419310092926025, 2.434190273284912, 2.437588691711426, 2.4378347396850586, 2.4460701942443848, 2.429824113845825, 2.4015865325927734, 2.4032235145568848, 2.4018232822418213, 2.402688980102539, 2.3967301845550537, 2.388735055923462, 2.3981361389160156, 2.3845903873443604, 2.377606153488159, 2.3720202445983887, 2.3771755695343018, 2.3742454051971436, 2.3750107288360596, 2.3588314056396484, 2.346168279647827, 2.3588461875915527, 2.336463212966919, 2.345597743988037, 2.3347108364105225, 2.3511643409729004, 2.3157966136932373, 2.3253443241119385, 2.320305824279785, 2.3122925758361816, 2.328545570373535, 2.317993640899658, 2.3103268146514893, 2.300016164779663, 2.3045454025268555, 2.3053581714630127, 2.2911903858184814, 2.2722747325897217, 2.290088415145874, 2.2859015464782715, 2.2756495475769043, 2.298034906387329, 2.2855870723724365, 2.266981363296509, 2.25748348236084, 2.2654500007629395, 2.267296314239502, 2.2422280311584473, 2.2572202682495117, 2.2508792877197266, 2.2399182319641113, 2.256035089492798, 2.230712413787842, 2.2392377853393555, 2.230487585067749, 2.242335557937622, 2.229781150817871, 2.2059288024902344, 2.239894390106201, 2.2118237018585205, 2.233513593673706, 2.2259364128112793, 2.195197105407715, 2.1885554790496826, 2.176933765411377, 2.17699933052063, 2.1765360832214355, 2.177783727645874, 2.168182134628296, 2.1715192794799805, 2.1742119789123535, 2.162442684173584, 2.1640737056732178, 2.146538734436035, 2.147474527359009, 2.1514363288879395, 2.1288254261016846, 2.153963804244995, 2.1550281047821045, 2.140554428100586, 2.137051820755005, 2.1419622898101807, 2.1300902366638184, 2.123246192932129, 2.1354453563690186, 2.107697010040283, 2.119955539703369, 2.128443956375122, 2.129176378250122, 2.1000349521636963, 2.118164539337158, 2.107091188430786, 2.1018614768981934, 2.103573799133301, 2.0918378829956055, 2.097048759460449, 2.100855827331543, 2.0810678005218506, 2.082820415496826, 2.090352773666382, 2.0792582035064697, 2.0788509845733643, 2.079587459564209, 2.0835413932800293, 2.0965991020202637, 2.076917886734009, 2.0607614517211914, 2.056169033050537, 2.057767152786255, 2.066615343093872, 2.0607855319976807, 2.057894229888916, 2.0638906955718994, 2.0550713539123535, 2.0444109439849854, 2.0427775382995605, 2.051783561706543, 2.048473358154297, 2.055881977081299, 2.0444681644439697, 2.030611515045166, 2.0380373001098633, 2.028557777404785, 2.030117988586426, 2.0265114307403564, 2.044067859649658, 2.0159385204315186, 2.0251882076263428, 2.0210535526275635, 2.009408950805664, 2.0265250205993652, 2.0254838466644287, 2.020073175430298, 2.0099475383758545, 2.017251491546631, 2.0138492584228516, 2.013331651687622, 1.9898728132247925, 2.0106313228607178, 2.0059947967529297, 2.0016591548919678, 2.0176384449005127, 2.0120227336883545, 1.991841435432434, 1.9888468980789185, 1.9978899955749512, 2.0018692016601562, 1.978186845779419, 1.9944442510604858, 1.9844865798950195, 1.9797661304473877, 2.0001919269561768, 1.9759979248046875, 1.9826867580413818, 1.977018117904663, 1.9886226654052734, 1.9800306558609009, 1.9581230878829956, 1.992607831954956, 1.966280460357666, 1.98619544506073, 1.9841587543487549, 1.9652165174484253, 1.9588979482650757, 1.9536645412445068, 1.9508916139602661, 1.9552793502807617, 1.9564157724380493, 1.948930025100708, 1.9537594318389893, 1.956614375114441, 1.9451292753219604, 1.9537506103515625, 1.932793140411377, 1.9376044273376465, 1.9394596815109253, 1.9202790260314941, 1.9461679458618164, 1.9481309652328491, 1.9356027841567993, 1.9290363788604736, 1.9392648935317993, 1.9258970022201538, 1.9245898723602295, 1.9363720417022705, 1.9082167148590088, 1.9221833944320679, 1.9348276853561401, 1.9334204196929932, 1.9058178663253784, 1.9251059293746948, 1.9166259765625, 1.9141312837600708, 1.9152908325195312, 1.9051246643066406, 1.9078178405761719, 1.9107812643051147, 1.8948490619659424, 