{"experiment": "experiment_A9", "config": {"experiment": "experiment_A9", "seed": 42, "encoder_architecture": {"name": "ResNet50"}, "pretraining": {"training": true, "batch_size": 512, "num_workers_loader": 4, "max_epochs": 500, "projection": {"use_projection": true, "hidden_layer_sizes": "None", "projection_dimension": 128}, "loss": {"name": "WeightedNTXent", "loss_config": {"temperature": 0.1, "weight": "GaussianWeight", "weight_normalization": "negatives_constant_total_weight", "weight_config": {"sigma": 0.5, "mean": "LinearParam", "mean_config": {"begin": -1, "end": 1, "factor": 0.99, "steps": 125}, "b_l": -1, "b_u": 1}}}, "optimizer": {"name": "Adam", "config": {"lr": 0.001, "weight_decay": 1e-06}}, "dataset": {"name": "Cifar10", "transforms": {"RandomResizedCrop": {"size": "32,32", "scale": "0.08,1.0", "ratio": "0.75,1.3333333333"}, "RandomHorizontalFlip": {"p": 0.5}, "ColorJitter": {"brightness": 0.4, "contrast": 0.4, "saturation": 0.4, "hue": 0.1, "prob": 0.8}, "RandomGrayscale": {"p": 0.2}, "GaussianBlur": {"kernel_size": 3, "prob": 0.5}}}, "model_dimension": {"embedding_dimension": 2048}}, "testing": {"testing": true, "testing_every_n_epochs": 100, "batch_size": 256, "num_workers_loader": 0, "max_epochs": 60, "dataset": {"val_percentage": 0.1, "name": "Cifar10"}, "optimizer": {"lr": 0.001}, "param_tuning": {"log_min": -6, "log_max": -1, "n_steps": 5}}}, "average_training_loss_per_epoch": [1.5101146697998047, 0.8090463876724243, 0.7664698958396912, 0.8160386681556702, 0.8102861642837524, 0.8880037665367126, 0.8772744536399841, 0.8763006329536438, 0.8661820888519287, 0.891815185546875, 0.90696781873703, 0.9531204700469971, 0.9457564353942871, 0.9477681517601013, 0.9597213864326477, 1.007117748260498, 1.039610743522644, 1.0677200555801392, 1.0913282632827759, 1.1200257539749146, 1.1666563749313354, 1.1960744857788086, 1.224161982536316, 1.263540267944336, 1.30205500125885, 1.3130637407302856, 1.3614693880081177, 1.3630915880203247, 1.3949695825576782, 1.4323062896728516, 1.4382894039154053, 1.464707374572754, 1.5275769233703613, 1.5313876867294312, 1.5773345232009888, 1.5816011428833008, 1.6125093698501587, 1.6534148454666138, 1.6697394847869873, 1.724704384803772, 1.7636014223098755, 1.7770859003067017, 1.7959985733032227, 1.8340156078338623, 1.8808321952819824, 1.9059014320373535, 1.9463825225830078, 1.9434655904769897, 1.9972463846206665, 1.987262487411499, 2.048429012298584, 2.059046745300293, 2.0802836418151855, 2.0951457023620605, 2.129162311553955, 2.160923719406128, 2.1911189556121826, 2.190765857696533, 2.216216564178467, 2.233792543411255, 2.2607686519622803, 2.292055130004883, 2.329880952835083, 2.3447816371917725, 2.352548360824585, 2.3691086769104004, 2.396580696105957, 2.434068202972412, 2.449423313140869, 2.4807682037353516, 2.4970998764038086, 2.5167236328125, 2.524958848953247, 2.560857057571411, 2.5742347240448, 2.5893049240112305, 2.616246461868286, 2.62345027923584, 2.6662814617156982, 2.705768346786499, 2.708641290664673, 2.715148448944092, 2.7539315223693848, 2.7631750106811523, 2.7929739952087402, 2.7995364665985107, 2.8332324028015137, 2.8512303829193115, 2.8810276985168457, 2.899733543395996, 2.9093353748321533, 2.9312081336975098, 2.9502546787261963, 2.958590030670166, 2.9949047565460205, 2.983654260635376, 3.0173113346099854, 3.049600839614868, 3.053248643875122, 3.04974627494812, 3.0875487327575684, 3.106311559677124, 3.12484073638916, 3.128103494644165, 3.1530232429504395, 3.173799991607666, 3.188361644744873, 3.2152316570281982, 3.2188587188720703, 3.235218048095703, 3.259875535964966, 3.2497966289520264, 3.2812442779541016, 3.294877529144287, 3.3023362159729004, 3.3370742797851562, 3.353410243988037, 3.3603217601776123, 3.3758046627044678, 3.422191858291626, 3.4116017818450928, 3.42217755317688, 3.4455907344818115, 3.4361038208007812, 3.4649147987365723, 3.4899590015411377, 3.4763479232788086, 3.449578046798706, 3.455134630203247, 3.4373106956481934, 3.4083895683288574, 3.4218530654907227, 3.3797099590301514, 3.3846848011016846, 3.3696072101593018, 3.339454412460327, 3.3521318435668945, 3.3536622524261475, 3.316908836364746, 3.322507381439209, 3.325582504272461, 3.3125100135803223, 3.3057050704956055, 3.279766321182251, 3.273942470550537, 3.2651374340057373, 3.2561287879943848, 3.245607614517212, 3.241347551345825, 3.229512929916382, 3.2436602115631104, 3.219198703765869, 3.1961965560913086, 3.1926403045654297, 3.193915843963623, 3.185011625289917, 3.1863718032836914, 3.188932418823242, 3.1590211391448975, 3.1654767990112305, 3.1299097537994385, 3.136822462081909, 3.1360812187194824, 3.1327452659606934, 3.1036763191223145, 3.1194205284118652, 3.1053411960601807, 3.100224256515503, 3.101912498474121, 3.105527400970459, 3.095484733581543, 3.0685014724731445, 3.066812515258789, 3.0704100131988525, 3.066848039627075, 3.0375359058380127, 3.049403667449951, 3.045778751373291, 3.0213184356689453, 3.04931902885437, 3.042013168334961, 3.0122900009155273, 3.0164756774902344, 3.0195484161376953, 3.012108087539673, 2.993685007095337, 3.0031285285949707, 2.988420009613037, 2.9716947078704834, 2.9811525344848633, 2.958683729171753, 2.9678542613983154, 2.9607505798339844, 2.9669041633605957, 2.953915596008301, 2.9368069171905518, 2.9581081867218018, 2.9360268115997314, 2.9412269592285156, 2.956052780151367, 2.91631817817688, 2.9140753746032715, 2.9038853645324707, 2.8962230682373047, 2.8903250694274902, 2.89513897895813, 2.8851687908172607, 2.8834128379821777, 2.8791894912719727, 2.8685107231140137, 2.8765225410461426, 2.8404359817504883, 2.8612585067749023, 2.8562028408050537, 2.8293681144714355, 2.8511462211608887, 2.852571487426758, 2.839959144592285, 2.8311550617218018, 2.851505994796753, 2.8189737796783447, 2.82018780708313, 2.827153444290161, 2.803212881088257, 2.8029463291168213, 2.8079147338867188, 2.8109588623046875, 2.7904059886932373, 2.8016202449798584, 2.7873358726501465, 2.7756168842315674, 2.7846832275390625, 2.769415855407715, 2.7735836505889893, 2.768989324569702, 2.744105577468872, 2.7547855377197266, 2.761273145675659, 2.74448561668396, 2.7457611560821533, 2.7528350353240967, 2.758803367614746, 2.7508580684661865, 2.7289533615112305, 2.7291066646575928, 2.7244515419006348, 2.7206592559814453, 2.712697744369507, 2.7116665840148926, 2.710733413696289, 2.719510316848755, 2.7006630897521973, 2.6850268840789795, 2.6898305416107178, 2.691518783569336, 2.694208860397339, 2.6922950744628906, 2.691984176635742, 2.667327880859375, 2.6802849769592285, 2.6499521732330322, 2.660266160964966, 2.6622846126556396, 2.665454149246216, 2.6398415565490723, 2.6595325469970703, 2.6520729064941406, 2.642225742340088, 2.651238203048706, 2.651094675064087, 2.6512787342071533, 2.6242446899414062, 2.628201484680176, 2.630197763442993, 2.6278040409088135, 2.6079089641571045, 2.621112108230591, 2.6151058673858643, 2.598395586013794, 2.627847194671631, 2.6204638481140137, 2.598578691482544, 2.597546339035034, 2.59890079498291, 2.6042442321777344, 2.584845542907715, 2.596884250640869, 2.5901050567626953, 2.573984146118164, 2.583448886871338, 2.5684902667999268, 2.5774006843566895, 2.568676471710205, 2.5807974338531494, 2.5658302307128906, 2.557729721069336, 2.5755670070648193, 2.5527114868164062, 2.557765245437622, 2.582170248031616, 2.5446319580078125, 2.553750991821289, 2.541883707046509, 2.5339722633361816, 2.535788059234619, 2.540161609649658, 2.5333452224731445, 2.5271589756011963, 2.52565598487854, 2.524010419845581, 2.5338704586029053, 2.503782272338867, 2.515495538711548, 2.5153260231018066, 2.489840507507324, 2.508692741394043, 2.515681505203247, 2.4995648860931396, 2.493795394897461, 2.5208826065063477, 2.4929141998291016, 2.4936330318450928, 2.501160144805908, 2.483290672302246, 2.4882864952087402, 2.490079164505005, 2.491669178009033, 2.4783172607421875, 2.486807107925415, 2.4776010513305664, 2.4627950191497803, 2.4776060581207275, 2.461169481277466, 2.4674248695373535, 2.4631924629211426, 2.445443868637085, 