{"experiment": "experiment_A2", "config": {"experiment": "experiment_A2", "seed": 42, "encoder_architecture": {"name": "ResNet50"}, "pretraining": {"training": true, "batch_size": 512, "num_workers_loader": 4, "max_epochs": 500, "projection": {"use_projection": true, "hidden_layer_sizes": "None", "projection_dimension": 128}, "loss": {"name": "NTXent", "loss_config": {"temperature": 0.1, "weight": "GaussianWeight", "weight_normalization": "negatives_constant_total_weight", "weight_config": {"sigma": 0.75, "mean": "LinearParam", "mean_config": {"begin": -1, "end": 1, "factor": 0.99, "steps": 500}, "b_l": -1, "b_u": 1}}}, "optimizer": {"name": "Adam", "config": {"lr": 0.001, "weight_decay": 1e-06}}, "dataset": {"name": "Cifar10", "transforms": {"RandomResizedCrop": {"size": "32,32", "scale": "0.08,1.0", "ratio": "0.75,1.3333333333"}, "RandomHorizontalFlip": {"p": 0.5}, "ColorJitter": {"brightness": 0.4, "contrast": 0.4, "saturation": 0.4, "hue": 0.1, "prob": 0.8}, "RandomGrayscale": {"p": 0.2}, "GaussianBlur": {"kernel_size": 3, "prob": 0.5}}}, "model_dimension": {"embedding_dimension": 2048}}, "testing": {"testing": true, "testing_every_n_epochs": 100, "batch_size": 256, "num_workers_loader": 0, "max_epochs": 60, "dataset": {"val_percentage": 0.1, "name": "Cifar10"}, "optimizer": {"lr": 0.001}, "param_tuning": {"log_min": -6, "log_max": -1, "n_steps": 5}}}, "average_training_loss_per_epoch": [6.404789924621582, 5.921055793762207, 5.5434722900390625, 5.193867206573486, 4.937884330749512, 4.667135238647461, 4.450399875640869, 4.268422603607178, 4.0950026512146, 3.9408421516418457, 3.8350603580474854, 3.71594500541687, 3.6027705669403076, 3.564669370651245, 3.4982845783233643, 3.633636474609375, 3.78263521194458, 3.631661891937256, 3.3506429195404053, 3.253168821334839, 3.1593472957611084, 3.1140756607055664, 3.079909086227417, 3.0182108879089355, 2.9810922145843506, 2.933258056640625, 2.9267494678497314, 2.864243507385254, 2.8342065811157227, 2.840942859649658, 2.8042240142822266, 2.775270938873291, 2.7592287063598633, 2.7794790267944336, 2.7340521812438965, 2.953206777572632, 2.705049991607666, 2.6947944164276123, 2.668668508529663, 2.6883938312530518, 2.6610465049743652, 2.66611909866333, 2.609956979751587, 2.5706980228424072, 2.6268556118011475, 2.5444345474243164, 2.5323827266693115, 2.496318817138672, 2.500734329223633, 2.4534926414489746, 2.510780096054077, 2.4506661891937256, 2.4384915828704834, 2.436671495437622, 2.6093220710754395, 2.4470794200897217, 2.4095945358276367, 2.3783161640167236, 2.3629260063171387, 2.355980396270752, 2.349041700363159, 2.3432765007019043, 2.3379054069519043, 2.3527872562408447, 2.3114821910858154, 2.3153505325317383, 2.3056633472442627, 2.2930192947387695, 2.27778697013855, 2.275019645690918, 2.264371395111084, 2.2517833709716797, 2.2357258796691895, 2.238767147064209, 2.223785877227783, 2.2228333950042725, 2.216557741165161, 2.195770502090454, 2.208697557449341, 2.215726852416992, 2.19594669342041, 2.18001389503479, 2.185647964477539, 2.1685824394226074, 2.1629531383514404, 2.1479852199554443, 2.1583943367004395, 2.1489462852478027, 2.146770715713501, 2.146296262741089, 2.128866672515869, 2.1254961490631104, 2.120864152908325, 2.1082875728607178, 2.1329236030578613, 2.1224100589752197, 2.104656219482422, 2.1045920848846436, 2.0897040367126465, 2.065753698348999, 2.075782537460327, 2.0729281902313232, 2.072798013687134, 2.053835868835449, 2.0571489334106445, 2.0557520389556885, 2.04905366897583, 2.0454354286193848, 2.041966676712036, 2.030313730239868, 2.035113573074341, 2.006561279296875, 2.018062114715576, 2.012981653213501, 2.003185510635376, 2.0146148204803467, 2.0134191513061523, 2.000049352645874, 1.9868321418762207, 2.0120458602905273, 1.988863229751587, 1.98393714427948, 1.9885876178741455, 1.9653456211090088, 1.973541259765625, 1.9761762619018555, 1.9707059860229492, 1.955284833908081, 1.9643690586090088, 1.9618887901306152, 1.9340623617172241, 1.951837182044983, 1.9293545484542847, 1.9361929893493652, 1.939456820487976, 1.9126349687576294, 1.923729658126831, 1.9353206157684326, 1.9156509637832642, 1.9158285856246948, 1.9192173480987549, 1.9218016862869263, 1.914010763168335, 1.9036659002304077, 1.8986401557922363, 1.8887320756912231, 1.8982419967651367, 1.889372706413269, 1.888257622718811, 1.8855706453323364, 1.8926159143447876, 1.8839761018753052, 1.8628944158554077, 1.8678950071334839, 1.8737987279891968, 1.8758050203323364, 1.8752014636993408, 1.8701518774032593, 1.851954698562622, 1.8590160608291626, 1.8449143171310425, 1.8458545207977295, 1.850574016571045, 1.847941517829895, 1.8332970142364502, 1.8463751077651978, 1.8376346826553345, 1.8295857906341553, 1.8398598432540894, 1.8373020887374878, 1.8363001346588135, 1.8201957941055298, 1.8173080682754517, 1.8276262283325195, 1.8275941610336304, 1.8071610927581787, 1.8169499635696411, 1.8123847246170044, 1.794861912727356, 1.8233519792556763, 1.8170157670974731, 1.799957036972046, 1.7966898679733276, 1.8005032539367676, 1.7984068393707275, 1.7896085977554321, 1.795831561088562, 1.7894381284713745, 1.7760517597198486, 1.7886930704116821, 1.774082064628601, 1.7836450338363647, 1.7767115831375122, 1.7749122381210327, 1.7646125555038452, 1.761390209197998, 1.7871431112289429, 1.765467643737793, 1.7666923999786377, 1.7863680124282837, 1.7487263679504395, 1.7423961162567139, 1.7353343963623047, 1.7273489236831665, 1.7355557680130005, 1.733785629272461, 1.7266287803649902, 1.725914478302002, 1.7286131381988525, 1.7163552045822144, 1.725220799446106, 1.7026677131652832, 1.7156617641448975, 1.7150213718414307, 1.6981233358383179, 1.7146090269088745, 1.7165344953536987, 1.708281397819519, 1.7031656503677368, 1.7165998220443726, 1.6980725526809692, 1.7000629901885986, 1.7034504413604736, 1.6892132759094238, 1.6977348327636719, 1.6951777935028076, 1.6951154470443726, 1.678411841392517, 1.68600594997406, 1.689056396484375, 1.6694719791412354, 1.6838726997375488, 1.6689910888671875, 1.677386999130249, 1.674098253250122, 1.6534817218780518, 1.6630398035049438, 1.677627444267273, 1.6567192077636719, 1.6590232849121094, 1.6640548706054688, 1.6697173118591309, 1.6643884181976318, 1.6556816101074219, 1.656485676765442, 1.652033805847168, 1.6530420780181885, 1.6471632719039917, 1.6473830938339233, 1.641846776008606, 1.6486377716064453, 1.644059419631958, 1.6311906576156616, 1.6332390308380127, 1.6368016004562378, 1.6398073434829712, 1.6447820663452148, 1.6388248205184937, 1.6202324628829956, 1.6343903541564941, 1.6155325174331665, 1.6197441816329956, 1.622336745262146, 1.624037504196167, 1.6085431575775146, 1.6247873306274414, 1.6184160709381104, 1.609792709350586, 1.6199722290039062, 1.6171302795410156, 1.6180113554000854, 1.6012742519378662, 1.6070541143417358, 1.607752799987793, 1.6134276390075684, 1.5979565382003784, 1.6036680936813354, 1.5997567176818848, 1.5823345184326172, 1.6122840642929077, 1.6052790880203247, 1.5882312059402466, 1.5911078453063965, 1.5924981832504272, 1.5934871435165405, 1.5826472043991089, 1.592949628829956, 1.5865898132324219, 1.5756866931915283, 1.5836492776870728, 1.5707288980484009, 1.5783313512802124, 1.5743601322174072, 1.5764473676681519, 1.568869709968567, 1.5600992441177368, 1.585740327835083, 1.5657132863998413, 1.5710715055465698, 1.5853259563446045, 1.5626544952392578, 1.5589268207550049, 1.5516647100448608, 1.5490922927856445, 1.550621509552002, 1.5501638650894165, 1.545231819152832, 1.5449750423431396, 1.5496357679367065, 1.5398043394088745, 1.5452747344970703, 1.5254340171813965, 1.5394532680511475, 1.5361926555633545, 1.5215325355529785, 1.5378299951553345, 1.5378843545913696, 1.5318505764007568, 1.5281987190246582, 1.541663646697998, 1.5249258279800415, 1.5252432823181152, 1.5283410549163818, 1.51349937915802, 1.5230603218078613, 1.5219954252243042, 1.522353172302246, 1.5098048448562622, 1.5190958976745605, 1.518404245376587, 1.5027661323547363, 1.5177454948425293, 1.5031020641326904, 1.508935570716858, 1.5090413093566895, 