{"experiment": "experiment_9", "config": {"experiment": "experiment_9", "seed": 42, "encoder_architecture": {"name": "ResNet50"}, "pretraining": {"training": true, "batch_size": 256, "num_workers_loader": 4, "max_epochs": 500, "projection": {"use_projection": true, "hidden_layer_sizes": "None", "projection_dimension": 128}, "loss": {"name": "WeightedNTXent", "loss_config": {"temperature": 0.1, "weight": "GaussianWeight", "weight_normalization": "negatives_constant_total_weight", "weight_config": {"sigma": 0.5, "mean": "LinearParam", "mean_config": {"begin": -1, "end": 1, "factor": 0.99, "steps": 125}, "b_l": -1, "b_u": 1}}}, "optimizer": {"name": "Adam", "config": {"lr": 0.001, "weight_decay": 1e-06}}, "dataset": {"name": "Cifar10", "transforms": {"RandomResizedCrop": {"size": "32,32", "scale": "0.08,1.0", "ratio": "0.75,1.3333333333"}, "RandomHorizontalFlip": {"p": 0.5}, "ColorJitter": {"brightness": 0.4, "contrast": 0.4, "saturation": 0.4, "hue": 0.1, "prob": 0.8}, "RandomGrayscale": {"p": 0.2}, "GaussianBlur": {"kernel_size": 3, "prob": 0.5}}}, "model_dimension": {"embedding_dimension": 2048}}, "testing": {"testing": true, "testing_every_n_epochs": 100, "batch_size": 256, "num_workers_loader": 0, "max_epochs": 60, "dataset": {"val_percentage": 0.1, "name": "Cifar10"}, "optimizer": {"lr": 0.001}, "param_tuning": {"log_min": -6, "log_max": -1, "n_steps": 5}}}, "average_training_loss_per_epoch": [1.0299791097640991, 0.550787091255188, 0.5157883763313293, 0.4852329194545746, 0.4684714376926422, 0.5075033903121948, 0.5915806889533997, 0.6041806936264038, 0.6030453443527222, 0.5835670828819275, 0.5894037485122681, 0.6058816909790039, 0.642045259475708, 0.6569115519523621, 0.6781607270240784, 0.7377611994743347, 0.7427245378494263, 0.7632512450218201, 0.7878066897392273, 0.802092969417572, 0.8206660747528076, 0.8504421710968018, 0.8961897492408752, 0.9222959280014038, 0.9436333775520325, 0.9683461785316467, 1.0197901725769043, 1.0501928329467773, 1.0732558965682983, 1.108774185180664, 1.1152139902114868, 1.1391571760177612, 1.1512988805770874, 1.1694821119308472, 1.2078964710235596, 1.2380470037460327, 1.243762731552124, 1.2844043970108032, 1.2970558404922485, 1.3332098722457886, 1.3717138767242432, 1.3751654624938965, 1.3966237306594849, 1.4258432388305664, 1.464247226715088, 1.478089690208435, 1.5176746845245361, 1.5163450241088867, 1.5593981742858887, 1.5808898210525513, 1.6197834014892578, 1.6250298023223877, 1.6527260541915894, 1.6762202978134155, 1.7016254663467407, 1.7339650392532349, 1.7420817613601685, 1.7636375427246094, 1.7818633317947388, 1.805503487586975, 1.82732355594635, 1.849769115447998, 1.8760249614715576, 1.9028587341308594, 1.9215703010559082, 1.9235731363296509, 1.938225269317627, 1.971428632736206, 1.9827395677566528, 1.9942915439605713, 2.0367658138275146, 2.054767608642578, 2.061260223388672, 2.0919339656829834, 2.1022727489471436, 2.117377281188965, 2.149601459503174, 2.164585590362549, 2.1864547729492188, 2.2143146991729736, 2.230701208114624, 2.230699062347412, 2.2717370986938477, 2.282613754272461, 2.2992753982543945, 2.318209648132324, 2.343510150909424, 2.3486905097961426, 2.3867475986480713, 2.3913891315460205, 2.4167935848236084, 2.433258295059204, 2.4478185176849365, 2.462246894836426, 2.493224620819092, 2.5130624771118164, 2.529945135116577, 2.5443644523620605, 2.546621799468994, 2.5542869567871094, 2.5737555027008057, 2.603659152984619, 2.602341651916504, 2.6171374320983887, 2.6527438163757324, 2.666208505630493, 2.674185276031494, 2.7043707370758057, 2.706387519836426, 2.718803644180298, 2.7319347858428955, 2.734257221221924, 2.7556867599487305, 2.7864861488342285, 2.778003454208374, 2.8196191787719727, 2.8390393257141113, 2.8441340923309326, 2.849255084991455, 2.888941526412964, 2.8790950775146484, 2.88862681388855, 2.916358709335327, 2.9037275314331055, 2.9278581142425537, 2.955855369567871, 2.951392889022827, 2.905712604522705, 2.9232685565948486, 2.8929102420806885, 2.8780782222747803, 2.8776628971099854, 2.8488199710845947, 2.857288122177124, 2.8482577800750732, 2.82319712638855, 2.8093924522399902, 2.8140478134155273, 2.804753065109253, 2.793813467025757, 2.779221296310425, 2.776432514190674, 2.79325270652771, 2.7554738521575928, 2.7426323890686035, 2.728534460067749, 2.7182483673095703, 2.7212142944335938, 2.7088537216186523, 2.709765911102295, 2.7007980346679688, 2.6896774768829346, 2.6724002361297607, 2.6692488193511963, 2.6754653453826904, 2.6677772998809814, 2.664958953857422, 2.638338804244995, 2.6311638355255127, 2.628129005432129, 2.611759901046753, 2.626098155975342, 2.6049983501434326, 2.61281156539917, 2.574230194091797, 2.587982416152954, 2.5745084285736084, 2.571587562561035, 2.574913263320923, 2.573537826538086, 2.5603859424591064, 2.542771816253662, 2.541714668273926, 2.5393447875976562, 2.536360740661621, 2.510613203048706, 2.524683952331543, 2.5108189582824707, 2.5062196254730225, 2.5334808826446533, 2.5093350410461426, 2.491428852081299, 2.4857451915740967, 2.4896764755249023, 2.4819962978363037, 2.4607293605804443, 2.477585554122925, 2.4616780281066895, 2.4486377239227295, 2.471919059753418, 2.4416990280151367, 2.4445841312408447, 2.441866636276245, 2.4413905143737793, 2.440232276916504, 2.4051454067230225, 2.44372820854187, 2.41786789894104, 2.4278757572174072, 2.4256250858306885, 2.392704725265503, 2.389594793319702, 2.379884719848633, 2.374051570892334, 2.3794162273406982, 2.377939462661743, 2.3714942932128906, 2.3769679069519043, 2.3686416149139404, 2.3600549697875977, 2.3553671836853027, 2.337407112121582, 2.3379604816436768, 2.3427860736846924, 2.320009469985962, 2.3387985229492188, 2.3510687351226807, 2.3261702060699463, 2.3203437328338623, 2.334632396697998, 2.3110246658325195, 2.3083930015563965, 2.319788694381714, 2.2870001792907715, 2.3027503490448, 2.3098294734954834, 2.3065366744995117, 2.2729344367980957, 2.2990400791168213, 2.2827529907226562, 2.277554750442505, 2.276320695877075, 2.258967161178589, 2.2674400806427, 2.2735579013824463, 2.2541985511779785, 2.2453010082244873, 2.256049156188965, 2.246962070465088, 2.2440171241760254, 2.2420153617858887, 2.245539903640747, 2.2610886096954346, 2.2321290969848633, 2.220595359802246, 2.2179064750671387, 2.2123706340789795, 2.226970672607422, 2.2162415981292725, 2.2163891792297363, 2.223893165588379, 2.2071244716644287, 2.193570375442505, 2.1993165016174316, 2.2076690196990967, 2.2019450664520264, 2.203273057937622, 2.1896469593048096, 2.179340124130249, 2.179445743560791, 2.1729750633239746, 2.1801509857177734, 2.1775124073028564, 2.189387559890747, 2.155031204223633, 2.1682963371276855, 2.1593286991119385, 2.1524229049682617, 2.1656277179718018, 2.1653995513916016, 2.1501410007476807, 2.1479134559631348, 2.1521456241607666, 2.1493289470672607, 2.150461196899414, 2.1256399154663086, 2.1478769779205322, 2.1394360065460205, 2.1295135021209717, 2.1534430980682373, 2.143411636352539, 2.127612590789795, 2.121678113937378, 2.12819504737854, 2.1246089935302734, 2.1109161376953125, 2.127232074737549, 2.1128110885620117, 2.104238271713257, 2.122715950012207, 2.10391902923584, 2.1075775623321533, 2.106550455093384, 2.112842082977295, 2.1119518280029297, 2.08071231842041, 2.1159863471984863, 2.093693971633911, 2.1087005138397217, 2.1065964698791504, 2.0856544971466064, 2.0817229747772217, 2.0756638050079346, 2.0706262588500977, 2.0782418251037598, 2.0750787258148193, 2.071537733078003, 2.0759687423706055, 2.0756711959838867, 2.0672545433044434, 2.0683445930480957, 2.056309223175049, 2.055781364440918, 2.05875563621521, 2.037175416946411, 2.0615603923797607, 2.0660767555236816, 2.0488569736480713, 2.045445680618286, 2.0583324432373047, 2.0401246547698975, 2.0384488105773926, 2.050055742263794, 2.026374101638794, 2.0356855392456055, 2.0471038818359375, 2.0500106811523438, 2.02108097076416, 2.0379981994628906, 2.0293147563934326, 2.0237982273101807, 2.0256879329681396, 2.0141563415527344, 2.019195079803467, 2.0257346630096436, 2.006056308746338, 