{"experiment": "experiment_B1", "config": {"experiment": "experiment_B1", "seed": 42, "encoder_architecture": {"name": "ResNet50"}, "pretraining": {"training": true, "batch_size": 1024, "num_workers_loader": 4, "max_epochs": 500, "projection": {"use_projection": true, "hidden_layer_sizes": "None", "projection_dimension": 128}, "loss": {"name": "NTXent", "loss_config": {"temperature": 0.05, "weight": "GaussianWeight", "weight_normalization": "negatives_constant_total_weight", "weight_config": {"sigma": 0.75, "mean": "LinearParam", "mean_config": {"begin": -1, "end": 1, "factor": 0.99, "steps": 500}, "b_l": -1, "b_u": 1}}}, "optimizer": {"name": "Adam", "config": {"lr": 0.001, "weight_decay": 1e-06}}, "dataset": {"name": "Cifar10", "transforms": {"RandomResizedCrop": {"size": "32,32", "scale": "0.08,1.0", "ratio": "0.75,1.3333333333"}, "RandomHorizontalFlip": {"p": 0.5}, "ColorJitter": {"brightness": 0.4, "contrast": 0.4, "saturation": 0.4, "hue": 0.1, "prob": 0.8}, "RandomGrayscale": {"p": 0.2}, "GaussianBlur": {"kernel_size": 3, "prob": 0.5}}}, "model_dimension": {"embedding_dimension": 2048}}, "testing": {"testing": true, "testing_every_n_epochs": 100, "batch_size": 256, "num_workers_loader": 0, "max_epochs": 60, "dataset": {"val_percentage": 0.1, "name": "Cifar10"}, "optimizer": {"lr": 0.001}, "param_tuning": {"log_min": -6, "log_max": -1, "n_steps": 5}}}, "average_training_loss_per_epoch": [7.360076427459717, 6.931746959686279, 6.65282678604126, 6.357480049133301, 6.091493129730225, 5.863821983337402, 5.615898609161377, 5.411273956298828, 5.192689418792725, 4.993581295013428, 4.833780288696289, 4.999178409576416, 4.644644260406494, 4.432461738586426, 4.273957252502441, 4.178991794586182, 4.074055194854736, 3.9275596141815186, 3.824690341949463, 3.742844581604004, 3.627730369567871, 3.573896884918213, 3.4737632274627686, 3.4133412837982178, 3.3413405418395996, 3.264709711074829, 3.2418344020843506, 3.150813102722168, 3.093135118484497, 3.0477492809295654, 2.995718240737915, 2.957451820373535, 2.912484884262085, 2.904402732849121, 2.8483102321624756, 2.8087968826293945, 2.766881227493286, 2.7509772777557373, 2.6992692947387695, 2.6730403900146484, 2.6532135009765625, 2.6147844791412354, 2.5996408462524414, 2.5708770751953125, 2.557612419128418, 2.528801918029785, 2.5236759185791016, 2.464423656463623, 2.466336488723755, 2.412355422973633, 2.4325356483459473, 2.3779280185699463, 2.3682456016540527, 2.336261034011841, 2.343958616256714, 2.321152448654175, 2.308913469314575, 2.2912514209747314, 2.2585415840148926, 2.258591890335083, 2.2466390132904053, 2.2346489429473877, 2.2199244499206543, 2.226701021194458, 2.191984176635742, 2.1312079429626465, 2.151951789855957, 2.169278383255005, 2.1877641677856445, 2.130315065383911, 2.10259747505188, 2.1227288246154785, 2.076505661010742, 2.0843074321746826, 2.043262481689453, 2.022132635116577, 2.0644383430480957, 2.0181212425231934, 2.017366886138916, 2.0228638648986816, 2.0022122859954834, 1.9854716062545776, 1.9904305934906006, 1.9949824810028076, 1.9598129987716675, 1.9732130765914917, 1.9646716117858887, 1.9534337520599365, 1.9512341022491455, 1.934516429901123, 1.9302316904067993, 1.9352662563323975, 1.9317301511764526, 1.8928987979888916, 1.9179491996765137, 1.8831993341445923, 1.8858788013458252, 1.8764599561691284, 1.8823691606521606, 1.8531198501586914, 1.8519604206085205, 1.8584281206130981, 1.8286147117614746, 1.8274732828140259, 1.8330698013305664, 1.863205909729004, 1.8254929780960083, 1.8293362855911255, 1.8443297147750854, 1.8726602792739868, 1.866042971611023, 1.8030049800872803, 1.8067939281463623, 1.7972688674926758, 1.9252078533172607, 2.1179349422454834, 1.9251466989517212, 1.865295171737671, 1.8842792510986328, 1.8815809488296509, 1.826430320739746, 1.790534496307373, 1.8566770553588867, 1.807618260383606, 1.8162237405776978, 2.043105125427246, 1.8218518495559692, 1.7882914543151855, 1.9706273078918457, 1.8579562902450562, 1.8993264436721802, 4.027078628540039, 2.6800150871276855, 2.387800455093384, 2.1908557415008545, 2.067045211791992, 2.0032854080200195, 1.9977245330810547, 1.9392378330230713, 1.9264212846755981, 1.8969249725341797, 1.8760007619857788, 1.855293869972229, 1.820224404335022, 1.8179718255996704, 1.7957983016967773, 1.7669802904129028, 1.798477292060852, 1.7952486276626587, 1.7508984804153442, 1.7419837713241577, 1.7238562107086182, 1.7037047147750854, 1.717860460281372, 1.7174652814865112, 1.702374815940857, 1.7011598348617554, 1.6799840927124023, 1.6759763956069946, 1.671743392944336, 1.6323485374450684, 1.643387794494629, 1.6556965112686157, 1.6437885761260986, 1.6382365226745605, 1.6427407264709473, 1.6397756338119507, 1.6208844184875488, 1.633148431777954, 1.6360340118408203, 1.6359373331069946, 1.6121376752853394, 1.6137644052505493, 1.618615746498108, 1.6029362678527832, 1.6206551790237427, 1.6001111268997192, 1.5901707410812378, 1.5686098337173462, 1.6450356245040894, 1.9043488502502441, 1.707080602645874, 1.6327098608016968, 1.6004879474639893, 1.6174345016479492, 1.627228856086731, 1.6575324535369873, 1.621967077255249, 1.5600004196166992, 1.622915267944336, 1.6066020727157593, 1.6553137302398682, 1.615712285041809, 1.6165637969970703, 1.5953162908554077, 1.5937587022781372, 1.5905898809432983, 1.5898878574371338, 1.5805647373199463, 1.5881353616714478, 1.5699440240859985, 1.6029504537582397, 1.6186680793762207, 1.6756179332733154, 1.6732828617095947, 1.7483047246932983, 1.63800048828125, 1.584085464477539, 1.5638724565505981, 1.555464506149292, 1.5886931419372559, 1.5229196548461914, 1.881649374961853, 1.699139952659607, 1.5816168785095215, 1.5502020120620728, 1.525195598602295, 1.4737168550491333, 1.4703497886657715, 1.5358835458755493, 1.4840952157974243, 1.8176417350769043, 1.681065320968628, 1.559444785118103, 1.5534956455230713, 1.5158321857452393, 1.671176552772522, 1.6027617454528809, 1.5161209106445312, 1.4726108312606812, 1.541869878768921, 1.5173581838607788, 1.5212233066558838, 1.4982620477676392, 1.4699379205703735, 1.4433624744415283, 1.4887555837631226, 2.1571037769317627, 1.7217098474502563, 1.5850876569747925, 1.547315001487732, 1.5236207246780396, 1.4874646663665771, 1.4761598110198975, 1.4603713750839233, 1.4846891164779663, 1.5482100248336792, 1.4780751466751099, 1.4856477975845337, 1.468360424041748, 1.5838782787322998, 1.8101545572280884, 1.5153545141220093, 1.489269733428955, 1.4955379962921143, 1.5048489570617676, 1.4929574728012085, 1.4130727052688599, 1.3966583013534546, 1.3844237327575684, 1.365634560585022, 1.372627854347229, 1.4249049425125122, 1.3967012166976929, 1.3699959516525269, 1.3664065599441528, 1.3731765747070312, 1.3618037700653076, 1.369640588760376, 1.3959542512893677, 1.3924596309661865, 1.3462556600570679, 1.3550200462341309, 1.3704115152359009, 1.3591582775115967, 1.3828978538513184, 1.3841357231140137, 1.4960689544677734, 1.571972370147705, 1.576141595840454, 1.4262975454330444, 1.4315235614776611, 1.4109210968017578, 1.4125585556030273, 1.6323051452636719, 1.419747233390808, 1.3933165073394775, 1.405720591545105, 1.3594480752944946, 1.396166205406189, 1.3631131649017334, 1.3661268949508667, 1.3720396757125854, 1.398255467414856, 1.359138011932373, 1.356662631034851, 1.3534293174743652, 1.3797366619110107, 1.5199429988861084, 1.598904013633728, 1.5580344200134277, 1.3950024843215942, 1.4330873489379883, 1.3981187343597412, 1.4055368900299072, 1.3577488660812378, 1.4602806568145752, 1.438215970993042, 1.4426366090774536, 1.4876173734664917, 1.417857050895691, 1.3496183156967163, 1.3456358909606934, 1.3301852941513062, 1.300980806350708, 1.3170514106750488, 1.3024464845657349, 1.3733607530593872, 1.3704144954681396, 1.323191523551941, 1.3493423461914062, 1.3456215858459473, 1.3536741733551025, 1.284029245376587, 1.3085774183273315, 1.2976187467575073, 1.3085147142410278, 1.2680788040161133, 1.4391145706176758, 1.3826287984848022, 1.3696119785308838, 1.3429274559020996, 1.294082522392273, 1.2909549474716187, 