{"experiment": "experiment_26", "config": {"experiment": "experiment_26", "seed": 42, "encoder_architecture": {"name": "ResNet50"}, "pretraining": {"training": true, "batch_size": 256, "num_workers_loader": 4, "max_epochs": 500, "projection": {"use_projection": true, "hidden_layer_sizes": "None", "projection_dimension": 128}, "loss": {"name": "WeightedNTXent", "loss_config": {"temperature": 0.1, "weight": "GaussianWeight", "weight_normalization": "negatives_constant_total_weight", "weight_config": {"sigma": 0.5, "mean": "RandomThenConst", "mean_config": {"begin": -1, "end": 1, "factor": 0.98, "steps": 300, "const_value": 0.8}, "b_l": -1, "b_u": 1}}}, "optimizer": {"name": "Adam", "config": {"lr": 0.001, "weight_decay": 1e-06}}, "dataset": {"name": "Cifar10", "transforms": {"RandomResizedCrop": {"size": "32,32", "scale": "0.08,1.0", "ratio": "0.75,1.3333333333"}, "RandomHorizontalFlip": {"p": 0.5}, "ColorJitter": {"brightness": 0.4, "contrast": 0.4, "saturation": 0.4, "hue": 0.1, "prob": 0.8}, "RandomGrayscale": {"p": 0.2}, "GaussianBlur": {"kernel_size": 3, "prob": 0.5}}}, "model_dimension": {"embedding_dimension": 2048}}, "testing": {"testing": true, "testing_every_n_epochs": 100, "batch_size": 256, "num_workers_loader": 0, "max_epochs": 60, "dataset": {"val_percentage": 0.1, "name": "Cifar10"}, "optimizer": {"lr": 0.001}, "param_tuning": {"log_min": -6, "log_max": -1, "n_steps": 5}}}, "average_training_loss_per_epoch": [3.2196662425994873, 5.561357021331787, 4.698471546173096, 4.769979000091553, 1.8102604150772095, 2.025097131729126, 0.9658669233322144, 5.013374328613281, 3.2898528575897217, 5.033981800079346, 4.165877819061279, 2.539407253265381, 4.83867883682251, 3.955017566680908, 1.6784909963607788, 2.1017038822174072, 3.71197509765625, 1.8905123472213745, 1.014183759689331, 4.558460235595703, 1.0096834897994995, 1.311434030532837, 2.87984561920166, 3.719820261001587, 0.5831095576286316, 2.820178508758545, 3.873623847961426, 3.8479959964752197, 0.8277045488357544, 1.5535610914230347, 0.898490309715271, 1.0952430963516235, 1.769333004951477, 0.5062031149864197, 2.4441511631011963, 1.6955130100250244, 0.8025197386741638, 1.4114381074905396, 0.7015010118484497, 1.5452979803085327, 1.1336592435836792, 3.809201240539551, 3.046297550201416, 2.6339006423950195, 3.462723731994629, 2.7636396884918213, 3.284367561340332, 2.509437322616577, 1.2892990112304688, 2.151676654815674, 2.1473777294158936, 2.7356269359588623, 2.485537528991699, 0.5611607432365417, 1.1758348941802979, 1.2922296524047852, 2.849971055984497, 1.0020697116851807, 2.8517515659332275, 2.01055645942688, 0.4512481391429901, 1.1669408082962036, 1.4129525423049927, 1.067428469657898, 0.684981644153595, 0.7941071391105652, 2.5963189601898193, 3.294804334640503, 2.1797022819519043, 2.309145212173462, 2.5095551013946533, 0.525933563709259, 0.554152250289917, 2.1769473552703857, 1.1094955205917358, 1.8356915712356567, 0.555752694606781, 1.6416029930114746, 2.2913455963134766, 2.3343591690063477, 1.3336700201034546, 2.2450034618377686, 1.2632932662963867, 0.5696269869804382, 1.7949552536010742, 2.382173538208008, 0.4269409775733948, 1.4425100088119507, 2.8537487983703613, 2.9412264823913574, 2.6936447620391846, 1.1467164754867554, 0.7481073141098022, 1.6484287977218628, 2.85787034034729, 1.7745808362960815, 0.4217381179332733, 1.3453762531280518, 0.4422735869884491, 0.5386790633201599, 1.0338062047958374, 3.0374279022216797, 2.0884528160095215, 2.23233962059021, 0.8789250254631042, 0.9551095366477966, 0.5337086915969849, 2.802593469619751, 1.622918725013733, 2.8730740547180176, 2.2082791328430176, 1.357749104499817, 2.832659959793091, 2.2435615062713623, 1.0240544080734253, 1.2414274215698242, 2.1782753467559814, 1.1527552604675293, 0.695198118686676, 2.95074462890625, 0.7343378663063049, 0.8682324886322021, 1.8015398979187012, 2.346454620361328, 0.4723435938358307, 1.8307092189788818, 2.5656025409698486, 2.4927761554718018, 0.6656221747398376, 1.067901372909546, 0.6651691198348999, 0.7887424230575562, 1.2213469743728638, 0.41535791754722595, 1.69088613986969, 1.1881747245788574, 0.6321951746940613, 1.0279687643051147, 0.5676206350326538, 1.114134430885315, 0.8525383472442627, 2.790386915206909, 2.11578631401062, 1.8814973831176758, 2.514601707458496, 2.012768030166626, 2.405972957611084, 1.8730955123901367, 1.002510905265808, 1.6200448274612427, 1.6019799709320068, 2.057321786880493, 1.8731492757797241, 0.49497562646865845, 0.9340990781784058, 1.0176146030426025, 2.2144274711608887, 0.8238356113433838, 2.2163150310516357, 1.5650614500045776, 0.40701180696487427, 0.9395160675048828, 1.1235662698745728, 0.869671642780304, 0.5717527866363525, 0.6584761738777161, 2.0545294284820557, 2.607154130935669, 1.7376518249511719, 1.8541337251663208, 2.003126382827759, 0.48302245140075684, 0.47986891865730286, 1.7556246519088745, 0.9290838837623596, 1.4793440103530884, 0.4993286728858948, 1.342998743057251, 1.8525056838989258, 1.9168026447296143, 1.1201854944229126, 1.8395918607711792, 1.055145263671875, 0.5075789093971252, 1.4965898990631104, 1.9575742483139038, 0.4106326997280121, 1.2041218280792236, 2.3581643104553223, 2.466642379760742, 2.237396478652954, 0.9871212244033813, 0.662938117980957, 1.3953070640563965, 2.402522563934326, 1.4713302850723267, 0.40880703926086426, 1.1420457363128662, 0.40865039825439453, 0.4827214181423187, 0.8780860304832458, 2.5666797161102295, 1.7490310668945312, 1.870805025100708, 0.7723997831344604, 0.8242698311805725, 0.4741726517677307, 2.385669231414795, 1.3757452964782715, 2.4394593238830566, 1.8705978393554688, 1.1648683547973633, 2.4194064140319824, 1.903077483177185, 0.8992919325828552, 1.0708520412445068, 1.8565887212753296, 1.0047670602798462, 0.6214479207992554, 2.5555849075317383, 0.6713699102401733, 0.7630430459976196, 1.5432910919189453, 2.010471820831299, 0.447505384683609, 1.5797291994094849, 2.205275535583496, 2.146700859069824, 0.6111111640930176, 0.9328240752220154, 0.5983821749687195, 0.6951265335083008, 1.06022310256958, 0.38422366976737976, 1.466991662979126, 1.0355596542358398, 0.570536732673645, 0.9006360769271851, 0.5126913785934448, 0.9720078110694885, 0.7551212310791016, 2.434129476547241, 1.8325505256652832, 1.6294503211975098, 2.188183546066284, 1.7510991096496582, 2.0999045372009277, 1.6309287548065186, 0.8962616324424744, 1.4184954166412354, 1.4049651622772217, 1.795479416847229, 1.634777545928955, 0.4677193760871887, 0.8295713067054749, 0.9026308655738831, 1.941241979598999, 0.7485426068305969, 1.9463694095611572, 1.3760533332824707, 0.38816729187965393, 0.8343638181686401, 0.9953723549842834, 0.7786952257156372, 0.5187970995903015, 0.5917872190475464, 1.8150324821472168, 2.298332929611206, 1.5315742492675781, 1.6326067447662354, 1.7649959325790405, 0.4614432752132416, 0.4399075508117676, 1.5543851852416992, 0.8364541530609131, 1.3100310564041138, 0.4667384624481201, 1.193764328956604, 1.6413769721984863, 1.6932823657989502, 1.0021770000457764, 1.6298617124557495, 0.9497562646865845, 0.4753418266773224, 1.3289276361465454, 1.7355140447616577, 0.3955802321434021, 1.077075481414795, 2.1044528484344482, 2.204711675643921, 1.9927223920822144, 0.9018820524215698, 0.6113342046737671, 1.2468745708465576, 2.1531379222869873, 1.3171995878219604, 0.3910951316356659, 1.0290653705596924, 0.38256895542144775, 0.44178879261016846, 0.7974218130111694, 2.0993683338165283, 2.0309433937072754, 2.00476336479187, 2.015646457672119, 2.0089075565338135, 1.9997056722640991, 1.9660042524337769, 1.9716107845306396, 1.943694829940796, 1.9524121284484863, 1.9423044919967651, 1.928464651107788, 1.933862328529358, 1.9257432222366333, 1.9461865425109863, 1.9261175394058228, 1.9323407411575317, 1.935304880142212, 1.9187613725662231, 1.9270453453063965, 1.9155151844024658, 1.9083951711654663, 1.8865965604782104, 1.9206262826919556, 1.9056541919708252, 1.8946465253829956, 1.8663955926895142, 1.9137954711914062, 1.8974604606628418, 1.8974231481552124, 1.8949878215789795, 