{"experiment": "experiment_29", "config": {"experiment": "experiment_29", "seed": 42, "encoder_architecture": {"name": "ResNet50"}, "pretraining": {"training": true, "batch_size": 256, "num_workers_loader": 4, "max_epochs": 500, "projection": {"use_projection": true, "hidden_layer_sizes": "None", "projection_dimension": 128}, "loss": {"name": "WeightedNTXent", "loss_config": {"temperature": 0.1, "weight": "GaussianWeight", "weight_normalization": "negatives_constant_total_weight", "weight_config": {"sigma": 0.5, "mean": "LinearParam", "mean_config": {"begin": -1, "end": 0.6, "factor": 0.99, "steps": 250}, "b_l": -1, "b_u": 1}}}, "optimizer": {"name": "Adam", "config": {"lr": 0.001, "weight_decay": 1e-06}}, "dataset": {"name": "Cifar10", "transforms": {"RandomResizedCrop": {"size": "32,32", "scale": "0.08,1.0", "ratio": "0.75,1.3333333333"}, "RandomHorizontalFlip": {"p": 0.5}, "ColorJitter": {"brightness": 0.4, "contrast": 0.4, "saturation": 0.4, "hue": 0.1, "prob": 0.8}, "RandomGrayscale": {"p": 0.2}, "GaussianBlur": {"kernel_size": 3, "prob": 0.5}}}, "model_dimension": {"embedding_dimension": 2048}}, "testing": {"testing": true, "testing_every_n_epochs": 100, "batch_size": 256, "num_workers_loader": 0, "max_epochs": 60, "dataset": {"val_percentage": 0.1, "name": "Cifar10"}, "optimizer": {"lr": 0.001}, "param_tuning": {"log_min": -6, "log_max": -1, "n_steps": 5}}}, "average_training_loss_per_epoch": [1.0236181020736694, 0.5427379012107849, 0.48877039551734924, 0.4970559775829315, 0.5267725586891174, 0.5190872550010681, 0.4917755722999573, 0.4936998784542084, 0.4864708185195923, 0.4686959683895111, 0.4617980420589447, 0.4561122953891754, 0.4526273310184479, 0.4602527618408203, 0.4522945284843445, 0.46421822905540466, 0.4728619456291199, 0.4897659718990326, 0.4877464473247528, 0.4894464910030365, 0.4889099597930908, 0.5182768702507019, 0.5349146127700806, 0.5232841968536377, 0.5231230854988098, 0.5155320167541504, 0.5317170023918152, 0.5250433087348938, 0.5387247800827026, 0.5385862588882446, 0.5436249375343323, 0.5426955223083496, 0.5534919500350952, 0.557313084602356, 0.5596692562103271, 0.5764981508255005, 0.5741822719573975, 0.585430920124054, 0.6007584929466248, 0.6300721168518066, 0.6282195448875427, 0.6278218030929565, 0.6300598978996277, 0.6535117030143738, 0.6561914682388306, 0.6550188064575195, 0.6630685925483704, 0.6515883803367615, 0.6607035398483276, 0.6603714227676392, 0.6734145879745483, 0.6680630445480347, 0.676138699054718, 0.6831914782524109, 0.6947499513626099, 0.7126566171646118, 0.7242525815963745, 0.733055830001831, 0.7394065856933594, 0.7369661927223206, 0.7455328702926636, 0.7598941922187805, 0.7712098360061646, 0.7804275751113892, 0.7845138907432556, 0.7889299392700195, 0.7901363968849182, 0.8075937628746033, 0.8032498955726624, 0.8087454438209534, 0.8261892795562744, 0.8290036916732788, 0.8316429853439331, 0.8464657068252563, 0.8508721590042114, 0.8510254621505737, 0.8685476779937744, 0.8786588907241821, 0.885221540927887, 0.9058678150177002, 0.9068546891212463, 0.9129657745361328, 0.931631863117218, 0.9387235641479492, 0.9490726590156555, 0.9549900889396667, 0.9624289870262146, 0.9717202186584473, 0.9852832555770874, 0.9808652400970459, 1.0019906759262085, 1.0072814226150513, 1.010535478591919, 1.0131455659866333, 1.0232263803482056, 1.0296286344528198, 1.0398589372634888, 1.0467833280563354, 1.050305724143982, 1.0440970659255981, 1.0569998025894165, 1.0667674541473389, 1.075806736946106, 1.0684751272201538, 1.0979986190795898, 1.0981999635696411, 1.1006081104278564, 1.1195930242538452, 1.1262527704238892, 1.130515694618225, 1.1420316696166992, 1.1358951330184937, 1.1424739360809326, 1.172069787979126, 1.163724422454834, 1.175203561782837, 1.2001562118530273, 1.1960864067077637, 1.2038003206253052, 1.2233891487121582, 1.218848705291748, 1.2208044528961182, 1.2398583889007568, 1.2456953525543213, 1.241466999053955, 1.268701195716858, 1.2704591751098633, 1.2684245109558105, 1.2943801879882812, 1.2863600254058838, 1.2918483018875122, 1.2983587980270386, 1.3051080703735352, 1.3207449913024902, 1.3288512229919434, 1.3229734897613525, 1.3377424478530884, 1.354096531867981, 1.3550316095352173, 1.363171100616455, 1.3749396800994873, 1.3752437829971313, 1.4011372327804565, 1.3890047073364258, 1.4023513793945312, 1.3977034091949463, 1.4153612852096558, 1.423276662826538, 1.422385573387146, 1.435747504234314, 1.4454425573349, 1.4592076539993286, 1.4505889415740967, 1.4624099731445312, 1.4800866842269897, 1.4829387664794922, 1.4943376779556274, 1.497503638267517, 1.499899983406067, 1.5098421573638916, 1.5086241960525513, 1.5277029275894165, 1.529676079750061, 1.5429335832595825, 1.5357906818389893, 1.5518759489059448, 1.552181601524353, 1.5601003170013428, 1.5839920043945312, 1.576253890991211, 1.5825912952423096, 1.5855953693389893, 1.598300814628601, 1.606740951538086, 1.6112008094787598, 1.603358268737793, 1.6267750263214111, 1.6290663480758667, 1.6373951435089111, 1.6621509790420532, 1.66263747215271, 1.6598711013793945, 1.6609961986541748, 1.6778948307037354, 1.6865992546081543, 1.6816682815551758, 1.696643590927124, 1.6995550394058228, 1.695535659790039, 1.7155277729034424, 1.706613540649414, 1.730656385421753, 1.7294920682907104, 1.740588903427124, 1.7463887929916382, 1.73138427734375, 1.774515151977539, 1.7570112943649292, 1.7828500270843506, 1.7878133058547974, 1.770315170288086, 1.7775278091430664, 1.7792062759399414, 1.7786973714828491, 1.801985263824463, 1.8090499639511108, 1.804675579071045, 1.8239216804504395, 1.8238677978515625, 1.8258545398712158, 1.835901141166687, 1.8300107717514038, 1.8358222246170044, 1.8587775230407715, 1.8410305976867676, 1.8652353286743164, 1.8783682584762573, 1.8770465850830078, 1.8798630237579346, 1.8991531133651733, 1.8909791707992554, 1.8865498304367065, 1.9109870195388794, 1.9017548561096191, 1.9072632789611816, 1.9278267621994019, 1.9309797286987305, 1.9156944751739502, 1.9477910995483398, 1.9351389408111572, 1.9405347108840942, 1.9529659748077393, 1.9448461532592773, 1.9594911336898804, 1.9668636322021484, 1.960004210472107, 1.967161774635315, 1.9853099584579468, 1.9812722206115723, 1.9871493577957153, 1.995839238166809, 2.0037546157836914, 2.028608798980713, 2.0093438625335693, 2.013815402984619, 2.007293939590454, 2.020601511001587, 2.027751922607422, 2.0297765731811523, 2.0425267219543457, 2.0521388053894043, 2.0467967987060547, 2.031005382537842, 2.0251541137695312, 2.0381247997283936, 2.030168294906616, 2.031154155731201, 2.0160486698150635, 2.002429485321045, 2.0016863346099854, 1.9899471998214722, 2.000450372695923, 1.994890570640564, 1.9960904121398926, 1.9710278511047363, 1.9801740646362305, 1.9763637781143188, 1.966488003730774, 1.9805099964141846, 1.976538896560669, 1.961763620376587, 1.950174331665039, 1.9599725008010864, 1.9515812397003174, 1.9546575546264648, 1.9275935888290405, 1.9465916156768799, 1.9348118305206299, 1.9350157976150513, 1.9556005001068115, 1.9399199485778809, 1.9213881492614746, 1.9140061140060425, 1.9245719909667969, 1.927856206893921, 1.9022636413574219, 1.9138895273208618, 1.9067785739898682, 1.8977223634719849, 1.9111837148666382, 1.8845741748809814, 1.9001199007034302, 1.8894165754318237, 1.8974753618240356, 1.889138102531433, 1.865319848060608, 1.9008898735046387, 1.8772472143173218, 1.8897496461868286, 1.8911598920822144, 1.8686848878860474, 1.8632547855377197, 1.8618371486663818, 1.8527578115463257, 1.859559178352356, 1.85731041431427, 1.8518080711364746, 1.8570964336395264, 1.8517341613769531, 1.8407723903656006, 1.8435841798782349, 1.8337185382843018, 1.828391432762146, 1.8338404893875122, 1.8187180757522583, 1.837400197982788, 1.8398817777633667, 1.8296359777450562, 1.8238193988800049, 1.8353331089019775, 1.8183207511901855, 1.8096388578414917, 1.8205498456954956, 1.8057712316513062, 1.8106896877288818, 1.8199965953826904, 1.8112409114837646, 1.7907832860946655, 1.8117276430130005, 1.7956836223602295, 1.790327787399292, 1.7937813997268677, 