{"experiment": "experiment_A8", "config": {"experiment": "experiment_A8", "seed": 42, "encoder_architecture": {"name": "ResNet50"}, "pretraining": {"training": true, "batch_size": 512, "num_workers_loader": 4, "max_epochs": 500, "projection": {"use_projection": true, "hidden_layer_sizes": "None", "projection_dimension": 128}, "loss": {"name": "WeightedNTXent", "loss_config": {"temperature": 0.1, "weight": "GaussianWeight", "weight_normalization": "negatives_constant_total_weight", "weight_config": {"sigma": 0.25, "mean": "LinearParam", "mean_config": {"begin": -1, "end": 1, "factor": 0.99, "steps": 250}, "b_l": -1, "b_u": 1}}}, "optimizer": {"name": "Adam", "config": {"lr": 0.001, "weight_decay": 1e-06}}, "dataset": {"name": "Cifar10", "transforms": {"RandomResizedCrop": {"size": "32,32", "scale": "0.08,1.0", "ratio": "0.75,1.3333333333"}, "RandomHorizontalFlip": {"p": 0.5}, "ColorJitter": {"brightness": 0.4, "contrast": 0.4, "saturation": 0.4, "hue": 0.1, "prob": 0.8}, "RandomGrayscale": {"p": 0.2}, "GaussianBlur": {"kernel_size": 3, "prob": 0.5}}}, "model_dimension": {"embedding_dimension": 2048}}, "testing": {"testing": true, "testing_every_n_epochs": 100, "batch_size": 256, "num_workers_loader": 0, "max_epochs": 60, "dataset": {"val_percentage": 0.1, "name": "Cifar10"}, "optimizer": {"lr": 0.001}, "param_tuning": {"log_min": -6, "log_max": -1, "n_steps": 5}}}, "average_training_loss_per_epoch": [0.34342241287231445, 0.07598891854286194, 0.03958985209465027, 0.13068141043186188, 0.2368941456079483, 0.0923101082444191, 0.053985595703125, 0.08213578164577484, 0.13509175181388855, 0.14288108050823212, 0.1391076296567917, 0.1459144502878189, 0.1386866420507431, 0.10556318610906601, 0.1483415961265564, 0.17898203432559967, 0.19562876224517822, 0.20428618788719177, 0.21482229232788086, 0.2114342898130417, 0.18201526999473572, 0.22825685143470764, 0.33524778485298157, 1.935523271560669, 2.266140937805176, 2.3994300365448, 2.251314401626587, 2.554565191268921, 2.611928701400757, 2.6683847904205322, 2.462888717651367, 2.731346607208252, 2.646474599838257, 2.443626642227173, 2.724015712738037, 2.5547382831573486, 2.481666088104248, 2.6567296981811523, 2.282348871231079, 2.685539722442627, 1.8663619756698608, 2.1981208324432373, 2.4978911876678467, 2.58280348777771, 2.425619125366211, 2.3106372356414795, 2.6596052646636963, 2.7222537994384766, 2.5886058807373047, 2.476966381072998, 2.5390231609344482, 2.8984174728393555, 2.3220839500427246, 2.944417715072632, 3.2784228324890137, 3.1753909587860107, 2.99253249168396, 3.3939309120178223, 2.9470129013061523, 2.3281466960906982, 1.879315972328186, 2.6158814430236816, 2.9584474563598633, 3.132317304611206, 3.1725196838378906, 3.1683075428009033, 3.4088006019592285, 2.72967791557312, 3.1224124431610107, 2.881822109222412, 2.662186861038208, 3.5699665546417236, 3.1773459911346436, 3.3260765075683594, 3.6241371631622314, 2.6798293590545654, 2.843146800994873, 2.420896053314209, 2.3612823486328125, 2.47189998626709, 2.5658299922943115, 2.6567487716674805, 3.14428448677063, 3.327631950378418, 3.8722987174987793, 5.206171989440918, 4.230510234832764, 3.6379125118255615, 3.459508180618286, 3.393134355545044, 3.411832809448242, 3.5411877632141113, 3.8451924324035645, 4.265802383422852, 4.45507287979126, 4.407278537750244, 4.22777795791626, 4.162175178527832, 4.16330099105835, 4.171916484832764, 4.187911510467529, 4.218320369720459, 4.24437952041626, 4.24290657043457, 4.2973785400390625, 4.350544452667236, 4.423949241638184, 4.499343395233154, 4.4674201011657715, 4.461369514465332, 4.473259925842285, 4.458031177520752, 4.498546123504639, 4.519676685333252, 4.5255351066589355, 4.540266513824463, 4.525312900543213, 4.532959461212158, 4.525748252868652, 4.57505464553833, 4.607341766357422, 4.656991481781006, 4.674027919769287, 4.682496070861816, 4.707515239715576, 4.753554821014404, 4.793245792388916, 4.860185146331787, 4.9208903312683105, 4.982963562011719, 5.003459453582764, 5.012739181518555, 5.046311378479004, 5.0779242515563965, 5.171678066253662, 5.224440097808838, 5.269092559814453, 5.236822605133057, 5.273509979248047, 5.303494453430176, 5.32370138168335, 5.368316173553467, 5.397006034851074, 5.439384937286377, 5.509117603302002, 5.469671249389648, 5.479283809661865, 5.491369247436523, 5.54659366607666, 5.599003314971924, 5.6359663009643555, 5.647005558013916, 5.654568672180176, 5.669537544250488, 5.662054538726807, 5.7133378982543945, 5.7281622886657715, 5.7461395263671875, 5.786386966705322, 5.7915449142456055, 5.815758228302002, 5.8436713218688965, 5.8904643058776855, 5.904056072235107, 5.912775039672852, 5.919602394104004, 5.924299240112305, 5.931308746337891, 5.953111171722412, 5.970282077789307, 5.971698760986328, 5.974941253662109, 5.951908588409424, 5.977198600769043, 6.01478385925293, 6.013529300689697, 6.008506774902344, 6.014115810394287, 6.028512954711914, 6.045964241027832, 6.0520477294921875, 6.050959587097168, 6.067350387573242, 6.061082363128662, 6.069155693054199, 6.060571193695068, 6.060830116271973, 6.066855430603027, 6.0697126388549805, 6.0656914710998535, 6.067208766937256, 6.071025848388672, 6.0785088539123535, 6.081409454345703, 6.091063976287842, 6.09054708480835, 6.095823287963867, 6.105043888092041, 6.097348690032959, 6.1119794845581055, 6.128078937530518, 6.138028621673584, 6.150741100311279, 6.159002304077148, 6.168455123901367, 6.180307388305664, 6.187687397003174, 6.1988701820373535, 6.2137556076049805, 6.205661773681641, 6.22926139831543, 6.230935573577881, 6.238977432250977, 6.2632317543029785, 6.266388893127441, 6.271213054656982, 6.278040409088135, 6.28653621673584, 6.287546157836914, 6.301641464233398, 6.307839870452881, 6.316236972808838, 6.319858551025391, 6.332886219024658, 6.3368730545043945, 6.350170135498047, 6.357506275177002, 6.357151031494141, 6.370705604553223, 6.3757123947143555, 6.37752103805542, 6.395152568817139, 6.399875640869141, 6.4017438888549805, 6.408079147338867, 6.421700477600098, 6.424156188964844, 6.435092449188232, 6.4402899742126465, 6.449667453765869, 6.45188045501709, 6.4692511558532715, 6.4721879959106445, 6.475366115570068, 6.4860944747924805, 6.497311115264893, 6.497954845428467, 6.514011859893799, 6.52153205871582, 6.526126384735107, 6.533198833465576, 6.53543758392334, 6.548470497131348, 6.541301250457764, 6.531620502471924, 6.541263103485107, 6.547582626342773, 6.548596382141113, 6.545592308044434, 6.546212673187256, 6.5523176193237305, 6.554398536682129, 6.552402019500732, 6.554488658905029, 6.560184955596924, 6.557267665863037, 6.55642557144165, 6.555404186248779, 6.559454917907715, 6.551294326782227, 6.550402641296387, 6.546262264251709, 6.545148849487305, 6.563234329223633, 6.545736789703369, 6.527422904968262, 6.525084972381592, 6.521878719329834, 6.5024847984313965, 6.509008884429932, 6.493530750274658, 6.478627681732178, 6.465819835662842, 6.46547269821167, 6.443220138549805, 6.424327373504639, 6.417465686798096, 6.4115214347839355, 6.4007673263549805, 6.4296488761901855, 6.376377105712891, 6.350306987762451, 6.340089797973633, 6.336114883422852, 6.330256462097168, 6.280895709991455, 6.419338226318359, 6.438992500305176, 6.352907657623291, 6.312974452972412, 6.259221076965332, 6.241557598114014, 6.222109794616699, 6.1827616691589355, 6.173612594604492, 6.155447006225586, 6.151444911956787, 6.1288580894470215, 6.103910446166992, 6.072202682495117, 6.071756362915039, 6.012302398681641, 6.030035495758057, 6.0131120681762695, 5.974655628204346, 5.986621856689453, 5.982983589172363, 5.950888156890869, 5.913328170776367, 5.970081806182861, 5.904787063598633, 5.874794960021973, 5.883676052093506, 5.843560218811035, 5.82618522644043, 5.815001487731934, 5.804825782775879, 5.784084796905518, 5.779019832611084, 5.755648136138916, 5.7283124923706055, 5.741042613983154, 5.744355201721191, 5.741949558258057, 5.7863545417785645, 5.692971229553223, 5.724015712738037, 5.76800012588501, 5.645959377288818, 5.665599346160889, 5.670229911804199, 