{"experiment": "experiment_A3", "config": {"experiment": "experiment_A3", "seed": 42, "encoder_architecture": {"name": "ResNet50"}, "pretraining": {"training": true, "batch_size": 512, "num_workers_loader": 4, "max_epochs": 500, "projection": {"use_projection": true, "hidden_layer_sizes": "None", "projection_dimension": 128}, "loss": {"name": "NTXent", "loss_config": {"temperature": 0.5, "weight": "GaussianWeight", "weight_normalization": "negatives_constant_total_weight", "weight_config": {"sigma": 0.75, "mean": "LinearParam", "mean_config": {"begin": -1, "end": 1, "factor": 0.99, "steps": 500}, "b_l": -1, "b_u": 1}}}, "optimizer": {"name": "Adam", "config": {"lr": 0.001, "weight_decay": 1e-06}}, "dataset": {"name": "Cifar10", "transforms": {"RandomResizedCrop": {"size": "32,32", "scale": "0.08,1.0", "ratio": "0.75,1.3333333333"}, "RandomHorizontalFlip": {"p": 0.5}, "ColorJitter": {"brightness": 0.4, "contrast": 0.4, "saturation": 0.4, "hue": 0.1, "prob": 0.8}, "RandomGrayscale": {"p": 0.2}, "GaussianBlur": {"kernel_size": 3, "prob": 0.5}}}, "model_dimension": {"embedding_dimension": 2048}}, "testing": {"testing": true, "testing_every_n_epochs": 100, "batch_size": 256, "num_workers_loader": 0, "max_epochs": 60, "dataset": {"val_percentage": 0.1, "name": "Cifar10"}, "optimizer": {"lr": 0.001}, "param_tuning": {"log_min": -6, "log_max": -1, "n_steps": 5}}}, "average_training_loss_per_epoch": [6.422267436981201, 6.153569221496582, 6.068640232086182, 6.004954814910889, 5.965962886810303, 5.930419445037842, 5.907780170440674, 5.894195556640625, 5.867016792297363, 5.859918594360352, 5.832399845123291, 5.826865196228027, 5.8164167404174805, 5.796255588531494, 5.786029815673828, 5.774956226348877, 5.775163650512695, 5.762955188751221, 5.7476887702941895, 5.744814872741699, 5.72988748550415, 5.725283145904541, 5.721630096435547, 5.715028762817383, 5.707822322845459, 5.701453685760498, 5.701080799102783, 5.692455768585205, 5.6917314529418945, 5.690837383270264, 5.68229866027832, 5.678581237792969, 5.678788661956787, 5.671802997589111, 5.67117166519165, 5.663871765136719, 5.659206390380859, 5.657784938812256, 5.650553226470947, 5.657593250274658, 5.652553558349609, 5.645043849945068, 5.640583038330078, 5.6372880935668945, 5.640335559844971, 5.6328229904174805, 5.633541107177734, 5.626664161682129, 5.627540111541748, 5.618480682373047, 5.622067451477051, 5.614635467529297, 5.61423397064209, 5.612022399902344, 5.611852645874023, 5.611659526824951, 5.604201793670654, 5.599157333374023, 5.59840726852417, 5.597438812255859, 5.59648323059082, 5.5949249267578125, 5.59437370300293, 5.58989143371582, 5.589086055755615, 5.582890033721924, 5.580822944641113, 5.583634853363037, 5.581732273101807, 5.579133033752441, 5.578917026519775, 5.576232433319092, 5.571822643280029, 5.571828842163086, 5.57057523727417, 5.569384574890137, 5.56957483291626, 5.563640117645264, 5.566949844360352, 5.5677313804626465, 5.564718723297119, 5.558884143829346, 5.562654495239258, 5.558206081390381, 5.560041904449463, 5.557975769042969, 5.558790683746338, 5.555016994476318, 5.556643962860107, 5.555059432983398, 5.552330493927002, 5.553325653076172, 5.55264139175415, 5.549284934997559, 5.5519280433654785, 5.548478126525879, 5.54962682723999, 5.546834468841553, 5.544398307800293, 5.5416951179504395, 5.543119430541992, 5.542287349700928, 5.539181709289551, 5.539790630340576, 5.540627956390381, 5.540043354034424, 5.539092063903809, 5.539350509643555, 5.536521911621094, 5.534763813018799, 5.534741401672363, 5.530521392822266, 5.532980442047119, 5.532866477966309, 5.5278449058532715, 5.529552936553955, 5.530033111572266, 5.530213832855225, 5.528787612915039, 5.532303810119629, 5.52692174911499, 5.526287078857422, 5.52874231338501, 5.524015426635742, 5.52278995513916, 5.525631427764893, 5.521997451782227, 5.519338130950928, 5.523003101348877, 5.519949913024902, 5.518836975097656, 5.520693302154541, 5.516472339630127, 5.515822887420654, 5.516513347625732, 5.513841152191162, 5.51500940322876, 5.5176239013671875, 5.514276027679443, 5.513617038726807, 5.516069412231445, 5.513744831085205, 5.511280536651611, 5.510248184204102, 5.5126519203186035, 5.510363578796387, 5.510226249694824, 5.507868766784668, 5.509019374847412, 5.506462097167969, 5.5078864097595215, 5.50946044921875, 5.50478458404541, 5.503985404968262, 5.505887508392334, 5.506202697753906, 5.503265857696533, 5.504766464233398, 5.500330448150635, 5.505621910095215, 5.497764587402344, 5.499715805053711, 5.5012712478637695, 5.500861644744873, 5.496247291564941, 5.497894287109375, 5.500887393951416, 5.4984235763549805, 5.4987688064575195, 5.495669841766357, 5.497580528259277, 5.496785640716553, 5.495240211486816, 5.495822906494141, 5.495759963989258, 5.494926929473877, 5.493988037109375, 5.49531888961792, 5.488755226135254, 5.494860649108887, 5.495462417602539, 5.492866039276123, 5.489553928375244, 5.4918951988220215, 5.490577697753906, 5.490797996520996, 5.490811824798584, 5.489343643188477, 5.488464832305908, 5.490006923675537, 5.486166954040527, 5.48989200592041, 5.486706733703613, 5.487345218658447, 5.486166954040527, 5.482645034790039, 5.487234592437744, 5.484053134918213, 5.485904216766357, 5.487589359283447, 5.482506275177002, 5.479723930358887, 5.478944301605225, 5.479969501495361, 5.482020854949951, 5.479430198669434, 5.479197978973389, 5.480452060699463, 5.478616714477539, 5.476729869842529, 5.477009296417236, 5.472923755645752, 5.47652006149292, 5.475665092468262, 5.472530841827393, 5.474652290344238, 5.474875450134277, 5.474827289581299, 5.473363876342773, 5.477410793304443, 5.472555637359619, 5.472157955169678, 5.4752726554870605, 5.47013521194458, 5.47075891494751, 5.472058296203613, 5.471296787261963, 5.467569351196289, 5.471771240234375, 5.470156192779541, 5.4676337242126465, 5.46980619430542, 5.466702461242676, 5.468120574951172, 5.466079235076904, 5.464369297027588, 5.46774435043335, 5.470102310180664, 5.466376304626465, 5.4662957191467285, 5.4688262939453125, 5.466887474060059, 5.46515417098999, 5.46419620513916, 5.466028690338135, 5.464070796966553, 5.46378231048584, 5.460555553436279, 5.46419620513916, 5.4614338874816895, 5.462737560272217, 5.465343952178955, 5.460793972015381, 5.461045742034912, 5.462698936462402, 5.462053298950195, 5.4599738121032715, 5.4614973068237305, 5.457121849060059, 5.463757514953613, 5.454714298248291, 5.457483768463135, 5.458332538604736, 5.458463191986084, 5.455596923828125, 5.456888675689697, 5.460024833679199, 5.456831455230713, 5.458381175994873, 5.455021858215332, 5.457975387573242, 5.455804824829102, 5.456669807434082, 5.457075119018555, 5.455432891845703, 5.455010414123535, 5.4538726806640625, 5.457642555236816, 5.450475692749023, 5.456808090209961, 5.458756446838379, 5.453628063201904, 5.451650619506836, 5.4540486335754395, 5.4538187980651855, 5.452473163604736, 5.4532976150512695, 5.451589584350586, 5.45070743560791, 5.451210021972656, 5.448731422424316, 5.452692985534668, 5.452136993408203, 5.452827453613281, 5.448791980743408, 5.446139812469482, 5.451711177825928, 5.447589874267578, 5.451657295227051, 5.45381498336792, 5.4485321044921875, 5.447277069091797, 5.445801734924316, 5.448239326477051, 5.449343204498291, 5.446732044219971, 5.4471306800842285, 5.44656229019165, 5.447457313537598, 5.445146083831787, 5.446535110473633, 5.4397454261779785, 5.44439172744751, 5.444443702697754, 5.441659450531006, 5.4428839683532715, 5.443598747253418, 5.443367958068848, 5.443090438842773, 5.447012424468994, 5.443453311920166, 5.440826416015625, 5.4439592361450195, 5.439515113830566, 5.441677093505859, 5.441993713378906, 5.4416117668151855, 5.438165187835693, 5.442148685455322, 5.439443111419678, 5.437478542327881, 5.441091060638428, 5.436850547790527, 5.438330173492432, 5.436918258666992, 5.435357093811035, 5.438138008117676, 5.441608905792236, 5.438663959503174, 5.436733245849609, 5.43968391418457, 5.439071178436279, 5.438082695007324, 5.436098575592041, 5.437896251678467, 5.436854839324951, 