{"experiment": "experiment_17", "config": {"experiment": "experiment_17", "seed": 42, "encoder_architecture": {"name": "ResNet50"}, "pretraining": {"training": true, "batch_size": 256, "num_workers_loader": 4, "max_epochs": 500, "projection": {"use_projection": true, "hidden_layer_sizes": "None", "projection_dimension": 128}, "loss": {"name": "WeightedNTXent", "loss_config": {"temperature": 0.1, "weight": "GaussianWeight", "weight_normalization": "None", "weight_config": {"sigma": 0.5, "mean": "LinearParam", "mean_config": {"begin": -1, "end": 1, "factor": 0.99, "steps": 375}, "b_l": -1, "b_u": 1}}}, "optimizer": {"name": "Adam", "config": {"lr": 0.001, "weight_decay": 1e-06}}, "dataset": {"name": "Cifar10", "transforms": {"RandomResizedCrop": {"size": "32,32", "scale": "0.08,1.0", "ratio": "0.75,1.3333333333"}, "RandomHorizontalFlip": {"p": 0.5}, "ColorJitter": {"brightness": 0.4, "contrast": 0.4, "saturation": 0.4, "hue": 0.1, "prob": 0.8}, "RandomGrayscale": {"p": 0.2}, "GaussianBlur": {"kernel_size": 3, "prob": 0.5}}}, "model_dimension": {"embedding_dimension": 2048}}, "testing": {"testing": true, "testing_every_n_epochs": 100, "batch_size": 256, "num_workers_loader": 0, "max_epochs": 60, "dataset": {"val_percentage": 0.1, "name": "Cifar10"}, "optimizer": {"lr": 0.001}, "param_tuning": {"log_min": -6, "log_max": -1, "n_steps": 5}}}, "average_training_loss_per_epoch": [0.00089780188864097, 0.000838477339129895, 0.00046135185402818024, 0.0006808274774812162, 0.0005580486031249166, 0.0005304713849909604, 0.0006438408163376153, 0.001007797196507454, 0.0017959782853722572, 0.0032362337224185467, 0.003948248457163572, 0.004218478221446276, 0.00593570014461875, 0.00616331584751606, 0.005233698058873415, 0.006126681342720985, 0.007650474086403847, 0.009156241081655025, 0.01009100116789341, 0.00962566863745451, 0.011416176334023476, 0.011322732083499432, 0.013231182470917702, 0.014589643105864525, 0.014411671087145805, 0.01778777502477169, 0.016669459640979767, 0.01752486266195774, 0.02002757042646408, 0.021218495443463326, 0.023369768634438515, 0.02518647536635399, 0.02356821484863758, 0.025887751951813698, 0.030396774411201477, 0.032424382865428925, 0.0334574356675148, 0.03435570001602173, 0.03670039400458336, 0.037782393395900726, 0.041229572147130966, 0.0435185581445694, 0.04567433148622513, 0.047532714903354645, 0.05100176855921745, 0.051795460283756256, 0.054960545152425766, 0.058197036385536194, 0.06082857400178909, 0.06383591145277023, 0.06838443130254745, 0.07490714639425278, 0.0898992195725441, 0.10965598374605179, 0.1237042099237442, 0.13574400544166565, 0.1476079523563385, 0.1603703498840332, 0.16748252511024475, 0.18320941925048828, 0.1964818686246872, 0.20487070083618164, 0.21154998242855072, 0.22292035818099976, 0.22942638397216797, 0.24530495703220367, 0.2538363039493561, 0.2705025374889374, 0.27679443359375, 0.285505086183548, 0.2996898591518402, 0.3519330322742462, 0.38142362236976624, 0.40095269680023193, 0.40486031770706177, 0.4277108907699585, 0.43194690346717834, 0.4508499503135681, 0.4554470181465149, 0.4761297404766083, 0.48084214329719543, 0.4896946847438812, 0.5014682412147522, 0.5223029851913452, 0.5361733436584473, 0.5754168629646301, 0.6002975106239319, 0.6226757168769836, 0.6462492346763611, 0.6490218043327332, 0.6706746816635132, 0.6814968585968018, 0.6892368793487549, 0.6939404010772705, 0.7151716947555542, 0.7206023335456848, 0.7278435230255127, 0.7350802421569824, 0.7419441342353821, 0.7430365681648254, 0.7550660371780396, 0.7564243674278259, 0.7723605632781982, 0.7686508297920227, 0.7902910113334656, 0.8003200888633728, 0.8092309236526489, 0.8270654082298279, 0.8427584171295166, 0.8445360064506531, 0.85932856798172, 0.8568307757377625, 0.8685972094535828, 0.8849617838859558, 0.8869239091873169, 0.8998553156852722, 0.9118728041648865, 0.9123110771179199, 0.9199635982513428, 0.9458884596824646, 0.9380496740341187, 0.9465645551681519, 0.969292163848877, 0.9719521999359131, 0.9844892024993896, 1.002665638923645, 1.0070016384124756, 1.0199472904205322, 1.0375258922576904, 1.0400010347366333, 1.0476369857788086, 1.0542141199111938, 1.064315915107727, 1.0740957260131836, 1.0821703672409058, 1.0842591524124146, 1.0983872413635254, 1.1086901426315308, 1.1170315742492676, 1.127106785774231, 1.1445568799972534, 1.1477622985839844, 1.1841379404067993, 1.1637861728668213, 1.180885910987854, 1.183817982673645, 1.1942358016967773, 1.2079483270645142, 1.2091846466064453, 1.2175043821334839, 1.235859990119934, 1.2465152740478516, 1.2428642511367798, 1.261116623878479, 1.271209716796875, 1.2879788875579834, 1.2980380058288574, 1.3060276508331299, 1.3006120920181274, 1.3136165142059326, 1.3130316734313965, 1.3340959548950195, 1.3473314046859741, 1.3575667142868042, 1.3532675504684448, 1.362126350402832, 1.3731831312179565, 1.3722032308578491, 1.406345009803772, 1.3983128070831299, 1.4064366817474365, 1.4106498956680298, 1.425044059753418, 1.4326437711715698, 1.4393959045410156, 1.4351924657821655, 1.454681396484375, 1.4572302103042603, 1.4616007804870605, 1.4925898313522339, 1.4946410655975342, 1.4904717206954956, 1.4991083145141602, 1.5086427927017212, 1.5215516090393066, 1.5190496444702148, 1.5335229635238647, 1.5299867391586304, 1.5349278450012207, 1.5458316802978516, 1.5474896430969238, 1.556321382522583, 1.5558135509490967, 1.5648728609085083, 1.5806679725646973, 1.5613409280776978, 1.6031512022018433, 1.5829983949661255, 1.606124997138977, 1.6068953275680542, 1.592207670211792, 1.6021465063095093, 1.604884386062622, 1.5995242595672607, 1.6212201118469238, 1.6241638660430908, 1.6170623302459717, 1.6376179456710815, 1.6398861408233643, 1.6307822465896606, 1.6429227590560913, 1.6331394910812378, 1.6359773874282837, 1.6569873094558716, 1.6425073146820068, 1.6593679189682007, 1.667826533317566, 1.6597987413406372, 1.657672643661499, 1.6810157299041748, 1.667872667312622, 1.6578648090362549, 1.6730432510375977, 1.6713565587997437, 1.6647650003433228, 1.6830095052719116, 1.681462049484253, 1.6674679517745972, 1.6868551969528198, 1.6755402088165283, 1.6724848747253418, 1.6802501678466797, 1.6716368198394775, 1.6817190647125244, 1.6809160709381104, 1.6677621603012085, 1.6708221435546875, 1.682346224784851, 1.672448754310608, 1.6743054389953613, 1.6780935525894165, 1.672098159790039, 1.6965420246124268, 1.6673593521118164, 1.674358606338501, 1.6576530933380127, 1.663764238357544, 1.6652148962020874, 1.659951090812683, 1.6563677787780762, 1.6684998273849487, 1.6576380729675293, 1.6469876766204834, 1.6501059532165527, 1.6544346809387207, 1.65352201461792, 1.6487995386123657, 1.6377947330474854, 1.6256451606750488, 1.633060336112976, 1.6184722185134888, 1.624098777770996, 1.6180088520050049, 1.6235380172729492, 1.598432183265686, 1.6035754680633545, 1.600412130355835, 1.588888168334961, 1.602993130683899, 1.5924253463745117, 1.5842318534851074, 1.5741052627563477, 1.5761330127716064, 1.569456696510315, 1.5615851879119873, 1.5443928241729736, 1.5517772436141968, 1.5420082807540894, 1.535326600074768, 1.5512206554412842, 1.5377707481384277, 1.5213935375213623, 1.5108311176300049, 1.5122915506362915, 1.5081181526184082, 1.4869632720947266, 1.4997636079788208, 1.4794620275497437, 1.4707098007202148, 1.4776121377944946, 1.4565387964248657, 1.4573948383331299, 1.4439986944198608, 1.4450535774230957, 1.441356897354126, 1.413333535194397, 1.4336466789245605, 1.4094854593276978, 1.4197866916656494, 1.4054619073867798, 1.386059045791626, 1.3765029907226562, 1.3698396682739258, 1.3572382926940918, 1.3582017421722412, 1.3508037328720093, 1.3369154930114746, 1.336151123046875, 1.3308207988739014, 1.315284013748169, 1.308358073234558, 1.295282006263733, 1.2792242765426636, 1.2827140092849731, 1.2580794095993042, 1.26252281665802, 1.2615716457366943, 1.25034499168396, 1.234238624572754, 1.2397500276565552, 1.2200535535812378, 1.2015612125396729, 1.2029423713684082, 1.1878933906555176, 1.1785575151443481, 1.1806681156158447, 1.1697944402694702, 