{"experiment": "experiment_A6", "config": {"experiment": "experiment_A6", "seed": 42, "encoder_architecture": {"name": "ResNet50"}, "pretraining": {"training": true, "batch_size": 512, "num_workers_loader": 4, "max_epochs": 500, "projection": {"use_projection": true, "hidden_layer_sizes": "None", "projection_dimension": 128}, "loss": {"name": "WeightedNTXent", "loss_config": {"temperature": 0.1, "weight": "GaussianWeight", "weight_normalization": "negatives_constant_total_weight", "weight_config": {"sigma": 0.5, "mean": "LinearParam", "mean_config": {"begin": -1, "end": 1, "factor": 0.99, "steps": 250}, "b_l": -1, "b_u": 1}}}, "optimizer": {"name": "Adam", "config": {"lr": 0.001, "weight_decay": 1e-06}}, "dataset": {"name": "Cifar10", "transforms": {"RandomResizedCrop": {"size": "32,32", "scale": "0.08,1.0", "ratio": "0.75,1.3333333333"}, "RandomHorizontalFlip": {"p": 0.5}, "ColorJitter": {"brightness": 0.4, "contrast": 0.4, "saturation": 0.4, "hue": 0.1, "prob": 0.8}, "RandomGrayscale": {"p": 0.2}, "GaussianBlur": {"kernel_size": 3, "prob": 0.5}}}, "model_dimension": {"embedding_dimension": 2048}}, "testing": {"testing": true, "testing_every_n_epochs": 100, "batch_size": 256, "num_workers_loader": 0, "max_epochs": 60, "dataset": {"val_percentage": 0.1, "name": "Cifar10"}, "optimizer": {"lr": 0.001}, "param_tuning": {"log_min": -6, "log_max": -1, "n_steps": 5}}}, "average_training_loss_per_epoch": [1.514539361000061, 0.77996826171875, 0.7111092805862427, 0.7335067391395569, 0.7131227850914001, 0.732018232345581, 0.7168278694152832, 0.7185255289077759, 0.8052077293395996, 0.7965661883354187, 0.7749378681182861, 0.7720486521720886, 0.7289033532142639, 0.7651233077049255, 0.7503460049629211, 0.7533367276191711, 0.7505948543548584, 0.7527921199798584, 0.7536627054214478, 0.763603150844574, 0.77170330286026, 0.7800260782241821, 0.7885313034057617, 0.7928693890571594, 0.8130651712417603, 0.8024464845657349, 0.8255585432052612, 0.8370920419692993, 0.8481767773628235, 0.8627444505691528, 0.8544973731040955, 0.8535316586494446, 0.9093299508094788, 0.9151098728179932, 0.925474226474762, 0.9311057925224304, 0.9245633482933044, 0.9456262588500977, 0.9435486793518066, 0.9695345163345337, 1.0002819299697876, 0.9942504167556763, 1.0010299682617188, 1.0062369108200073, 1.0288554430007935, 1.0363025665283203, 1.050452470779419, 1.0448682308197021, 1.0690906047821045, 1.0647051334381104, 1.1113884449005127, 1.0960527658462524, 1.1305550336837769, 1.1418378353118896, 1.1548823118209839, 1.1792707443237305, 1.1901582479476929, 1.1845098733901978, 1.2063385248184204, 1.203152060508728, 1.2294682264328003, 1.2480791807174683, 1.2741831541061401, 1.2838692665100098, 1.2899054288864136, 1.2888243198394775, 1.3119131326675415, 1.3359259366989136, 1.3462085723876953, 1.356917142868042, 1.371565580368042, 1.3806365728378296, 1.3822424411773682, 1.398319959640503, 1.402967929840088, 1.419336199760437, 1.4270504713058472, 1.421931266784668, 1.4608876705169678, 1.4681401252746582, 1.4797580242156982, 1.4739402532577515, 1.5008004903793335, 1.4985547065734863, 1.5249792337417603, 1.5273712873458862, 1.5366291999816895, 1.5468658208847046, 1.567649483680725, 1.571982979774475, 1.5796165466308594, 1.6014574766159058, 1.607080340385437, 1.6087322235107422, 1.6435225009918213, 1.6360037326812744, 1.6669946908950806, 1.6707878112792969, 1.6749489307403564, 1.6621451377868652, 1.6958858966827393, 1.7105730772018433, 1.718764066696167, 1.719741702079773, 1.7465794086456299, 1.7596657276153564, 1.7656400203704834, 1.785912036895752, 1.7965445518493652, 1.7973248958587646, 1.8132593631744385, 1.8101073503494263, 1.8339420557022095, 1.8457776308059692, 1.8377076387405396, 1.870869517326355, 1.8813159465789795, 1.8876630067825317, 1.8913145065307617, 1.9204092025756836, 1.9132810831069946, 1.9235801696777344, 1.955659031867981, 1.9434967041015625, 1.9656097888946533, 1.9780941009521484, 1.989683747291565, 1.978581428527832, 2.005903720855713, 2.0162296295166016, 2.0146536827087402, 2.0355803966522217, 2.0331649780273438, 2.0515103340148926, 2.0541975498199463, 2.0543227195739746, 2.0750794410705566, 2.1005444526672363, 2.099722385406494, 2.115244150161743, 2.1243553161621094, 2.137756824493408, 2.1437902450561523, 2.1445655822753906, 2.1538422107696533, 2.167768955230713, 2.186345100402832, 2.1858747005462646, 2.2026169300079346, 2.2018165588378906, 2.2217748165130615, 2.2284631729125977, 2.226560354232788, 2.2410926818847656, 2.259037733078003, 2.2683944702148438, 2.279371500015259, 2.2937514781951904, 2.2842061519622803, 2.3015928268432617, 2.2934045791625977, 2.3110103607177734, 2.3312571048736572, 2.3415727615356445, 2.332101821899414, 2.3489887714385986, 2.3623712062835693, 2.3724262714385986, 2.3922269344329834, 2.391692638397217, 2.4090991020202637, 2.400343179702759, 2.4118812084198, 2.4239561557769775, 2.439739942550659, 2.4341094493865967, 2.4580090045928955, 2.4602303504943848, 2.4430198669433594, 2.4938502311706543, 2.4929921627044678, 2.489872694015503, 2.496432304382324, 2.511751174926758, 2.519105911254883, 2.517198085784912, 2.542653799057007, 2.5394670963287354, 2.536813974380493, 2.554750442504883, 2.555051803588867, 2.576214075088501, 2.5748088359832764, 2.5963354110717773, 2.5866339206695557, 2.592153310775757, 2.6301040649414062, 2.611393690109253, 2.6324102878570557, 2.661247491836548, 2.634737253189087, 2.648005247116089, 2.653677463531494, 2.650317430496216, 2.668208122253418, 2.675503969192505, 2.6817309856414795, 2.6853187084198, 2.695878505706787, 2.697195291519165, 2.7113661766052246, 2.7035655975341797, 2.7224996089935303, 2.727674722671509, 2.7184925079345703, 2.746180295944214, 2.7578158378601074, 2.7578766345977783, 2.756700038909912, 2.796322822570801, 2.7748959064483643, 2.781303644180298, 2.801710367202759, 2.7940807342529297, 2.8036110401153564, 2.8157505989074707, 2.825774908065796, 2.8138113021850586, 2.8399581909179688, 2.840392827987671, 2.836864709854126, 2.85893177986145, 2.853630304336548, 2.8665521144866943, 2.867607831954956, 2.847520112991333, 2.8776276111602783, 2.8984150886535645, 2.8873038291931152, 2.8991599082946777, 2.91562557220459, 2.925244092941284, 2.929757833480835, 2.9188172817230225, 2.930044651031494, 2.935422420501709, 2.9431967735290527, 2.9467575550079346, 2.9586613178253174, 2.95681095123291, 2.981058120727539, 2.965186834335327, 2.9406652450561523, 2.9447033405303955, 2.9418556690216064, 2.946209669113159, 2.9366791248321533, 2.9323413372039795, 2.9110360145568848, 2.9187018871307373, 2.8916823863983154, 2.8991081714630127, 2.8974997997283936, 2.8960659503936768, 2.8640356063842773, 2.885315418243408, 2.8773632049560547, 2.875678539276123, 2.8732187747955322, 2.8649566173553467, 2.861884355545044, 2.8389928340911865, 2.8510866165161133, 2.850048065185547, 2.8484370708465576, 2.825561285018921, 2.833109140396118, 2.8300530910491943, 2.79948091506958, 2.836636781692505, 2.8263370990753174, 2.8042521476745605, 2.8021609783172607, 2.8054730892181396, 2.811743974685669, 2.7918753623962402, 2.797879457473755, 2.7878165245056152, 2.7693116664886475, 2.77766489982605, 2.7580325603485107, 2.7716064453125, 2.757354259490967, 2.7713377475738525, 2.7625648975372314, 2.7427334785461426, 2.769268751144409, 2.7383580207824707, 2.7528836727142334, 2.7685585021972656, 2.7373156547546387, 2.7278380393981934, 2.72760009765625, 2.7204346656799316, 2.716998815536499, 2.7178781032562256, 2.7148666381835938, 2.706479072570801, 2.7081708908081055, 2.6999807357788086, 2.698150396347046, 2.6787822246551514, 2.6926393508911133, 2.6849451065063477, 2.661656141281128, 2.6810922622680664, 2.685238838195801, 2.6761255264282227, 2.666612386703491, 2.691004991531372, 2.6625630855560303, 2.6597609519958496, 2.6653878688812256, 2.646620512008667, 2.6490912437438965, 2.649235248565674, 2.6553239822387695, 2.6344943046569824, 2.6477878093719482, 2.633358955383301, 2.6191959381103516, 2.6336753368377686, 2.6199848651885986, 2.6266260147094727, 2.6181604862213135,