{"experiment": "experiment_30", "config": {"experiment": "experiment_30", "seed": 42, "encoder_architecture": {"name": "ResNet50"}, "pretraining": {"training": true, "batch_size": 256, "num_workers_loader": 4, "max_epochs": 500, "projection": {"use_projection": true, "hidden_layer_sizes": "None", "projection_dimension": 128}, "loss": {"name": "WeightedNTXent", "loss_config": {"temperature": 0.1, "weight": "GaussianWeight", "weight_normalization": "negatives_constant_total_weight", "weight_config": {"sigma": 0.5, "mean": "LinearParam", "mean_config": {"begin": -1, "end": 0.6, "factor": 0.99, "steps": 100}, "b_l": -1, "b_u": 1}}}, "optimizer": {"name": "Adam", "config": {"lr": 0.001, "weight_decay": 1e-06}}, "dataset": {"name": "Cifar10", "transforms": {"RandomResizedCrop": {"size": "32,32", "scale": "0.08,1.0", "ratio": "0.75,1.3333333333"}, "RandomHorizontalFlip": {"p": 0.5}, "ColorJitter": {"brightness": 0.4, "contrast": 0.4, "saturation": 0.4, "hue": 0.1, "prob": 0.8}, "RandomGrayscale": {"p": 0.2}, "GaussianBlur": {"kernel_size": 3, "prob": 0.5}}}, "model_dimension": {"embedding_dimension": 2048}}, "testing": {"testing": true, "testing_every_n_epochs": 100, "batch_size": 256, "num_workers_loader": 0, "max_epochs": 60, "dataset": {"val_percentage": 0.1, "name": "Cifar10"}, "optimizer": {"lr": 0.001}, "param_tuning": {"log_min": -6, "log_max": -1, "n_steps": 5}}}, "average_training_loss_per_epoch": [1.0750527381896973, 0.6954030394554138, 0.6186096668243408, 0.595378041267395, 0.5761834979057312, 0.5834161043167114, 0.5785716772079468, 0.6042547821998596, 0.6067839860916138, 0.6037633419036865, 0.6072273254394531, 0.6261758208274841, 0.648598849773407, 0.6934362649917603, 0.7225708365440369, 0.7440686225891113, 0.7597838044166565, 0.7741841673851013, 0.8060135245323181, 0.8149697780609131, 0.8367209434509277, 0.8798828721046448, 0.8964705467224121, 0.9191001057624817, 0.9398396015167236, 0.9666863083839417, 1.0124523639678955, 1.0502963066101074, 1.057259202003479, 1.0745400190353394, 1.0818827152252197, 1.1091856956481934, 1.128919243812561, 1.1553103923797607, 1.193414330482483, 1.216424822807312, 1.2219328880310059, 1.2693392038345337, 1.299984335899353, 1.3432137966156006, 1.3744341135025024, 1.3837429285049438, 1.393368124961853, 1.420509696006775, 1.4577624797821045, 1.4766732454299927, 1.523362398147583, 1.519687533378601, 1.5662472248077393, 1.5856518745422363, 1.626442790031433, 1.632446527481079, 1.650892972946167, 1.6799372434616089, 1.6959542036056519, 1.724761724472046, 1.7355626821517944, 1.7522612810134888, 1.7628933191299438, 1.7878698110580444, 1.8089451789855957, 1.8372052907943726, 1.8572392463684082, 1.8902140855789185, 1.9139089584350586, 1.9129060506820679, 1.932889699935913, 1.9642270803451538, 1.9781330823898315, 1.9930801391601562, 2.0305633544921875, 2.04827880859375, 2.0531256198883057, 2.088862180709839, 2.0949020385742188, 2.107884645462036, 2.1468803882598877, 2.1589183807373047, 2.186073064804077, 2.205718994140625, 2.226702928543091, 2.2279560565948486, 2.2579171657562256, 2.274397134780884, 2.286532402038574, 2.3125455379486084, 2.332601547241211, 2.3402647972106934, 2.3707683086395264, 2.381442070007324, 2.398841142654419, 2.426668167114258, 2.438417911529541, 2.4540083408355713, 2.483903646469116, 2.5009844303131104, 2.5165414810180664, 2.5311038494110107, 2.541876792907715, 2.548903226852417, 2.5647006034851074, 2.557730197906494, 2.531738519668579, 2.515939474105835, 2.520401954650879, 2.5139501094818115, 2.4898252487182617, 2.499465227127075, 2.4769551753997803, 2.4615135192871094, 2.4512317180633545, 2.4253640174865723, 2.421759605407715, 2.425664186477661, 2.3976221084594727, 2.4160897731781006, 2.4124464988708496, 2.3906219005584717, 2.3749911785125732, 2.3864173889160156, 2.3673977851867676, 2.3425161838531494, 2.3562514781951904, 2.3288869857788086, 2.324437141418457, 2.327413320541382, 2.321359157562256, 2.2962794303894043, 2.312892436981201, 2.2910475730895996, 2.275570869445801, 2.2842564582824707, 2.2571394443511963, 2.2677102088928223, 2.2568743228912354, 2.2415711879730225, 2.238924026489258, 2.245248794555664, 2.2300610542297363, 2.2211222648620605, 2.2240660190582275, 2.215003490447998, 2.235846519470215, 2.2067129611968994, 2.1966211795806885, 2.1787326335906982, 2.1779191493988037, 2.1862423419952393, 2.170079231262207, 2.1676909923553467, 2.172783136367798, 2.1640944480895996, 2.1433703899383545, 2.1435282230377197, 2.1494133472442627, 2.147037982940674, 2.1451189517974854, 2.1282691955566406, 2.1085236072540283, 2.1210238933563232, 2.108124256134033, 2.1107263565063477, 2.101040840148926, 2.1128034591674805, 2.080336332321167, 2.0891518592834473, 2.081005573272705, 2.0693843364715576, 2.0859127044677734, 2.078857183456421, 2.0683364868164062, 2.0553812980651855, 2.060565233230591, 2.0562522411346436, 2.051205635070801, 2.0338058471679688, 2.0453526973724365, 2.0355427265167236, 2.031120538711548, 2.0558197498321533, 2.038374900817871, 2.01845645904541, 2.0157086849212646, 2.021785020828247, 2.019080400466919, 2.000067710876465, 2.009838342666626, 1.999319076538086, 1.9881330728530884, 2.0049257278442383, 1.9842312335968018, 1.991547703742981, 1.9858859777450562, 1.985062599182129, 1.981705665588379, 1.9565328359603882, 1.994442343711853, 1.9654920101165771, 1.9809257984161377, 1.9778679609298706, 1.9477547407150269, 1.9454843997955322, 1.936058759689331, 1.9323703050613403, 1.9359817504882812, 1.9359885454177856, 1.926701307296753, 1.933398962020874, 1.932374119758606, 1.9193238019943237, 1.918050765991211, 1.9081605672836304, 1.903560996055603, 1.9131799936294556, 1.8880609273910522, 1.912611722946167, 1.9123833179473877, 1.9008331298828125, 1.8959327936172485, 1.9059044122695923, 1.890699863433838, 1.877481460571289, 1.8896453380584717, 1.8721239566802979, 1.8747838735580444, 1.880181074142456, 1.8807597160339355, 1.856319785118103, 1.8726190328598022, 1.862389087677002, 1.8548929691314697, 1.8602471351623535, 1.8470135927200317, 1.8569533824920654, 1.8546085357666016, 1.8379392623901367, 1.8344438076019287, 1.8453450202941895, 1.8334436416625977, 1.8301037549972534, 1.835152506828308, 1.8316646814346313, 1.8467718362808228, 1.8253999948501587, 1.8151768445968628, 1.8091272115707397, 1.8057702779769897, 1.8193328380584717, 1.8089909553527832, 1.8054261207580566, 1.81640625, 1.807118535041809, 1.7913545370101929, 1.7967252731323242, 1.8030506372451782, 1.8040968179702759, 1.802261233329773, 1.7899243831634521, 1.774884819984436, 1.7797982692718506, 1.7746291160583496, 1.7827227115631104, 1.777574062347412, 1.789228081703186, 1.7584842443466187, 1.773668885231018, 1.7639553546905518, 1.7550925016403198, 1.7719223499298096, 1.7656962871551514, 1.7591562271118164, 1.753995656967163, 1.757731556892395, 1.7588181495666504, 1.7555650472640991, 1.732453465461731, 1.7525714635849, 1.7449289560317993, 1.742823600769043, 1.7620537281036377, 1.7522075176239014, 1.7334790229797363, 1.7278876304626465, 1.7410557270050049, 1.7410534620285034, 1.7221952676773071, 1.7321794033050537, 1.7211928367614746, 1.717839241027832, 1.730795979499817, 1.7150601148605347, 1.7267019748687744, 1.7165673971176147, 1.720725655555725, 1.720535159111023, 1.6972795724868774, 1.7297513484954834, 1.7054853439331055, 1.720041275024414, 1.7210781574249268, 1.6977880001068115, 1.6960220336914062, 1.69224214553833, 1.6869045495986938, 1.6938035488128662, 1.6901068687438965, 1.6901640892028809, 1.6940854787826538, 1.6939929723739624, 1.682592511177063, 1.6887521743774414, 1.676926612854004, 1.6725246906280518, 1.6804850101470947, 1.660947322845459, 1.6860978603363037, 1.683733582496643, 1.6756032705307007, 1.6729812622070312, 1.683563232421875, 1.667522668838501, 1.65902578830719, 1.6704474687576294, 1.6556310653686523, 1.6568845510482788, 1.6655333042144775, 1.667982816696167, 1.644459843635559, 1.6623764038085938, 1.648041844367981, 1.6476564407348633, 1.6519207954406738, 1.643195629119873, 1.6473803520202637, 1.6486108303070068, 