{"experiment": "experiment_A12", "config": {"experiment": "experiment_A12", "seed": 42, "encoder_architecture": {"name": "ResNet50"}, "pretraining": {"training": true, "batch_size": 512, "num_workers_loader": 4, "max_epochs": 500, "projection": {"use_projection": true, "hidden_layer_sizes": "None", "projection_dimension": 128}, "loss": {"name": "WeightedNTXent", "loss_config": {"temperature": 0.1, "weight": "GaussianWeight", "weight_normalization": "None", "weight_config": {"sigma": 0.5, "mean": "LinearParam", "mean_config": {"begin": -1, "end": 1, "factor": 0.99, "steps": 250}, "b_l": -1, "b_u": 1}}}, "optimizer": {"name": "Adam", "config": {"lr": 0.001, "weight_decay": 1e-06}}, "dataset": {"name": "Cifar10", "transforms": {"RandomResizedCrop": {"size": "32,32", "scale": "0.08,1.0", "ratio": "0.75,1.3333333333"}, "RandomHorizontalFlip": {"p": 0.5}, "ColorJitter": {"brightness": 0.4, "contrast": 0.4, "saturation": 0.4, "hue": 0.1, "prob": 0.8}, "RandomGrayscale": {"p": 0.2}, "GaussianBlur": {"kernel_size": 3, "prob": 0.5}}}, "model_dimension": {"embedding_dimension": 2048}}, "testing": {"testing": true, "testing_every_n_epochs": 100, "batch_size": 256, "num_workers_loader": 0, "max_epochs": 60, "dataset": {"val_percentage": 0.1, "name": "Cifar10"}, "optimizer": {"lr": 0.001}, "param_tuning": {"log_min": -6, "log_max": -1, "n_steps": 5}}}, "average_training_loss_per_epoch": [0.002223406918346882, 0.0006559294415637851, 0.0025843100156635046, 0.0029950744938105345, 0.005758751183748245, 0.008815344423055649, 0.01338267419487238, 0.01362441573292017, 0.018735380843281746, 0.019318578764796257, 0.023050781339406967, 0.027540454640984535, 0.03221834450960159, 0.03586316481232643, 0.040017496794462204, 0.04636041447520256, 0.05005757138133049, 0.05586424842476845, 0.06726217269897461, 0.08073810487985611, 0.09727577865123749, 0.114591583609581, 0.13625894486904144, 0.15509828925132751, 0.1723453849554062, 0.18902768194675446, 0.20037421584129333, 0.21493908762931824, 0.22401666641235352, 0.2342786341905594, 0.2503652274608612, 0.26707959175109863, 0.27378520369529724, 0.29118847846984863, 0.304310142993927, 0.3240051567554474, 0.34337007999420166, 0.36226579546928406, 0.38192322850227356, 0.4118106961250305, 0.4369613528251648, 0.4503709077835083, 0.4759482443332672, 0.49274906516075134, 0.5387877821922302, 0.5832821726799011, 0.6343787312507629, 0.636963963508606, 0.6608471274375916, 0.6898386478424072, 0.7189832925796509, 0.7283551692962646, 0.7530514001846313, 0.7750718593597412, 0.7947357892990112, 0.8284392952919006, 0.8667939901351929, 0.8791996240615845, 0.9198828339576721, 0.92598557472229, 0.9367482662200928, 0.949970543384552, 0.9769545197486877, 0.9822016954421997, 0.9842323660850525, 0.990671694278717, 1.0118281841278076, 1.0555908679962158, 1.0678611993789673, 1.068365216255188, 1.0894362926483154, 1.107920527458191, 1.1252936124801636, 1.151746392250061, 1.172533631324768, 1.1948240995407104, 1.2076166868209839, 1.2277169227600098, 1.2656995058059692, 1.290433645248413, 1.3074334859848022, 1.321363091468811, 1.3532114028930664, 1.3540472984313965, 1.387874960899353, 1.4109135866165161, 1.4255262613296509, 1.4406800270080566, 1.457925796508789, 1.4848843812942505, 1.4992698431015015, 1.5240005254745483, 1.537896990776062, 1.540000319480896, 1.582703709602356, 1.5802700519561768, 1.6183993816375732, 1.6320072412490845, 1.6386793851852417, 1.6374638080596924, 1.6694631576538086, 1.6759291887283325, 1.7019009590148926, 1.713984489440918, 1.7380037307739258, 1.7536985874176025, 1.7615818977355957, 1.7903296947479248, 1.797239065170288, 1.8057581186294556, 1.8318220376968384, 1.8237268924713135, 1.8558082580566406, 1.8698300123214722, 1.874893307685852, 1.9041337966918945, 1.909224033355713, 1.9301472902297974, 1.928897500038147, 1.9716843366622925, 1.9673007726669312, 1.9747246503829956, 2.0025477409362793, 1.9969722032546997, 2.0185770988464355, 2.0306458473205566, 2.0390169620513916, 2.031825542449951, 2.061436891555786, 2.0636985301971436, 2.068786144256592, 2.0933732986450195, 2.086289882659912, 2.108400821685791, 2.1059038639068604, 2.0989115238189697, 2.126584768295288, 2.1394073963165283, 2.135823965072632, 2.141105890274048, 2.1624374389648438, 2.15916109085083, 2.164149284362793, 2.157735586166382, 2.170039653778076, 2.166998863220215, 2.1853129863739014, 2.177945137023926, 2.18351411819458, 2.1823761463165283, 2.199479818344116, 2.196990728378296, 2.189633369445801, 2.195303201675415, 2.2029404640197754, 2.2020103931427, 2.201927661895752, 2.2072644233703613, 2.191502094268799, 2.204789876937866, 2.1758718490600586, 2.1932053565979004, 2.1915488243103027, 2.19427752494812, 2.1728718280792236, 2.179802417755127, 2.1821115016937256, 2.166431427001953, 2.1744325160980225, 2.1660964488983154, 2.1649866104125977, 2.1459603309631348, 2.1440861225128174, 2.145256280899048, 2.14990496635437, 2.1226396560668945, 2.1229567527770996, 2.116323709487915, 2.089106798171997, 2.113426446914673, 2.1012279987335205, 2.0774643421173096, 2.0663962364196777, 2.0664284229278564, 2.055476188659668, 2.0328869819641113, 2.03786301612854, 2.022810697555542, 1.9968575239181519, 2.0031657218933105, 1.9754748344421387, 1.9715101718902588, 1.958344578742981, 1.9530436992645264, 1.9282538890838623, 1.9134654998779297, 1.9203383922576904, 1.894257664680481, 1.884535789489746, 1.8920819759368896, 1.8448909521102905, 1.8356605768203735, 1.814719796180725, 1.7986315488815308, 1.7940809726715088, 1.7784944772720337, 1.763725996017456, 1.7435904741287231, 1.733851432800293, 1.707247018814087, 1.703147292137146, 1.6661769151687622, 1.660457968711853, 1.6469999551773071, 1.6164273023605347, 1.6189212799072266, 1.5984293222427368, 1.581825613975525, 1.553297996520996, 1.562598705291748, 1.5261261463165283, 1.5059669017791748, 1.5025126934051514, 1.4662586450576782, 1.4561277627944946, 1.4439120292663574, 1.4224834442138672, 1.391465187072754, 1.3889063596725464, 1.369921088218689, 1.3356744050979614, 1.3333770036697388, 1.301865816116333, 1.2869716882705688, 1.2673568725585938, 1.2405730485916138, 1.2260578870773315, 1.223557710647583, 1.1929198503494263, 1.1741034984588623, 1.1690694093704224, 1.1517586708068848, 1.1250215768814087, 1.0978562831878662, 1.0815199613571167, 1.0637702941894531, 1.0490286350250244, 1.0292595624923706, 1.0052168369293213, 0.989641010761261, 0.986553966999054, 0.9793137311935425, 0.9668673276901245, 0.9643715023994446, 0.9671515822410583, 0.9659035205841064, 0.9681802988052368, 0.9626286029815674, 0.951615571975708, 0.9580947160720825, 0.944858729839325, 0.9470164179801941, 0.9482513070106506, 0.9471570253372192, 0.932990550994873, 0.9414662718772888, 0.9389776587486267, 0.9350371360778809, 0.9357709288597107, 0.9344566464424133, 0.9341824054718018, 0.9193101525306702, 0.9200607538223267, 0.9293447732925415, 0.9260498285293579, 0.9135624170303345, 0.9198561906814575, 0.9161692261695862, 0.9036808609962463, 0.9218609929084778, 0.9188674092292786, 0.9038655757904053, 0.9079225063323975, 0.9043083786964417, 0.9089325070381165, 0.8926345109939575, 0.8981912732124329, 0.896628737449646, 0.8843755722045898, 0.8913996815681458, 0.880272626876831, 0.8848752975463867, 0.8842038512229919, 0.8834936618804932, 0.8780426383018494, 0.8690364956855774, 0.8842218518257141, 0.8710801005363464, 0.8761953115463257, 0.8817017078399658, 0.8680278062820435, 0.871904194355011, 0.8669046759605408, 0.857718288898468, 0.8659493923187256, 0.8601986765861511, 0.8557535409927368, 0.8500299453735352, 0.858474612236023, 0.8459023237228394, 0.856633722782135, 0.8412520885467529, 0.846598744392395, 0.8443915843963623, 0.8281741142272949, 0.8435460925102234, 0.838114857673645, 0.8372957706451416, 0.8308181166648865, 0.8472325205802917, 0.8290153741836548, 0.827903151512146, 0.8354127407073975, 0.8244900703430176, 0.8309563994407654, 0.8259139657020569, 0.8265296220779419, 0.8149024248123169, 0.8232021927833557, 0.8244152069091797, 0.811972975730896, 0.8207277059555054, 