{"experiment": "experiment_2", "config": {"experiment": "experiment_2", "seed": 42, "encoder_architecture": {"name": "ResNet50"}, "pretraining": {"training": true, "batch_size": 256, "num_workers_loader": 4, "max_epochs": 500, "projection": {"use_projection": true, "hidden_layer_sizes": "None", "projection_dimension": 128}, "loss": {"name": "NTXent", "loss_config": {"temperature": 0.1, "weight": "GaussianWeight", "weight_normalization": "negatives_constant_total_weight", "weight_config": {"sigma": 0.75, "mean": "LinearParam", "mean_config": {"begin": -1, "end": 1, "factor": 0.99, "steps": 500}, "b_l": -1, "b_u": 1}}}, "optimizer": {"name": "Adam", "config": {"lr": 0.001, "weight_decay": 1e-06}}, "dataset": {"name": "Cifar10", "transforms": {"RandomResizedCrop": {"size": "32,32", "scale": "0.08,1.0", "ratio": "0.75,1.3333333333"}, "RandomHorizontalFlip": {"p": 0.5}, "ColorJitter": {"brightness": 0.4, "contrast": 0.4, "saturation": 0.4, "hue": 0.1, "prob": 0.8}, "RandomGrayscale": {"p": 0.2}, "GaussianBlur": {"kernel_size": 3, "prob": 0.5}}}, "model_dimension": {"embedding_dimension": 2048}}, "testing": {"testing": true, "testing_every_n_epochs": 100, "batch_size": 256, "num_workers_loader": 0, "max_epochs": 60, "dataset": {"val_percentage": 0.1, "name": "Cifar10"}, "optimizer": {"lr": 0.001}, "param_tuning": {"log_min": -6, "log_max": -1, "n_steps": 5}}}, "average_training_loss_per_epoch": [5.571866989135742, 5.082849025726318, 4.6930251121521, 4.378374099731445, 4.140012264251709, 3.906083106994629, 3.708240032196045, 3.5575485229492188, 3.394258975982666, 3.286162853240967, 3.1746268272399902, 3.10296630859375, 3.0211331844329834, 2.9224395751953125, 2.85176157951355, 2.8059563636779785, 2.7530272006988525, 2.6878983974456787, 2.6493027210235596, 2.6088340282440186, 2.5415384769439697, 2.5137436389923096, 2.4722821712493896, 2.4339330196380615, 2.4022533893585205, 2.3689486980438232, 2.355761766433716, 2.3301010131835938, 2.279043674468994, 2.264589786529541, 2.234874725341797, 2.219747543334961, 2.2010695934295654, 2.185718297958374, 2.168731451034546, 2.1447393894195557, 2.117277145385742, 2.1138155460357666, 2.081777811050415, 2.0821948051452637, 2.072659730911255, 2.033968210220337, 2.024325132369995, 2.01586651802063, 2.026822566986084, 1.9976646900177002, 2.0013887882232666, 1.9590598344802856, 1.9643222093582153, 1.9398126602172852, 1.9586068391799927, 1.9220722913742065, 1.9139137268066406, 1.9098858833312988, 1.902369499206543, 1.8856253623962402, 1.8781095743179321, 1.8732491731643677, 1.8547340631484985, 1.8496984243392944, 1.8419984579086304, 1.8387480974197388, 1.8313640356063843, 1.8344374895095825, 1.821677327156067, 1.7963385581970215, 1.789824366569519, 1.7918649911880493, 1.777858853340149, 1.7677767276763916, 1.7687774896621704, 1.7665190696716309, 1.7487307786941528, 1.7538782358169556, 1.7407771348953247, 1.7312337160110474, 1.739951252937317, 1.7201777696609497, 1.727939248085022, 1.7258604764938354, 1.7135751247406006, 1.6956132650375366, 1.7064746618270874, 1.694500207901001, 1.691569209098816, 1.6843310594558716, 1.6864466667175293, 1.6724246740341187, 1.6761950254440308, 1.6666622161865234, 1.6620781421661377, 1.6656540632247925, 1.65120530128479, 1.6445016860961914, 1.6520485877990723, 1.6481348276138306, 1.6408628225326538, 1.638170838356018, 1.6233515739440918, 1.6139074563980103, 1.6156224012374878, 1.616286277770996, 1.6090928316116333, 1.5980606079101562, 1.6054024696350098, 1.6004937887191772, 1.5920350551605225, 1.6001458168029785, 1.5906256437301636, 1.5841875076293945, 1.584145188331604, 1.5673949718475342, 1.5671966075897217, 1.5757951736450195, 1.5504484176635742, 1.5691845417022705, 1.5696157217025757, 1.5617084503173828, 1.5578043460845947, 1.5667797327041626, 1.5516860485076904, 1.5396537780761719, 1.5487803220748901, 1.5286787748336792, 1.5330651998519897, 1.5409412384033203, 1.5351166725158691, 1.5154716968536377, 1.5309784412384033, 1.5186020135879517, 1.5128294229507446, 1.5211942195892334, 1.5032533407211304, 1.51375150680542, 1.5092597007751465, 1.4942256212234497, 1.4935956001281738, 1.5043355226516724, 1.4962080717086792, 1.4934245347976685, 1.4932968616485596, 1.4896645545959473, 1.5063380002975464, 1.4847321510314941, 1.4788228273391724, 1.4679585695266724, 1.4694238901138306, 1.4769679307937622, 1.4688823223114014, 1.4677248001098633, 1.471462368965149, 1.4660545587539673, 1.451814889907837, 1.4537782669067383, 1.4599268436431885, 1.4576200246810913, 1.4585026502609253, 1.444609522819519, 1.4375507831573486, 1.4414116144180298, 1.4329079389572144, 1.4405906200408936, 1.4358502626419067, 1.4427927732467651, 1.4212785959243774, 1.4295552968978882, 1.4223754405975342, 1.4165414571762085, 1.4293183088302612, 1.4258387088775635, 1.4167370796203613, 1.4088698625564575, 1.415389060974121, 1.4142309427261353, 1.4110275506973267, 1.3958648443222046, 1.4106632471084595, 1.3985899686813354, 1.3979482650756836, 1.4180965423583984, 1.411585807800293, 1.3981177806854248, 1.3901726007461548, 1.3967515230178833, 1.4027048349380493, 1.3794115781784058, 1.399024248123169, 1.3803318738937378, 1.3748515844345093, 1.388228416442871, 1.3716233968734741, 1.383834719657898, 1.378807783126831, 1.3761388063430786, 1.379193902015686, 1.3575953245162964, 1.381122350692749, 1.3660131692886353, 1.3767520189285278, 1.3787163496017456, 1.344974160194397, 1.3475948572158813, 1.342597484588623, 1.340681552886963, 1.3433990478515625, 1.3407623767852783, 1.3333121538162231, 1.3423466682434082, 1.3411411046981812, 1.3325622081756592, 1.3365360498428345, 1.3282289505004883, 1.3255151510238647, 1.3349075317382812, 1.314189076423645, 1.3304665088653564, 1.3285821676254272, 1.3235968351364136, 1.3287230730056763, 1.3308273553848267, 1.3224250078201294, 1.3118923902511597, 1.3212662935256958, 1.3076896667480469, 1.3113211393356323, 1.3203390836715698, 1.3169071674346924, 1.297810435295105, 1.3120986223220825, 1.3005139827728271, 1.3013482093811035, 1.305364966392517, 1.2947492599487305, 1.2987555265426636, 1.3029886484146118, 1.2852574586868286, 1.2856879234313965, 1.3005247116088867, 1.2910215854644775, 1.2872684001922607, 1.2892394065856934, 1.2920852899551392, 1.3056066036224365, 1.2877875566482544, 1.2810617685317993, 1.2737280130386353, 1.2758405208587646, 1.2827907800674438, 1.2776719331741333, 1.2784844636917114, 1.2808887958526611, 1.276073932647705, 1.2627825736999512, 1.268695592880249, 1.2755390405654907, 1.2744026184082031, 1.2765579223632812, 1.262913465499878, 1.2577853202819824, 1.2631150484085083, 1.2555381059646606, 1.265067458152771, 1.263107180595398, 1.26883864402771, 1.2488815784454346, 1.2549223899841309, 1.252659559249878, 1.2478704452514648, 1.2598427534103394, 1.2571709156036377, 1.2515941858291626, 1.2440105676651, 1.2508066892623901, 1.2532343864440918, 1.250518798828125, 1.234456181526184, 1.2513508796691895, 1.2425870895385742, 1.2430166006088257, 1.2579988241195679, 1.2490465641021729, 1.2396245002746582, 1.2362157106399536, 1.2449251413345337, 1.2474620342254639, 1.2299314737319946, 1.2475132942199707, 1.231156587600708, 1.2285690307617188, 1.2396416664123535, 1.224571704864502, 1.2380735874176025, 1.2333595752716064, 1.232046127319336, 1.2351014614105225, 1.2171157598495483, 1.2379056215286255, 1.2231804132461548, 1.2357691526412964, 1.2348006963729858, 1.216142177581787, 1.2155125141143799, 1.2161855697631836, 1.212286353111267, 1.2179298400878906, 1.213304877281189, 1.209326982498169, 1.214945912361145, 1.2165979146957397, 1.207361102104187, 1.2125128507614136, 1.2058920860290527, 1.202707290649414, 1.2105028629302979, 1.1924575567245483, 1.2074801921844482, 1.2056708335876465, 1.2017666101455688, 1.207626223564148, 1.212032675743103, 1.201725959777832, 1.1933478116989136, 1.2032946348190308, 1.1895837783813477, 1.1942241191864014, 1.203726053237915, 1.2018035650253296, 1.1848347187042236, 1.1970587968826294, 1.1884483098983765, 1.1892116069793701, 1.1922897100448608, 1.1816860437393188, 