{"experiment": "experiment_35", "config": {"experiment": "experiment_35", "seed": 42, "encoder_architecture": {"name": "ResNet50"}, "pretraining": {"training": true, "batch_size": 256, "num_workers_loader": 4, "max_epochs": 500, "projection": {"use_projection": true, "hidden_layer_sizes": "None", "projection_dimension": 128}, "loss": {"name": "WeightedNTXent", "loss_config": {"temperature": 0.1, "weight": "GaussianWeight", "weight_normalization": "negatives_constant_total_weight", "weight_config": {"sigma": 0.5, "mean": "LinearParam", "mean_config": {"begin": 0.6, "end": -0.6, "factor": 0.98, "steps": 250}, "b_l": -1, "b_u": 1}}}, "optimizer": {"name": "Adam", "config": {"lr": 0.001, "weight_decay": 1e-06}}, "dataset": {"name": "Cifar10", "transforms": {"RandomResizedCrop": {"size": "32,32", "scale": "0.08,1.0", "ratio": "0.75,1.3333333333"}, "RandomHorizontalFlip": {"p": 0.5}, "ColorJitter": {"brightness": 0.4, "contrast": 0.4, "saturation": 0.4, "hue": 0.1, "prob": 0.8}, "RandomGrayscale": {"p": 0.2}, "GaussianBlur": {"kernel_size": 3, "prob": 0.5}}}, "model_dimension": {"embedding_dimension": 2048}}, "testing": {"testing": true, "testing_every_n_epochs": 100, "batch_size": 256, "num_workers_loader": 0, "max_epochs": 60, "dataset": {"val_percentage": 0.1, "name": "Cifar10"}, "optimizer": {"lr": 0.001}, "param_tuning": {"log_min": -6, "log_max": -1, "n_steps": 5}}}, "average_training_loss_per_epoch": [5.4946208000183105, 5.099791049957275, 4.897893905639648, 4.761552333831787, 4.647381782531738, 4.51066255569458, 4.397092342376709, 4.263559818267822, 4.089531421661377, 3.9793272018432617, 3.825326681137085, 3.7179996967315674, 3.6424694061279297, 3.5222008228302, 3.429318428039551, 3.3716979026794434, 3.3125438690185547, 3.235185384750366, 3.1818456649780273, 3.1268770694732666, 3.0520787239074707, 3.0028903484344482, 2.9446699619293213, 2.8884990215301514, 2.8461124897003174, 2.801063060760498, 2.774221181869507, 2.737730026245117, 2.6807563304901123, 2.6456246376037598, 2.611953020095825, 2.581854820251465, 2.563762903213501, 2.534254312515259, 2.5075459480285645, 2.4645955562591553, 2.4321484565734863, 2.4134275913238525, 2.372177839279175, 2.3739266395568848, 2.346851110458374, 2.3099277019500732, 2.290795087814331, 2.270242214202881, 2.272890090942383, 2.2331039905548096, 2.230220079421997, 2.1800036430358887, 2.176882743835449, 2.147876739501953, 2.151320219039917, 2.1234967708587646, 2.090120553970337, 2.0850696563720703, 2.065760850906372, 2.04318904876709, 2.024695873260498, 2.0230517387390137, 1.9873448610305786, 1.9772027730941772, 1.9671447277069092, 1.9520044326782227, 1.9443037509918213, 1.9338451623916626, 1.9170536994934082, 1.8787469863891602, 1.870719075202942, 1.8728572130203247, 1.8511552810668945, 1.8296642303466797, 1.8294734954833984, 1.814584493637085, 1.7890857458114624, 1.7924262285232544, 1.769156575202942, 1.7561384439468384, 1.7553471326828003, 1.7324057817459106, 1.7333568334579468, 1.727268934249878, 1.7104908227920532, 1.6840306520462036, 1.6854273080825806, 1.6740227937698364, 1.6617172956466675, 1.6490315198898315, 1.6442683935165405, 1.6294132471084595, 1.6243705749511719, 1.6058427095413208, 1.594730257987976, 1.595959186553955, 1.580367922782898, 1.564141869544983, 1.56719970703125, 1.5545926094055176, 1.5419559478759766, 1.5343687534332275, 1.520581841468811, 1.5045746564865112, 1.497048258781433, 1.4920260906219482, 1.4787578582763672, 1.4662115573883057, 1.4703060388565063, 1.4597432613372803, 1.4445773363113403, 1.4484548568725586, 1.4381000995635986, 1.4198719263076782, 1.4136195182800293, 1.3982172012329102, 1.386370301246643, 1.392922043800354, 1.3687050342559814, 1.3765804767608643, 1.3717705011367798, 1.3564140796661377, 1.3488636016845703, 1.352662205696106, 1.3327326774597168, 1.3171513080596924, 1.3196130990982056, 1.3044248819351196, 1.295149803161621, 1.3004831075668335, 1.2921783924102783, 1.2706717252731323, 1.2748303413391113, 1.2638814449310303, 1.2469457387924194, 1.2511214017868042, 1.2346137762069702, 1.2362719774246216, 1.2264387607574463, 1.2067209482192993, 1.2018119096755981, 1.208483099937439, 1.196101188659668, 1.1833858489990234, 1.1812728643417358, 1.1767222881317139, 1.1804004907608032, 1.1606907844543457, 1.1553990840911865, 1.138464093208313, 1.135892629623413, 1.1365758180618286, 1.127341866493225, 1.118213415145874, 1.1167832612991333, 1.1086167097091675, 1.0936939716339111, 1.0913646221160889, 1.092291235923767, 1.0819097757339478, 1.0853863954544067, 1.0678203105926514, 1.0540807247161865, 1.05314302444458, 1.0436450242996216, 1.0435386896133423, 1.0401537418365479, 1.036991000175476, 1.0148992538452148, 1.0148420333862305, 1.009596586227417, 0.9984911680221558, 1.0014792680740356, 0.9917706251144409, 0.9834513068199158, 0.9761200547218323, 0.975242555141449, 0.9677695035934448, 0.960712194442749, 0.9420763254165649, 0.9535371661186218, 0.9406800866127014, 0.935101330280304, 0.9469561576843262, 0.93189537525177, 0.9190473556518555, 0.9102117419242859, 0.9109404683113098, 0.9123997688293457, 0.8964027166366577, 0.898705005645752, 0.8783321976661682, 0.8736384510993958, 0.8757781386375427, 0.8627910017967224, 0.865272581577301, 0.8568481206893921, 0.8500895500183105, 0.8476380705833435, 0.8341419696807861, 0.8480843901634216, 0.8283420205116272, 0.8333349227905273, 0.8248358368873596, 0.7980350255966187, 0.7966021299362183, 0.7931272387504578, 0.7759997844696045, 0.7837663888931274, 0.7742413878440857, 0.7667345404624939, 0.765825629234314, 0.7641996145248413, 0.7504390478134155, 0.7515329718589783, 0.7381443977355957, 0.7285017371177673, 0.7383426427841187, 0.7214950919151306, 0.7212281823158264, 0.7227218151092529, 0.7126138806343079, 0.7099910378456116, 0.7063805460929871, 0.6950095295906067, 0.6872659921646118, 0.6891170144081116, 0.6811135411262512, 0.6728352904319763, 0.6749696731567383, 0.6693028807640076, 0.6533230543136597, 0.6545527577400208, 0.6478449106216431, 0.637931227684021, 0.6365396976470947, 0.6335194706916809, 0.6299644708633423, 0.6216297149658203, 0.6090019345283508, 0.6095154881477356, 0.6137972474098206, 0.6031293272972107, 0.5954245328903198, 0.5956436395645142, 0.5887220501899719, 0.590029776096344, 0.571291446685791, 0.5757607817649841, 0.564468502998352, 0.564038097858429, 0.561603844165802, 0.5522558093070984, 0.5489928126335144, 0.5457442402839661, 0.5410809516906738, 0.5326709747314453, 0.5391648411750793, 0.5395850539207458, 0.5397740602493286, 0.5457916259765625, 0.5401132106781006, 0.5362284183502197, 0.5306335687637329, 0.531038761138916, 0.5364028811454773, 0.5415621995925903, 0.5370721220970154, 0.5269579887390137, 0.5311495065689087, 0.5304960012435913, 0.5283290147781372, 0.5326471924781799, 0.5300281047821045, 0.5299493670463562, 0.530951976776123, 0.5285426378250122, 0.5276885032653809, 0.5247913002967834, 0.5165177583694458, 0.5272428393363953, 0.5275518298149109, 0.5282322764396667, 0.5358782410621643, 0.5284620523452759, 0.528937816619873, 0.5247176289558411, 0.5263458490371704, 0.5308786034584045, 0.5207471251487732, 0.5322394371032715, 0.5153071284294128, 0.519580602645874, 0.523340106010437, 0.5187254548072815, 0.5262660384178162, 0.5198651552200317, 0.5155590772628784, 0.5192701816558838, 0.5185348391532898, 0.5287567973136902, 0.5188256502151489, 0.5197919011116028, 0.5196804404258728, 0.5084807276725769, 0.5154471397399902, 0.5113713145256042, 0.5029548406600952, 0.517285168170929, 0.511526346206665, 0.5084704756736755, 0.5098476409912109, 0.5136739611625671, 0.5051007866859436, 0.5132014155387878, 0.5050622820854187, 0.4997152090072632, 0.5143150091171265, 0.502098023891449, 0.5064248442649841, 0.5114119648933411, 0.5053701400756836, 0.5112770199775696, 0.511583149433136, 0.5067247152328491, 0.5035409927368164, 0.506607174873352, 0.506295919418335, 0.5034670829772949, 0.509874701499939, 0.5031732320785522, 0.4986562430858612, 0.5018845200538635, 0.5002760887145996, 0.4965921938419342, 0.49950340390205383, 0.5031781196594238, 