{"experiment": "experiment_23", "config": {"experiment": "experiment_23", "seed": 42, "encoder_architecture": {"name": "ResNet50"}, "pretraining": {"training": true, "batch_size": 256, "num_workers_loader": 4, "max_epochs": 500, "projection": {"use_projection": true, "hidden_layer_sizes": "None", "projection_dimension": 128}, "loss": {"name": "WeightedNTXent", "loss_config": {"temperature": 0.1, "weight": "GaussianWeight", "weight_normalization": "negatives_constant_total_weight", "weight_config": {"sigma": 0.5, "mean": "LinearParam", "mean_config": {"begin": 1, "end": 1, "factor": 0.98, "steps": 500}, "b_l": -1, "b_u": 1}}}, "optimizer": {"name": "Adam", "config": {"lr": 0.001, "weight_decay": 1e-06}}, "dataset": {"name": "Cifar10", "transforms": {"RandomResizedCrop": {"size": "32,32", "scale": "0.08,1.0", "ratio": "0.75,1.3333333333"}, "RandomHorizontalFlip": {"p": 0.5}, "ColorJitter": {"brightness": 0.4, "contrast": 0.4, "saturation": 0.4, "hue": 0.1, "prob": 0.8}, "RandomGrayscale": {"p": 0.2}, "GaussianBlur": {"kernel_size": 3, "prob": 0.5}}}, "model_dimension": {"embedding_dimension": 2048}}, "testing": {"testing": true, "testing_every_n_epochs": 100, "batch_size": 256, "num_workers_loader": 0, "max_epochs": 60, "dataset": {"val_percentage": 0.1, "name": "Cifar10"}, "optimizer": {"lr": 0.001}, "param_tuning": {"log_min": -6, "log_max": -1, "n_steps": 5}}}, "average_training_loss_per_epoch": [5.8087968826293945, 5.550436019897461, 5.393157005310059, 5.300692558288574, 5.226958751678467, 5.153111934661865, 5.085887908935547, 4.998587608337402, 4.896971225738525, 4.815831184387207, 4.695093631744385, 4.613028049468994, 4.544909477233887, 4.4313063621521, 4.343319892883301, 4.2711334228515625, 4.215687274932861, 4.133100986480713, 4.060405254364014, 4.007724285125732, 3.9324793815612793, 3.8774054050445557, 3.8285984992980957, 3.7753219604492188, 3.729656934738159, 3.67988657951355, 3.6455271244049072, 3.6083481311798096, 3.562598705291748, 3.5265562534332275, 3.4930613040924072, 3.4648730754852295, 3.4383668899536133, 3.407829999923706, 3.3776803016662598, 3.3454456329345703, 3.295875310897827, 3.302856206893921, 3.2514560222625732, 3.2563188076019287, 3.229365348815918, 3.1815378665924072, 3.168860673904419, 3.1466333866119385, 3.1536710262298584, 3.119217872619629, 3.1209681034088135, 3.0711703300476074, 3.0744564533233643, 3.042273998260498, 3.0539543628692627, 3.017352819442749, 2.9956932067871094, 2.9809377193450928, 2.975277900695801, 2.94637131690979, 2.9343714714050293, 2.929495334625244, 2.902803659439087, 2.893587827682495, 2.881678342819214, 2.8789806365966797, 2.8687422275543213, 2.8614139556884766, 2.8429291248321533, 2.806519031524658, 2.814837694168091, 2.8002190589904785, 2.7801594734191895, 2.773761510848999, 2.773940324783325, 2.766195058822632, 2.7413108348846436, 2.7480597496032715, 2.713087558746338, 2.7071871757507324, 2.7268009185791016, 2.6928958892822266, 2.698032855987549, 2.7024362087249756, 2.6872265338897705, 2.6666579246520996, 2.6644835472106934, 2.653515577316284, 2.649244785308838, 2.6354286670684814, 2.6417524814605713, 2.6209499835968018, 2.6267993450164795, 2.6118338108062744, 2.6025519371032715, 2.6038870811462402, 2.5919289588928223, 2.5804450511932373, 2.5875797271728516, 2.570897340774536, 2.569877862930298, 2.5608925819396973, 2.545515537261963, 2.5314061641693115, 2.533862590789795, 2.530271053314209, 2.5167453289031982, 2.502967357635498, 2.5084147453308105, 2.5040977001190186, 2.4972891807556152, 2.5035877227783203, 2.492896795272827, 2.478928327560425, 2.478508234024048, 2.458568811416626, 2.4526255130767822, 2.4601171016693115, 2.4307966232299805, 2.456759452819824, 2.456064224243164, 2.433377265930176, 2.4254465103149414, 2.4387567043304443, 2.4175264835357666, 2.4101457595825195, 2.413947820663452, 2.3819448947906494, 2.392221450805664, 2.4094347953796387, 2.402089834213257, 2.3680806159973145, 2.392299175262451, 2.3780276775360107, 2.367924928665161, 2.3674192428588867, 2.338724374771118, 2.3553433418273926, 2.3511948585510254, 2.336395740509033, 2.3253097534179688, 2.3368871212005615, 2.330941677093506, 2.3243019580841064, 2.322021961212158, 2.3225414752960205, 2.3373618125915527, 2.309551239013672, 2.297736644744873, 2.289132595062256, 2.282738208770752, 2.297330617904663, 2.2825591564178467, 2.283524990081787, 2.2859487533569336, 2.276369094848633, 2.2574732303619385, 2.2606067657470703, 2.265622138977051, 2.2643539905548096, 2.271171808242798, 2.251960039138794, 2.239748239517212, 2.2438855171203613, 2.2334258556365967, 2.2395122051239014, 2.230346441268921, 2.245194435119629, 2.210390567779541, 2.2233638763427734, 2.213956356048584, 2.2052361965179443, 2.226713180541992, 2.2176871299743652, 2.2085793018341064, 2.197117328643799, 2.200474739074707, 2.1992571353912354, 2.194821357727051, 2.1765313148498535, 2.1877849102020264, 2.1857075691223145, 2.1766207218170166, 2.1984665393829346, 2.1886146068573, 2.166969060897827, 2.1638200283050537, 2.17269229888916, 2.1666998863220215, 2.1496622562408447, 2.167179584503174, 2.1596662998199463, 2.148374080657959, 2.1671302318573, 2.1370468139648438, 2.14565110206604, 2.146103858947754, 2.150059223175049, 2.142394781112671, 2.1186463832855225, 2.152308225631714, 2.1277759075164795, 2.1447689533233643, 2.1406729221343994, 2.10642671585083, 2.0993170738220215, 2.090477705001831, 2.0892579555511475, 2.0923044681549072, 2.0925867557525635, 2.0815012454986572, 2.0878710746765137, 2.090841293334961, 2.0797812938690186, 2.0800702571868896, 2.0685107707977295, 2.0639889240264893, 2.0711002349853516, 2.0510752201080322, 2.0753085613250732, 2.073967456817627, 2.0627293586730957, 2.0588369369506836, 2.0665900707244873, 2.0488035678863525, 2.0478804111480713, 2.0570497512817383, 2.0322749614715576, 2.046835422515869, 2.0576326847076416, 2.055194616317749, 2.02748703956604, 2.0466718673706055, 2.038287401199341, 2.033175468444824, 2.029681444168091, 2.016986131668091, 2.0318078994750977, 2.027618646621704, 2.012265205383301, 2.008718967437744, 2.02408766746521, 2.015225410461426, 2.0100789070129395, 2.0111353397369385, 2.013162136077881, 2.0327036380767822, 2.0035207271575928, 1.9955356121063232, 1.9870126247406006, 1.9897507429122925, 2.001659631729126, 1.9884573221206665, 1.9899928569793701, 1.9981704950332642, 1.9895970821380615, 1.9719133377075195, 1.9811162948608398, 1.9884285926818848, 1.9869686365127563, 1.9925419092178345, 1.9775264263153076, 1.9673992395401, 1.9653491973876953, 1.9631423950195312, 1.9678618907928467, 1.9659829139709473, 1.9802515506744385, 1.9488742351531982, 1.9649584293365479, 1.9606032371520996, 1.9507362842559814, 1.966845154762268, 1.9617723226547241, 1.9540177583694458, 1.947704553604126, 1.950962781906128, 1.953208327293396, 1.94985830783844, 1.9323656558990479, 1.9507265090942383, 1.9447853565216064, 1.9407439231872559, 1.9587727785110474, 1.9529740810394287, 1.9301155805587769, 1.9308662414550781, 1.9382452964782715, 1.936371088027954, 1.9193809032440186, 1.935227632522583, 1.9309457540512085, 1.9232866764068604, 1.9390685558319092, 1.914490818977356, 1.9254769086837769, 1.9216951131820679, 1.9288668632507324, 1.9282147884368896, 1.8990076780319214, 1.9316126108169556, 1.914778470993042, 1.9289976358413696, 1.9289363622665405, 1.9051823616027832, 1.901861548423767, 1.8973404169082642, 1.8926299810409546, 1.898145318031311, 1.8953101634979248, 1.889912486076355, 1.8939590454101562, 1.900342345237732, 1.886944055557251, 1.895250678062439, 1.8786449432373047, 1.875772476196289, 1.8854933977127075, 1.8642833232879639, 1.887705683708191, 1.8900978565216064, 1.8788418769836426, 1.880568027496338, 1.8883646726608276, 1.8686739206314087, 1.869866132736206, 1.8765387535095215, 1.857609510421753, 1.8695636987686157, 1.8827582597732544, 1.8796533346176147, 1.8563315868377686, 1.869282841682434, 1.8662241697311401, 1.861131191253662, 1.858683705329895, 1.8471205234527588, 1.8616605997085571, 1.8587673902511597, 1.8457304239273071, 