{"experiment": "experiment_37", "config": {"experiment": "experiment_37", "seed": 42, "encoder_architecture": {"name": "ResNet50"}, "pretraining": {"training": true, "batch_size": 256, "num_workers_loader": 4, "max_epochs": 500, "projection": {"use_projection": true, "hidden_layer_sizes": "None", "projection_dimension": 128}, "loss": {"name": "WeightedNTXent", "loss_config": {"temperature": 0.1, "weight": "GaussianWeight", "weight_normalization": "negatives_constant_total_weight", "weight_config": {"sigma": 1000, "mean": "LinearParam", "mean_config": {"begin": 0.0, "end": 0.0, "factor": 0.98, "steps": 500}, "b_l": -0.9, "b_u": 0.9}}}, "optimizer": {"name": "Adam", "config": {"lr": 0.001, "weight_decay": 1e-06}}, "dataset": {"name": "Cifar10", "transforms": {"RandomResizedCrop": {"size": "32,32", "scale": "0.08,1.0", "ratio": "0.75,1.3333333333"}, "RandomHorizontalFlip": {"p": 0.5}, "ColorJitter": {"brightness": 0.4, "contrast": 0.4, "saturation": 0.4, "hue": 0.1, "prob": 0.8}, "RandomGrayscale": {"p": 0.2}, "GaussianBlur": {"kernel_size": 3, "prob": 0.5}}}, "model_dimension": {"embedding_dimension": 2048}}, "testing": {"testing": true, "testing_every_n_epochs": 100, "batch_size": 256, "num_workers_loader": 0, "max_epochs": 60, "dataset": {"val_percentage": 0.1, "name": "Cifar10"}, "optimizer": {"lr": 0.001}, "param_tuning": {"log_min": -6, "log_max": -1, "n_steps": 5}}}, "average_training_loss_per_epoch": [5.302901268005371, 4.967348098754883, 4.64674711227417, 4.38424825668335, 4.158668518066406, 3.906165838241577, 3.7194738388061523, 3.558936834335327, 3.3795669078826904, 3.2652902603149414, 3.1202476024627686, 3.0346691608428955, 2.952054977416992, 2.863722085952759, 2.793721914291382, 2.753807783126831, 2.7057106494903564, 2.6381728649139404, 2.6082820892333984, 2.5715677738189697, 2.507990598678589, 2.471687078475952, 2.4391162395477295, 2.402219295501709, 2.362898111343384, 2.336766481399536, 2.3256490230560303, 2.2919297218322754, 2.254180669784546, 2.2335023880004883, 2.210325241088867, 2.202371835708618, 2.1871683597564697, 2.163318634033203, 2.1550521850585938, 2.127594232559204, 2.0891497135162354, 2.0967519283294678, 2.057084321975708, 2.0643608570098877, 2.0493876934051514, 2.0242388248443604, 2.0143017768859863, 1.9964512586593628, 2.0130302906036377, 1.9838392734527588, 1.9865200519561768, 1.9420661926269531, 1.9514368772506714, 1.9286396503448486, 1.945075273513794, 1.9181715250015259, 1.9048304557800293, 1.8970645666122437, 1.891387939453125, 1.875367522239685, 1.865480899810791, 1.8604087829589844, 1.8391755819320679, 1.8377715349197388, 1.8316491842269897, 1.8266143798828125, 1.8222999572753906, 1.819846272468567, 1.8066834211349487, 1.7830289602279663, 1.7813681364059448, 1.777725338935852, 1.7707955837249756, 1.7592744827270508, 1.7637649774551392, 1.7559112310409546, 1.7365659475326538, 1.7426493167877197, 1.7250522375106812, 1.718312382698059, 1.724174976348877, 1.7079812288284302, 1.717892050743103, 1.717323899269104, 1.702716588973999, 1.6867737770080566, 1.6925549507141113, 1.682653546333313, 1.680566430091858, 1.6703604459762573, 1.6725367307662964, 1.6606065034866333, 1.6643898487091064, 1.655325174331665, 1.650473952293396, 1.6510725021362305, 1.6436471939086914, 1.6302032470703125, 1.6409202814102173, 1.6365041732788086, 1.630095362663269, 1.6301318407058716, 1.615285038948059, 1.6056537628173828, 1.6044857501983643, 1.6057864427566528, 1.5954294204711914, 1.5834343433380127, 1.5968055725097656, 1.595869541168213, 1.5813156366348267, 1.5889098644256592, 1.5847256183624268, 1.5731565952301025, 1.570609211921692, 1.5614088773727417, 1.5590730905532837, 1.5662263631820679, 1.5439201593399048, 1.5630497932434082, 1.559964656829834, 1.5493324995040894, 1.5461492538452148, 1.548932671546936, 1.5384012460708618, 1.5318483114242554, 1.5357915163040161, 1.5200320482254028, 1.5257295370101929, 1.5320936441421509, 1.5289503335952759, 1.5087684392929077, 1.5243299007415771, 1.5101919174194336, 1.5037237405776978, 1.5120563507080078, 1.4928141832351685, 1.5021790266036987, 1.5016911029815674, 1.4824861288070679, 1.484964370727539, 1.494150161743164, 1.4892343282699585, 1.4778956174850464, 1.483655333518982, 1.4782003164291382, 1.492266297340393, 1.4742449522018433, 1.4688677787780762, 1.460500955581665, 1.458978295326233, 1.465813398361206, 1.459954857826233, 1.4581794738769531, 1.4636062383651733, 1.4564682245254517, 1.4446525573730469, 1.4472416639328003, 1.452950358390808, 1.4498991966247559, 1.4527522325515747, 1.4388772249221802, 1.427663803100586, 1.4323105812072754, 1.4269993305206299, 1.4317909479141235, 1.4282758235931396, 1.436038613319397, 1.4110411405563354, 1.4218814373016357, 1.4156394004821777, 1.4069888591766357, 1.4210221767425537, 1.4185802936553955, 1.4083876609802246, 1.403327465057373, 1.409411907196045, 1.4066160917282104, 1.4020416736602783, 1.3900948762893677, 1.3985329866409302, 1.391635775566101, 1.3898565769195557, 1.4105792045593262, 1.3972045183181763, 1.3863085508346558, 1.3793202638626099, 1.3905292749404907, 1.3921679258346558, 1.3734183311462402, 1.387200951576233, 1.3723831176757812, 1.3675861358642578, 1.3790334463119507, 1.361515760421753, 1.373808741569519, 1.369670033454895, 1.3668866157531738, 1.3701744079589844, 1.348036289215088, 1.3732167482376099, 1.3601744174957275, 1.367555022239685, 1.3708196878433228, 1.336567759513855, 1.338467001914978, 1.3318508863449097, 1.3293330669403076, 1.3370072841644287, 1.3341981172561646, 1.3261284828186035, 1.33560311794281, 1.3327871561050415, 1.3224834203720093, 1.3254390954971313, 1.3180266618728638, 1.3165911436080933, 1.3231414556503296, 1.3060579299926758, 1.324691891670227, 1.324331283569336, 1.3141324520111084, 1.3128637075424194, 1.321732759475708, 1.3090894222259521, 1.3035225868225098, 1.3120465278625488, 1.2973616123199463, 1.3032375574111938, 1.3085049390792847, 1.307388186454773, 1.2887604236602783, 1.306689739227295, 1.2906420230865479, 1.2897343635559082, 1.295588493347168, 1.2804111242294312, 1.2911276817321777, 1.2916797399520874, 1.274619460105896, 1.2792800664901733, 1.2910418510437012, 1.2840838432312012, 1.276445746421814, 1.2810451984405518, 1.2773808240890503, 1.2934917211532593, 1.2766802310943604, 1.2736214399337769, 1.2638330459594727, 1.2694172859191895, 1.274289846420288, 1.269398808479309, 1.2680039405822754, 1.2723218202590942, 1.2696503400802612, 1.2559263706207275, 1.2631474733352661, 1.265011191368103, 1.2695194482803345, 1.272415280342102, 1.259291648864746, 1.2514151334762573, 1.2563010454177856, 1.254756212234497, 1.256055474281311, 1.2557498216629028, 1.2618552446365356, 1.2416545152664185, 1.249066948890686, 1.2503215074539185, 1.2377424240112305, 1.2504229545593262, 1.2513598203659058, 1.2425990104675293, 1.2432775497436523, 1.24480402469635, 1.2470695972442627, 1.2431260347366333, 1.2303158044815063, 1.243573546409607, 1.237053394317627, 1.2361030578613281, 1.2526482343673706, 1.2428112030029297, 1.2335889339447021, 1.229988932609558, 1.2383790016174316, 1.2383488416671753, 1.2234760522842407, 1.2351137399673462, 1.2259036302566528, 1.223198652267456, 1.2319307327270508, 1.2155656814575195, 1.2304892539978027, 1.2288599014282227, 1.2235280275344849, 1.230198860168457, 1.207634449005127, 1.2302519083023071, 1.2211133241653442, 1.2275311946868896, 1.2301299571990967, 1.2125699520111084, 1.211154818534851, 1.2045618295669556, 1.203079342842102, 1.2096246480941772, 1.2091156244277954, 1.204931616783142, 1.2114605903625488, 1.2109293937683105, 1.2013540267944336, 1.2043185234069824, 1.1998374462127686, 1.1971993446350098, 1.2021005153656006, 1.1866706609725952, 1.2068654298782349, 1.202754020690918, 1.1964975595474243, 1.1978530883789062, 1.2059826850891113, 1.1937921047210693, 1.1906038522720337, 1.1978871822357178, 1.1845731735229492, 1.1880019903182983, 1.197507619857788, 1.1956396102905273, 1.1791398525238037, 1.1945910453796387, 1.1839395761489868, 1.1816788911819458, 1.1869598627090454, 1.1752327680587769, 