{"experiment": "experiment_14", "config": {"experiment": "experiment_14", "seed": 42, "encoder_architecture": {"name": "ResNet50"}, "pretraining": {"training": true, "batch_size": 256, "num_workers_loader": 4, "max_epochs": 500, "projection": {"use_projection": true, "hidden_layer_sizes": "None", "projection_dimension": 128}, "loss": {"name": "WeightedNTXent", "loss_config": {"temperature": 0.1, "weight": "GaussianWeight", "weight_normalization": "negatives_constant_total_weight", "weight_config": {"sigma": 0.5, "mean": "RandomParam", "mean_config": {"begin": -1, "end": 1, "factor": 0.99, "steps": 250}, "b_l": -1, "b_u": 1}}}, "optimizer": {"name": "Adam", "config": {"lr": 0.001, "weight_decay": 1e-06}}, "dataset": {"name": "Cifar10", "transforms": {"RandomResizedCrop": {"size": "32,32", "scale": "0.08,1.0", "ratio": "0.75,1.3333333333"}, "RandomHorizontalFlip": {"p": 0.5}, "ColorJitter": {"brightness": 0.4, "contrast": 0.4, "saturation": 0.4, "hue": 0.1, "prob": 0.8}, "RandomGrayscale": {"p": 0.2}, "GaussianBlur": {"kernel_size": 3, "prob": 0.5}}}, "model_dimension": {"embedding_dimension": 2048}}, "testing": {"testing": true, "testing_every_n_epochs": 100, "batch_size": 256, "num_workers_loader": 0, "max_epochs": 60, "dataset": {"val_percentage": 0.1, "name": "Cifar10"}, "optimizer": {"lr": 0.001}, "param_tuning": {"log_min": -6, "log_max": -1, "n_steps": 5}}}, "average_training_loss_per_epoch": [3.2507410049438477, 5.565951347351074, 4.710155487060547, 4.761541366577148, 1.8134241104125977, 2.033581018447876, 0.9722570180892944, 5.008101463317871, 3.293895721435547, 5.003582954406738, 4.128793239593506, 2.521718978881836, 4.832906723022461, 3.969247817993164, 1.6766103506088257, 2.11014723777771, 3.7050583362579346, 1.851700782775879, 1.0078154802322388, 4.55034875869751, 1.0036293268203735, 1.312307357788086, 2.857276201248169, 3.6767561435699463, 0.5872121453285217, 2.789210319519043, 3.824152708053589, 3.739567279815674, 0.8237216472625732, 1.5393863916397095, 0.8943467736244202, 1.0859508514404297, 1.7639786005020142, 0.4992767870426178, 2.4268882274627686, 1.6810412406921387, 0.7963092923164368, 1.4058235883712769, 0.6975045204162598, 1.5371454954147339, 1.1285158395767212, 3.770810842514038, 2.897313117980957, 2.5876309871673584, 3.449315309524536, 2.7591910362243652, 3.280501365661621, 2.5037169456481934, 1.2873094081878662, 2.152681350708008, 2.1439149379730225, 2.7291877269744873, 2.472829818725586, 0.5570467710494995, 1.178077220916748, 1.2943341732025146, 2.8605315685272217, 1.0020792484283447, 2.848898410797119, 2.007233142852783, 0.45043545961380005, 1.166801929473877, 1.4113866090774536, 1.0682798624038696, 0.6837157011032104, 0.7854157090187073, 2.5953891277313232, 3.2776756286621094, 2.1751766204833984, 2.3078057765960693, 2.513765573501587, 0.5216179490089417, 0.5530388355255127, 2.1727566719055176, 1.1085143089294434, 1.8344076871871948, 0.553899347782135, 1.641066074371338, 2.2914059162139893, 2.336697578430176, 1.3368332386016846, 2.2454981803894043, 1.266742467880249, 0.5686900615692139, 1.790893316268921, 2.3769683837890625, 0.42349863052368164, 1.4421298503875732, 2.85052490234375, 2.9421749114990234, 2.6906840801239014, 1.1472184658050537, 0.7469910383224487, 1.6448323726654053, 2.8621418476104736, 1.7700481414794922, 0.4222031533718109, 1.3467657566070557, 0.441659152507782, 0.5368033051490784, 1.0343899726867676, 3.0364327430725098, 2.09269380569458, 2.2319061756134033, 0.8802644610404968, 0.9590056538581848, 0.5330343246459961, 2.806366205215454, 1.6228933334350586, 2.8720099925994873, 2.207582950592041, 1.362208604812622, 2.829617738723755, 2.2405831813812256, 1.028503179550171, 1.2409725189208984, 2.1793739795684814, 1.1556280851364136, 0.6933009624481201, 2.9596107006073, 0.7351109981536865, 0.8696243762969971, 1.8011531829833984, 2.345093250274658, 0.4750296473503113, 1.8313748836517334, 2.56105899810791, 2.4948744773864746, 0.6632397770881653, 1.0669115781784058, 0.6660631895065308, 0.792640209197998, 1.2193694114685059, 0.41615957021713257, 1.6918619871139526, 1.189796805381775, 0.6322587728500366, 1.02974534034729, 0.5677434206008911, 1.112580418586731, 0.8554978370666504, 2.7908248901367188, 2.113170862197876, 1.8739094734191895, 2.5199575424194336, 2.0115294456481934, 2.404097557067871, 1.8779473304748535, 1.003665566444397, 1.6220269203186035, 1.6078308820724487, 2.061479330062866, 1.8759666681289673, 0.49614304304122925, 0.9333013296127319, 1.0206691026687622, 2.2141520977020264, 0.8291063904762268, 2.218275547027588, 1.5675115585327148, 0.40469321608543396, 0.9408766627311707, 1.1257579326629639, 0.8720812797546387, 0.5696490406990051, 0.6563238501548767, 2.0606682300567627, 2.613875389099121, 1.740094542503357, 1.8602268695831299, 2.0082545280456543, 0.4831174612045288, 0.4834098815917969, 1.7617374658584595, 0.9284139275550842, 1.4888789653778076, 0.4994567334651947, 1.3476468324661255, 1.8607476949691772, 1.9244762659072876, 1.126173973083496, 1.8464633226394653, 1.0580849647521973, 0.5069552063941956, 1.5005269050598145, 1.9606750011444092, 0.41105422377586365, 1.2141059637069702, 2.372718334197998, 2.4810824394226074, 2.2439465522766113, 0.9879207611083984, 0.6617656946182251, 1.3971372842788696, 2.4197170734405518, 1.481278896331787, 0.4062180519104004, 1.1450973749160767, 0.41095274686813354, 0.4855300784111023, 0.8829739093780518, 2.5831422805786133, 1.7640577554702759, 1.8816397190093994, 0.7763420939445496, 0.8284332752227783, 0.4773522913455963, 2.406001091003418, 1.3840621709823608, 2.4601051807403564, 1.881284475326538, 1.1767451763153076, 2.433100461959839, 1.9191861152648926, 0.9060613512992859, 1.0763452053070068, 1.8697024583816528, 1.012272834777832, 0.6198932528495789, 2.575892448425293, 0.6717334389686584, 0.7687095999717712, 1.5547547340393066, 2.0270822048187256, 0.448017418384552, 1.5923233032226562, 2.2239303588867188, 2.166910171508789, 0.6136536598205566, 0.9390842914581299, 0.6017490029335022, 0.7010878920555115, 1.0671478509902954, 0.3879891335964203, 1.4788388013839722, 1.0464701652526855, 0.5746985673904419, 0.9090902209281921, 0.5148082971572876, 0.9779226779937744, 0.7616410255432129, 2.456381320953369, 1.848486304283142, 1.6442919969558716, 2.2165002822875977, 1.7646253108978271, 2.1215827465057373, 1.6485965251922607, 0.9003341197967529, 1.4269495010375977, 1.4186387062072754, 1.8232858180999756, 1.6510021686553955, 0.46875354647636414, 0.8342768549919128, 0.9116460084915161, 1.9608443975448608, 0.756816029548645, 1.9667752981185913, 1.3851146697998047, 0.3844621777534485, 0.8410250544548035, 1.003900170326233, 0.7868905663490295, 0.5194396376609802, 0.5926533937454224, 1.8314905166625977, 2.3255536556243896, 1.5457298755645752, 1.6534614562988281, 1.781915307044983, 0.4615292549133301, 0.443839967250824, 1.5747066736221313, 0.8407544493675232, 1.324342966079712, 0.4692915380001068, 1.2025681734085083, 1.658292531967163, 1.715105652809143, 1.0144702196121216, 1.6465023756027222, 0.9558303356170654, 0.4750649929046631, 1.341505527496338, 1.751047968864441, 0.396945983171463, 1.0876989364624023, 2.126169443130493, 2.2293386459350586, 2.0111212730407715, 0.9019673466682434, 0.6094541549682617, 1.2562670707702637, 2.174302816390991, 1.331334114074707, 0.38979819416999817, 1.033796787261963, 0.38384541869163513, 0.4447585940361023, 0.8023964166641235, 2.3407769203186035, 1.590242862701416, 1.6969382762908936, 0.7212463021278381, 0.7569556832313538, 0.4474497139453888, 2.1911792755126953, 1.2563278675079346, 2.231257200241089, 1.7077046632766724, 1.0743868350982666, 2.212587594985962, 1.7421166896820068, 0.8355563879013062, 0.9813550710678101, 1.6970182657241821, 0.9289482235908508, 0.5798967480659485, 2.3575851917266846, 0.6355980634689331, 0.7106898427009583, 1.4131790399551392, 1.8450937271118164, 0.4340195655822754, 1.4495733976364136, 2.0244436264038086, 1.9753682613372803, 0.5835362076759338, 0.862588107585907, 0.5624909996986389, 0.6450892090797424, 0.9764182567596436, 