{"experiment": "experiment_B2", "config": {"experiment": "experiment_B2", "seed": 42, "encoder_architecture": {"name": "ResNet50"}, "pretraining": {"training": true, "batch_size": 1024, "num_workers_loader": 4, "max_epochs": 500, "projection": {"use_projection": true, "hidden_layer_sizes": "None", "projection_dimension": 128}, "loss": {"name": "NTXent", "loss_config": {"temperature": 0.1, "weight": "GaussianWeight", "weight_normalization": "negatives_constant_total_weight", "weight_config": {"sigma": 0.75, "mean": "LinearParam", "mean_config": {"begin": -1, "end": 1, "factor": 0.99, "steps": 500}, "b_l": -1, "b_u": 1}}}, "optimizer": {"name": "Adam", "config": {"lr": 0.001, "weight_decay": 1e-06}}, "dataset": {"name": "Cifar10", "transforms": {"RandomResizedCrop": {"size": "32,32", "scale": "0.08,1.0", "ratio": "0.75,1.3333333333"}, "RandomHorizontalFlip": {"p": 0.5}, "ColorJitter": {"brightness": 0.4, "contrast": 0.4, "saturation": 0.4, "hue": 0.1, "prob": 0.8}, "RandomGrayscale": {"p": 0.2}, "GaussianBlur": {"kernel_size": 3, "prob": 0.5}}}, "model_dimension": {"embedding_dimension": 2048}}, "testing": {"testing": true, "testing_every_n_epochs": 100, "batch_size": 256, "num_workers_loader": 0, "max_epochs": 60, "dataset": {"val_percentage": 0.1, "name": "Cifar10"}, "optimizer": {"lr": 0.001}, "param_tuning": {"log_min": -6, "log_max": -1, "n_steps": 5}}}, "average_training_loss_per_epoch": [7.286633014678955, 6.853492736816406, 6.603514194488525, 6.330693244934082, 6.053506851196289, 5.785248756408691, 5.550355434417725, 5.362055778503418, 5.159000873565674, 4.991802215576172, 4.823827743530273, 4.666507244110107, 4.524144649505615, 4.397781848907471, 4.274996280670166, 4.203008651733398, 4.134373664855957, 4.025209903717041, 3.964198112487793, 3.917520046234131, 3.845186233520508, 3.8091180324554443, 3.7546815872192383, 3.7091758251190186, 3.669672727584839, 3.6141815185546875, 3.5973734855651855, 3.541522741317749, 3.5086631774902344, 3.478766918182373, 3.44368314743042, 3.488913059234619, 3.3968822956085205, 3.391193151473999, 3.368485927581787, 3.334392786026001, 3.3186111450195312, 3.3027312755584717, 3.334031343460083, 3.2607240676879883, 3.2425434589385986, 3.205660581588745, 3.1751716136932373, 3.169656276702881, 3.1659274101257324, 3.139803647994995, 3.16385817527771, 3.122581958770752, 3.1111927032470703, 3.072927713394165, 3.087406635284424, 3.0552353858947754, 3.0374083518981934, 3.0181996822357178, 3.023592710494995, 3.0095133781433105, 2.9891958236694336, 2.9697415828704834, 2.950165033340454, 2.941058397293091, 2.9378793239593506, 2.9314424991607666, 2.9268362522125244, 2.9199411869049072, 2.9022111892700195, 2.8769009113311768, 2.8848187923431396, 2.8668041229248047, 2.862635612487793, 2.8544628620147705, 2.8408374786376953, 2.850147247314453, 2.824986457824707, 2.823373556137085, 2.7961599826812744, 2.787343740463257, 2.7954254150390625, 2.776857852935791, 2.778552770614624, 2.8478782176971436, 2.774982452392578, 2.752946615219116, 2.7581071853637695, 2.742178201675415, 2.7293922901153564, 2.7174458503723145, 2.7343757152557373, 2.7259106636047363, 2.716923236846924, 2.709017515182495, 2.7232580184936523, 2.7082042694091797, 2.6861472129821777, 2.668262243270874, 2.691688060760498, 2.653547763824463, 2.6646056175231934, 2.676539659500122, 2.647019386291504, 2.6311843395233154, 2.632814407348633, 2.632694959640503, 2.61531925201416, 2.6219568252563477, 2.619821071624756, 2.6020169258117676, 2.5980546474456787, 2.5956790447235107, 2.6028974056243896, 2.5820024013519287, 2.5694546699523926, 2.5524444580078125, 2.5562174320220947, 2.5490362644195557, 2.5485708713531494, 2.5506322383880615, 2.5578904151916504, 2.534860372543335, 2.552884101867676, 2.5528030395507812, 2.522357940673828, 2.5155441761016846, 2.5397989749908447, 2.521365165710449, 2.5264081954956055, 2.5106916427612305, 2.511263370513916, 2.5029819011688232, 2.5017764568328857, 2.4890189170837402, 2.485818386077881, 2.487731456756592, 2.47029447555542, 2.4906625747680664, 2.459562301635742, 2.4496166706085205, 2.449676990509033, 2.4602932929992676, 2.4566543102264404, 2.4510302543640137, 2.447850465774536, 2.452472448348999, 2.452561140060425, 2.4420735836029053, 2.43023681640625, 2.4227921962738037, 2.410107135772705, 2.4229419231414795, 2.414980173110962, 2.412280797958374, 2.4177768230438232, 2.4112119674682617, 2.3858511447906494, 2.3919849395751953, 2.4003500938415527, 2.3966636657714844, 2.404461145401001, 2.3896732330322266, 2.3772199153900146, 2.3735108375549316, 2.354177713394165, 2.3709962368011475, 2.3641412258148193, 2.3621325492858887, 2.3524677753448486, 2.3500938415527344, 2.3566057682037354, 2.3513617515563965, 2.3630051612854004, 2.343674421310425, 2.3529038429260254, 2.329908609390259, 2.343730926513672, 2.3426008224487305, 2.33390212059021, 2.316603183746338, 2.3202245235443115, 2.319441080093384, 2.3080203533172607, 2.3327271938323975, 2.3138327598571777, 2.3102378845214844, 2.304464101791382, 2.2952725887298584, 2.298462152481079, 2.305394172668457, 2.2936649322509766, 2.285630702972412, 2.2817492485046387, 2.291173219680786, 2.2698469161987305, 2.2783029079437256, 2.280242443084717, 2.2819693088531494, 2.268155813217163, 2.2659058570861816, 2.2896249294281006, 2.2517852783203125, 2.2726340293884277, 2.2779362201690674, 2.2390553951263428, 2.234720230102539, 2.222059488296509, 2.220820665359497, 2.2290351390838623, 2.2181832790374756, 2.216670513153076, 2.2196638584136963, 2.2270145416259766, 2.2137703895568848, 2.204251289367676, 2.1831305027008057, 2.192042589187622, 2.192779302597046, 2.1881496906280518, 2.190746307373047, 2.2034947872161865, 2.183881998062134, 2.1875874996185303, 2.1997430324554443, 2.1825578212738037, 2.176420211791992, 2.1945316791534424, 2.163285970687866, 2.169172763824463, 2.178191661834717, 2.173828125, 2.167739152908325, 2.1722795963287354, 2.154261589050293, 2.1596832275390625, 2.158076524734497, 2.152946710586548, 2.162111520767212, 2.148437023162842, 2.1312623023986816, 2.1314942836761475, 2.142763376235962, 2.1399283409118652, 2.140176773071289, 2.141697406768799, 2.144052267074585, 2.138253688812256, 2.1277408599853516, 2.1302027702331543, 2.115542411804199, 2.110072612762451, 2.124927043914795, 2.118842601776123, 2.1102471351623535, 2.11995005607605, 2.118053674697876, 2.083995819091797, 2.0999178886413574, 2.1091792583465576, 2.1127305030822754, 2.109255313873291, 2.094987154006958, 2.0895025730133057, 2.08400821685791, 2.0756278038024902, 2.0865511894226074, 2.079975128173828, 2.0864107608795166, 2.0745656490325928, 2.078479766845703, 2.08144474029541, 2.0732064247131348, 2.081942319869995, 2.06377911567688, 2.0816562175750732, 2.058666467666626, 2.0681300163269043, 2.06988525390625, 2.060516834259033, 2.049691677093506, 2.0527024269104004, 2.0536367893218994, 2.0407955646514893, 2.0658750534057617, 2.0522284507751465, 2.04528546333313, 2.041301965713501, 2.033912181854248, 2.043657064437866, 2.0456833839416504, 2.042227268218994, 2.0261635780334473, 2.0251822471618652, 2.0384938716888428, 2.0207197666168213, 2.0270049571990967, 2.020897150039673, 2.030395984649658, 2.022270679473877, 2.015758991241455, 2.031616449356079, 2.005903959274292, 2.020151138305664, 2.0299222469329834, 2.002802610397339, 2.003140687942505, 1.9899016618728638, 1.991431713104248, 1.9987156391143799, 1.9891904592514038, 1.9921762943267822, 1.9857749938964844, 1.9985477924346924, 1.9823145866394043, 1.9817097187042236, 1.9646506309509277, 1.97246253490448, 1.9712640047073364, 1.9699987173080444, 1.965333104133606, 1.9779444932937622, 1.9629188776016235, 1.9662659168243408, 1.9808145761489868, 1.9647397994995117, 1.9556846618652344, 1.971627950668335, 1.9512805938720703, 1.9534523487091064, 1.959533929824829, 1.9624545574188232, 1.9478198289871216, 1.9578784704208374, 1.9437776803970337, 1.9441215991973877, 1.9419981241226196, 1.937931776046753, 1.9463673830032349, 1.9418672323226929, 1.9257655143737793, 1.9245342016220093, 1.9355567693710327, 