{"experiment": "experiment_6", "config": {"experiment": "experiment_6", "seed": 42, "encoder_architecture": {"name": "ResNet50"}, "pretraining": {"training": true, "batch_size": 256, "num_workers_loader": 4, "max_epochs": 500, "projection": {"use_projection": true, "hidden_layer_sizes": "None", "projection_dimension": 128}, "loss": {"name": "WeightedNTXent", "loss_config": {"temperature": 0.1, "weight": "GaussianWeight", "weight_normalization": "negatives_constant_total_weight", "weight_config": {"sigma": 0.5, "mean": "LinearParam", "mean_config": {"begin": -1, "end": 1, "factor": 0.99, "steps": 250}, "b_l": -1, "b_u": 1}}}, "optimizer": {"name": "Adam", "config": {"lr": 0.001, "weight_decay": 1e-06}}, "dataset": {"name": "Cifar10", "transforms": {"RandomResizedCrop": {"size": "32,32", "scale": "0.08,1.0", "ratio": "0.75,1.3333333333"}, "RandomHorizontalFlip": {"p": 0.5}, "ColorJitter": {"brightness": 0.4, "contrast": 0.4, "saturation": 0.4, "hue": 0.1, "prob": 0.8}, "RandomGrayscale": {"p": 0.2}, "GaussianBlur": {"kernel_size": 3, "prob": 0.5}}}, "model_dimension": {"embedding_dimension": 2048}}, "testing": {"testing": true, "testing_every_n_epochs": 100, "batch_size": 256, "num_workers_loader": 0, "max_epochs": 60, "dataset": {"val_percentage": 0.1, "name": "Cifar10"}, "optimizer": {"lr": 0.001}, "param_tuning": {"log_min": -6, "log_max": -1, "n_steps": 5}}}, "average_training_loss_per_epoch": [1.0790027379989624, 0.6705645322799683, 0.591157853603363, 0.5551934242248535, 0.5358288288116455, 0.5234933495521545, 0.4955013394355774, 0.48924964666366577, 0.48408153653144836, 0.4724269509315491, 0.4765087962150574, 0.48054465651512146, 0.48936206102371216, 0.493910551071167, 0.4884631335735321, 0.5169481635093689, 0.5206211805343628, 0.5342488884925842, 0.5602864623069763, 0.5619375705718994, 0.5514718890190125, 0.5635874271392822, 0.5691609978675842, 0.5731573700904846, 0.5745426416397095, 0.5718700289726257, 0.5921397805213928, 0.5926653742790222, 0.6062774062156677, 0.6136752963066101, 0.627265453338623, 0.6232313513755798, 0.6447442770004272, 0.6536985039710999, 0.6613309979438782, 0.6811553239822388, 0.691563069820404, 0.710184633731842, 0.7195854187011719, 0.737066924571991, 0.734839677810669, 0.7273525595664978, 0.7245497107505798, 0.7388819456100464, 0.749923825263977, 0.7572363018989563, 0.7764584422111511, 0.768496572971344, 0.7901125550270081, 0.8048866391181946, 0.8140619397163391, 0.8049561977386475, 0.8318848609924316, 0.8374219536781311, 0.8562421798706055, 0.8667498230934143, 0.8783854842185974, 0.8864019513130188, 0.894006073474884, 0.8882409334182739, 0.9015365839004517, 0.9131012558937073, 0.9203555583953857, 0.9374820590019226, 0.9424484968185425, 0.9482938051223755, 0.9567906260490417, 0.9703817367553711, 0.9800176620483398, 0.989368736743927, 1.0069942474365234, 1.0171217918395996, 1.0291757583618164, 1.048509955406189, 1.0507416725158691, 1.061333179473877, 1.0866059064865112, 1.0943269729614258, 1.1060142517089844, 1.1257126331329346, 1.12812077999115, 1.131385326385498, 1.152114987373352, 1.1563360691070557, 1.1627023220062256, 1.1705043315887451, 1.1761293411254883, 1.1841470003128052, 1.1981648206710815, 1.201419472694397, 1.2133052349090576, 1.2303990125656128, 1.2385013103485107, 1.2418071031570435, 1.2540841102600098, 1.273610234260559, 1.284374475479126, 1.286115288734436, 1.2989307641983032, 1.2982062101364136, 1.3073675632476807, 1.3266773223876953, 1.3286882638931274, 1.3321030139923096, 1.3608118295669556, 1.3713622093200684, 1.3758703470230103, 1.3930548429489136, 1.404971718788147, 1.4095866680145264, 1.4242262840270996, 1.4191900491714478, 1.4335787296295166, 1.4605751037597656, 1.455277681350708, 1.4704915285110474, 1.4935945272445679, 1.4978461265563965, 1.4996484518051147, 1.5238176584243774, 1.5256481170654297, 1.5218976736068726, 1.5442686080932617, 1.5401803255081177, 1.551877498626709, 1.5752606391906738, 1.5830399990081787, 1.5762052536010742, 1.600182294845581, 1.5985783338546753, 1.6021384000778198, 1.624834656715393, 1.6242939233779907, 1.6479421854019165, 1.6438612937927246, 1.6449013948440552, 1.6639564037322998, 1.6805678606033325, 1.681419849395752, 1.6857084035873413, 1.7033441066741943, 1.7092655897140503, 1.7417818307876587, 1.7249059677124023, 1.736075520515442, 1.7361762523651123, 1.7483454942703247, 1.761380672454834, 1.7613853216171265, 1.7712585926055908, 1.7933005094528198, 1.801305890083313, 1.7961333990097046, 1.8070752620697021, 1.8298676013946533, 1.832650899887085, 1.8435399532318115, 1.8445781469345093, 1.8429534435272217, 1.8588283061981201, 1.8630720376968384, 1.8793587684631348, 1.8811689615249634, 1.9011645317077637, 1.8867665529251099, 1.9070532321929932, 1.9154540300369263, 1.9127137660980225, 1.9478009939193726, 1.9417965412139893, 1.9491196870803833, 1.9453752040863037, 1.963466763496399, 1.9708791971206665, 1.9809198379516602, 1.9730539321899414, 1.9935548305511475, 2.000157594680786, 2.0038747787475586, 2.038795232772827, 2.0369553565979004, 2.0296220779418945, 2.0387725830078125, 2.051107406616211, 2.063469409942627, 2.0517091751098633, 2.0798604488372803, 2.073154926300049, 2.080332040786743, 2.104627847671509, 2.0913450717926025, 2.1137232780456543, 2.1136741638183594, 2.124622106552124, 2.1366517543792725, 2.122013568878174, 2.1683363914489746, 2.145095109939575, 2.1750986576080322, 2.1843230724334717, 2.167436361312866, 2.1746156215667725, 2.1776928901672363, 2.17846941947937, 2.1976473331451416, 2.2076539993286133, 2.207153797149658, 2.2304556369781494, 2.2266945838928223, 2.2263078689575195, 2.23349666595459, 2.2351267337799072, 2.2425854206085205, 2.2595794200897217, 2.242432117462158, 2.277787923812866, 2.285735845565796, 2.286987543106079, 2.292672872543335, 2.315549850463867, 2.303318738937378, 2.303563356399536, 2.3293588161468506, 2.3134686946868896, 2.3258516788482666, 2.342179775238037, 2.3522019386291504, 2.328423500061035, 2.36539363861084, 2.3560593128204346, 2.358443021774292, 2.3771963119506836, 2.365710973739624, 2.3849575519561768, 2.3894848823547363, 2.3842906951904297, 2.3789970874786377, 2.406620740890503, 2.4050180912017822, 2.411989212036133, 2.4244298934936523, 2.4247045516967773, 2.4530866146087646, 2.437164068222046, 2.432974100112915, 2.4308314323425293, 2.4447286128997803, 2.4527721405029297, 2.4567766189575195, 2.469482660293579, 2.4786415100097656, 2.470390796661377, 2.4472908973693848, 2.4503583908081055, 2.4570717811584473, 2.4496333599090576, 2.447594165802002, 2.4336678981781006, 2.4164793491363525, 2.4223644733428955, 2.4053823947906494, 2.413426399230957, 2.402756452560425, 2.4129066467285156, 2.3833248615264893, 2.3943300247192383, 2.38814115524292, 2.372309446334839, 2.3868908882141113, 2.3857228755950928, 2.372278928756714, 2.356260061264038, 2.358372211456299, 2.356867551803589, 2.3539791107177734, 2.33142352104187, 2.3466951847076416, 2.340280055999756, 2.334521532058716, 2.357166051864624, 2.338981866836548, 2.3191678524017334, 2.3108906745910645, 2.3262104988098145, 2.3220386505126953, 2.299302577972412, 2.3135321140289307, 2.3023183345794678, 2.294295310974121, 2.3099169731140137, 2.2863211631774902, 2.295747995376587, 2.2803897857666016, 2.2866787910461426, 2.2832040786743164, 2.257754325866699, 2.29411244392395, 2.2668962478637695, 2.281874895095825, 2.27963924407959, 2.2546637058258057, 2.2535853385925293, 2.245927572250366, 2.238204002380371, 2.239450216293335, 2.2445900440216064, 2.238077402114868, 2.2442851066589355, 2.237452745437622, 2.2269763946533203, 2.2246503829956055, 2.2179183959960938, 2.214354991912842, 2.2227790355682373, 2.1907989978790283, 2.2200024127960205, 2.2167623043060303, 2.208975076675415, 2.2021305561065674, 2.217024803161621, 2.1951940059661865, 2.188589572906494, 2.1968536376953125, 2.1766111850738525, 2.186298370361328, 2.192139148712158, 2.1929805278778076, 2.1589245796203613, 2.1856813430786133, 2.170046329498291, 2.1701793670654297, 2.170891523361206, 2.152804374694824, 2.1592774391174316, 