{"experiment": "experiment_31", "config": {"experiment": "experiment_31", "seed": 42, "encoder_architecture": {"name": "ResNet50"}, "pretraining": {"training": true, "batch_size": 256, "num_workers_loader": 4, "max_epochs": 500, "projection": {"use_projection": true, "hidden_layer_sizes": "None", "projection_dimension": 128}, "loss": {"name": "WeightedNTXent", "loss_config": {"temperature": 0.1, "weight": "GaussianWeight", "weight_normalization": "negatives_constant_total_weight", "weight_config": {"sigma": 0.5, "mean": "LinearParam", "mean_config": {"begin": -0.6, "end": 0.6, "factor": 0.99, "steps": 250}, "b_l": -1, "b_u": 1}}}, "optimizer": {"name": "Adam", "config": {"lr": 0.001, "weight_decay": 1e-06}}, "dataset": {"name": "Cifar10", "transforms": {"RandomResizedCrop": {"size": "32,32", "scale": "0.08,1.0", "ratio": "0.75,1.3333333333"}, "RandomHorizontalFlip": {"p": 0.5}, "ColorJitter": {"brightness": 0.4, "contrast": 0.4, "saturation": 0.4, "hue": 0.1, "prob": 0.8}, "RandomGrayscale": {"p": 0.2}, "GaussianBlur": {"kernel_size": 3, "prob": 0.5}}}, "model_dimension": {"embedding_dimension": 2048}}, "testing": {"testing": true, "testing_every_n_epochs": 100, "batch_size": 256, "num_workers_loader": 0, "max_epochs": 60, "dataset": {"val_percentage": 0.1, "name": "Cifar10"}, "optimizer": {"lr": 0.001}, "param_tuning": {"log_min": -6, "log_max": -1, "n_steps": 5}}}, "average_training_loss_per_epoch": [2.007908821105957, 1.5827604532241821, 1.4694682359695435, 1.4183604717254639, 1.4331812858581543, 1.4066531658172607, 1.382788896560669, 1.3569104671478271, 1.3015024662017822, 1.3046835660934448, 1.2514617443084717, 1.234862208366394, 1.2148493528366089, 1.2099422216415405, 1.1924575567245483, 1.1944031715393066, 1.1863287687301636, 1.1630215644836426, 1.1578867435455322, 1.1636289358139038, 1.1587151288986206, 1.1503995656967163, 1.1574225425720215, 1.1522666215896606, 1.1435986757278442, 1.1353650093078613, 1.151939034461975, 1.1581214666366577, 1.132288932800293, 1.1513428688049316, 1.1476868391036987, 1.1376745700836182, 1.1412321329116821, 1.1436964273452759, 1.1578994989395142, 1.143297553062439, 1.1288014650344849, 1.1363167762756348, 1.1290203332901, 1.1491328477859497, 1.1499079465866089, 1.1323866844177246, 1.1319032907485962, 1.138211965560913, 1.1442815065383911, 1.1351418495178223, 1.1595432758331299, 1.1282962560653687, 1.1449337005615234, 1.1320852041244507, 1.158464789390564, 1.1407817602157593, 1.1483232975006104, 1.1543468236923218, 1.1526269912719727, 1.1556116342544556, 1.1580252647399902, 1.160989761352539, 1.1560122966766357, 1.1611789464950562, 1.1672500371932983, 1.1705760955810547, 1.1800256967544556, 1.1844966411590576, 1.1857765913009644, 1.179526925086975, 1.1798292398452759, 1.187738060951233, 1.1846445798873901, 1.1845133304595947, 1.1965126991271973, 1.2002917528152466, 1.197417140007019, 1.2073930501937866, 1.210257649421692, 1.2066365480422974, 1.2220468521118164, 1.2178807258605957, 1.228813648223877, 1.2414201498031616, 1.2382241487503052, 1.231075644493103, 1.2442644834518433, 1.2494226694107056, 1.248513102531433, 1.2549872398376465, 1.258983850479126, 1.2596445083618164, 1.2658705711364746, 1.2659982442855835, 1.2694635391235352, 1.2811387777328491, 1.2774637937545776, 1.2791211605072021, 1.295982837677002, 1.2988173961639404, 1.3032937049865723, 1.306710124015808, 1.3079851865768433, 1.3010234832763672, 1.3082363605499268, 1.3160868883132935, 1.3201828002929688, 1.3076815605163574, 1.3359612226486206, 1.3354839086532593, 1.3292709589004517, 1.3484431505203247, 1.3547877073287964, 1.3482087850570679, 1.3572200536727905, 1.3496713638305664, 1.3550270795822144, 1.3748576641082764, 1.3591339588165283, 1.3737211227416992, 1.38419771194458, 1.381852626800537, 1.3890591859817505, 1.4081714153289795, 1.3956007957458496, 1.38949453830719, 1.4105473756790161, 1.3999707698822021, 1.404850959777832, 1.422092080116272, 1.4228521585464478, 1.4145898818969727, 1.4338563680648804, 1.4276248216629028, 1.4272078275680542, 1.4441097974777222, 1.433436393737793, 1.4516173601150513, 1.4532084465026855, 1.4435538053512573, 1.4526841640472412, 1.4673182964324951, 1.4659358263015747, 1.4655823707580566, 1.4772495031356812, 1.4784842729568481, 1.5024620294570923, 1.4815105199813843, 1.4915419816970825, 1.4887624979019165, 1.4899190664291382, 1.500619649887085, 1.5013810396194458, 1.5046038627624512, 1.5225492715835571, 1.520613431930542, 1.5120173692703247, 1.5248854160308838, 1.5339065790176392, 1.5381184816360474, 1.5467290878295898, 1.5454233884811401, 1.5352166891098022, 1.547539234161377, 1.5455478429794312, 1.563685417175293, 1.562330961227417, 1.574999213218689, 1.5544849634170532, 1.5770528316497803, 1.5771870613098145, 1.5742875337600708, 1.5939581394195557, 1.593887209892273, 1.5930696725845337, 1.5867459774017334, 1.601917028427124, 1.6070194244384766, 1.6087344884872437, 1.5996112823486328, 1.6211652755737305, 1.6201056241989136, 1.6241530179977417, 1.6478244066238403, 1.643394947052002, 1.6372853517532349, 1.638100028038025, 1.6457443237304688, 1.658768892288208, 1.6464502811431885, 1.6635390520095825, 1.657676100730896, 1.6582902669906616, 1.6731891632080078, 1.6625272035598755, 1.6810858249664307, 1.674479365348816, 1.6884931325912476, 1.6946038007736206, 1.675148606300354, 1.7100034952163696, 1.6915688514709473, 1.716987133026123, 1.7191663980484009, 1.691942811012268, 1.702582836151123, 1.7048391103744507, 1.702567219734192, 1.7176960706710815, 1.7215580940246582, 1.715395450592041, 1.7309315204620361, 1.734405517578125, 1.7293163537979126, 1.7376834154129028, 1.7317709922790527, 1.7318309545516968, 1.7491751909255981, 1.7337037324905396, 1.7568392753601074, 1.7644668817520142, 1.7613004446029663, 1.7647182941436768, 1.7827783823013306, 1.7681524753570557, 1.7654764652252197, 1.782793402671814, 1.774360179901123, 1.7780698537826538, 1.795578122138977, 1.8021440505981445, 1.7805122137069702, 1.8027057647705078, 1.7980812788009644, 1.7956126928329468, 1.8090386390686035, 1.794906735420227, 1.8101857900619507, 1.8216042518615723, 1.807673454284668, 1.8160547018051147, 1.8269588947296143, 1.824524998664856, 1.8220237493515015, 1.8327947854995728, 1.8390905857086182, 1.861447811126709, 1.8441351652145386, 1.842192530632019, 1.8372915983200073, 1.8434323072433472, 1.8588792085647583, 1.8540832996368408, 1.8601806163787842, 1.877556562423706, 1.8595374822616577, 1.8474243879318237, 1.8528592586517334, 1.8543589115142822, 1.8562114238739014, 1.8553293943405151, 1.8415318727493286, 1.8258434534072876, 1.832800269126892, 1.8216822147369385, 1.835686445236206, 1.8284368515014648, 1.837389588356018, 1.8056766986846924, 1.8185631036758423, 1.812927484512329, 1.80155611038208, 1.8190333843231201, 1.8131037950515747, 1.8016548156738281, 1.7959365844726562, 1.7987010478973389, 1.8009774684906006, 1.7992531061172485, 1.779463291168213, 1.797593116760254, 1.786784052848816, 1.7877514362335205, 1.7992032766342163, 1.7933247089385986, 1.7749356031417847, 1.7715566158294678, 1.7784031629562378, 1.7800246477127075, 1.7639449834823608, 1.7729641199111938, 1.7635995149612427, 1.7575126886367798, 1.7681852579116821, 1.7475659847259521, 1.763197660446167, 1.7553737163543701, 1.7577043771743774, 1.7546857595443726, 1.731623888015747, 1.7628003358840942, 1.7400420904159546, 1.7566512823104858, 1.7568167448043823, 1.7331479787826538, 1.7297124862670898, 1.7295012474060059, 1.7220765352249146, 1.7287654876708984, 1.7316495180130005, 1.7187469005584717, 1.728829026222229, 1.7265620231628418, 1.7158162593841553, 1.716705322265625, 1.7100393772125244, 1.702407956123352, 1.7128167152404785, 1.6902230978012085, 1.7151018381118774, 1.7130529880523682, 1.704287052154541, 1.7002840042114258, 1.713213324546814, 1.693684697151184, 1.689073920249939, 1.700782060623169, 1.691967487335205, 1.6877433061599731, 1.6964870691299438, 1.6977919340133667, 1.669590950012207, 1.6889665126800537, 1.6787269115447998, 1.6719845533370972, 1.6803463697433472, 