{"experiment": "experiment_18", "config": {"experiment": "experiment_18", "seed": 42, "encoder_architecture": {"name": "ResNet50"}, "pretraining": {"training": true, "batch_size": 256, "num_workers_loader": 4, "max_epochs": 500, "projection": {"use_projection": true, "hidden_layer_sizes": "None", "projection_dimension": 128}, "loss": {"name": "WeightedNTXent", "loss_config": {"temperature": 0.1, "weight": "GaussianWeight", "weight_normalization": "None", "weight_config": {"sigma": 0.5, "mean": "LinearParam", "mean_config": {"begin": -1, "end": 1, "factor": 0.99, "steps": 125}, "b_l": -1, "b_u": 1}}}, "optimizer": {"name": "Adam", "config": {"lr": 0.001, "weight_decay": 1e-06}}, "dataset": {"name": "Cifar10", "transforms": {"RandomResizedCrop": {"size": "32,32", "scale": "0.08,1.0", "ratio": "0.75,1.3333333333"}, "RandomHorizontalFlip": {"p": 0.5}, "ColorJitter": {"brightness": 0.4, "contrast": 0.4, "saturation": 0.4, "hue": 0.1, "prob": 0.8}, "RandomGrayscale": {"p": 0.2}, "GaussianBlur": {"kernel_size": 3, "prob": 0.5}}}, "model_dimension": {"embedding_dimension": 2048}}, "testing": {"testing": true, "testing_every_n_epochs": 100, "batch_size": 256, "num_workers_loader": 0, "max_epochs": 60, "dataset": {"val_percentage": 0.1, "name": "Cifar10"}, "optimizer": {"lr": 0.001}, "param_tuning": {"log_min": -6, "log_max": -1, "n_steps": 5}}}, "average_training_loss_per_epoch": [0.0008334707817994058, 0.0010925561655312777, 0.0011215715203434229, 0.0025333554949611425, 0.0029443923849612474, 0.002574647543951869, 0.00567732285708189, 0.007279665675014257, 0.010135547257959843, 0.0123426029458642, 0.016833126544952393, 0.020407604053616524, 0.02465277910232544, 0.028933031484484673, 0.036340851336717606, 0.04272742569446564, 0.052796803414821625, 0.06087777763605118, 0.07607224583625793, 0.08969540148973465, 0.1033698245882988, 0.12072300910949707, 0.13970936834812164, 0.16090619564056396, 0.1857067197561264, 0.22980844974517822, 0.3250482380390167, 0.39280304312705994, 0.44178304076194763, 0.4862503409385681, 0.5447133183479309, 0.587559163570404, 0.6510019302368164, 0.7010368704795837, 0.7480683326721191, 0.8422045111656189, 0.9283273220062256, 0.9825882315635681, 1.0358887910842896, 1.1052446365356445, 1.1582781076431274, 1.2191801071166992, 1.285725474357605, 1.3416279554367065, 1.3971049785614014, 1.4265894889831543, 1.4767032861709595, 1.490280032157898, 1.5397952795028687, 1.5681390762329102, 1.6140625476837158, 1.6349176168441772, 1.6746056079864502, 1.7218085527420044, 1.7499216794967651, 1.7935022115707397, 1.8182101249694824, 1.841378092765808, 1.8713815212249756, 1.8990068435668945, 1.9280390739440918, 1.966529369354248, 1.9816962480545044, 2.0165305137634277, 2.034839153289795, 2.032785415649414, 2.0576491355895996, 2.082615852355957, 2.095020294189453, 2.106750726699829, 2.1358394622802734, 2.140228033065796, 2.140648126602173, 2.1730289459228516, 2.1608505249023438, 2.15936279296875, 2.186530828475952, 2.1801822185516357, 2.191828489303589, 2.1959593296051025, 2.187185525894165, 2.179669141769409, 2.184197187423706, 2.1800107955932617, 2.172775983810425, 2.170386791229248, 2.161029815673828, 2.145442485809326, 2.1426124572753906, 2.121515989303589, 2.1082212924957275, 2.1012837886810303, 2.079890489578247, 2.052933931350708, 2.0486624240875244, 2.0342931747436523, 2.017401933670044, 1.9925265312194824, 1.9614930152893066, 1.929175615310669, 1.9056943655014038, 1.889742374420166, 1.8549442291259766, 1.8241580724716187, 1.8151723146438599, 1.7838886976242065, 1.7513165473937988, 1.7297204732894897, 1.6927917003631592, 1.6513501405715942, 1.6257340908050537, 1.5846189260482788, 1.551620364189148, 1.5211682319641113, 1.4820765256881714, 1.4649077653884888, 1.4299712181091309, 1.385758399963379, 1.3481484651565552, 1.3270434141159058, 1.2777791023254395, 1.232430100440979, 1.2115354537963867, 1.172012448310852, 1.1352771520614624, 1.115404725074768, 1.1068546772003174, 1.0883452892303467, 1.0973615646362305, 1.080642819404602, 1.071894645690918, 1.0740889310836792, 1.0549546480178833, 1.05962336063385, 1.054843544960022, 1.0417603254318237, 1.038603663444519, 1.0408872365951538, 1.029657006263733, 1.0233838558197021, 1.0192277431488037, 1.0149420499801636, 1.0282959938049316, 1.0040136575698853, 0.9993840456008911, 0.9829028248786926, 0.9880797863006592, 0.9867849349975586, 0.9781540036201477, 0.9745670557022095, 0.974596381187439, 0.9658519625663757, 0.9542891979217529, 0.9537018537521362, 0.9526410102844238, 0.9512746334075928, 0.9514293670654297, 0.9382100105285645, 0.9280092716217041, 0.9227496981620789, 0.9231359362602234, 0.9230509996414185, 0.9138877391815186, 0.9182491898536682, 0.9000736474990845, 0.9044262766838074, 0.8990462422370911, 0.8895317316055298, 0.8949821591377258, 0.8884454965591431, 0.8811507821083069, 0.8735087513923645, 0.8778175711631775, 0.8746306896209717, 0.869345486164093, 0.8528786897659302, 0.8684946298599243, 0.8568722605705261, 0.8522034287452698, 0.8673981428146362, 0.8579952120780945, 0.8453275561332703, 0.8421428203582764, 0.841629147529602, 0.8466500639915466, 0.8261743783950806, 0.8363973498344421, 0.8188216686248779, 0.8188486695289612, 0.8259609937667847, 0.8136613368988037, 0.8180189728736877, 0.8185564279556274, 0.8148937225341797, 0.8070265650749207, 0.7879242300987244, 0.8127263188362122, 0.7976438403129578, 0.8046917915344238, 0.8017141222953796, 0.7805472612380981, 0.7801345586776733, 0.7778461575508118, 0.774787962436676, 0.7811505198478699, 0.7734256386756897, 0.7701155543327332, 0.7746793627738953, 0.7724237442016602, 0.7663122415542603, 0.7661970853805542, 0.7567896842956543, 0.7502145171165466, 0.7578598260879517, 0.7429500818252563, 0.7549964189529419, 0.7604811787605286, 0.7494249939918518, 0.7453994750976562, 0.7468024492263794, 0.7363787293434143, 0.7314391136169434, 0.7397377490997314, 0.7321314811706543, 0.7343713045120239, 0.7363532781600952, 0.7342340350151062, 0.7208638191223145, 0.7278900742530823, 0.7223327159881592, 0.7150853276252747, 0.7190096974372864, 0.7105447053909302, 0.7099272608757019, 0.714206337928772, 0.7013116478919983, 0.7025919556617737, 0.7090281248092651, 0.7040395140647888, 0.6990811824798584, 0.7005575895309448, 0.7024534940719604, 0.7069308757781982, 0.6935738921165466, 0.6932462453842163, 0.6837891340255737, 0.6888882517814636, 0.6950203776359558, 0.6854242086410522, 0.688008189201355, 0.6869286894798279, 0.6825035214424133, 0.6757305264472961, 0.6771600842475891, 0.6783874034881592, 0.6803183555603027, 0.6812061667442322, 0.6717125773429871, 0.6615373492240906, 0.669356644153595, 0.6667897701263428, 0.6689958572387695, 0.6693370938301086, 0.6684991121292114, 0.6512115001678467, 0.6609123945236206, 0.6578259468078613, 0.6505017280578613, 0.6594125032424927, 0.6540222764015198, 0.6526439785957336, 0.651150643825531, 0.6505936980247498, 0.6515147089958191, 0.6519718766212463, 0.6379156112670898, 0.6492668390274048, 0.6455355286598206, 0.6430155038833618, 0.652611255645752, 0.6515305638313293, 0.6385026574134827, 0.6354573965072632, 0.6404505372047424, 0.6436827182769775, 0.6260337233543396, 0.6386381387710571, 0.6292091608047485, 0.6267296671867371, 0.6361419558525085, 0.6249552965164185, 0.6310035586357117, 0.6319736838340759, 0.6280205845832825, 0.6269476413726807, 0.6106182336807251, 0.6331121325492859, 0.6198779940605164, 0.6266570091247559, 0.6259630918502808, 0.6129003167152405, 0.6138376593589783, 0.6124699115753174, 0.6112133264541626, 0.6117838025093079, 0.6091779470443726, 0.6079438924789429, 0.6120104789733887, 0.6107667684555054, 0.609572172164917, 0.6066950559616089, 0.6017085313796997, 0.5976468920707703, 0.6041731238365173, 0.5918087959289551, 0.6026163101196289, 0.6054582595825195, 0.59791499376297, 0.5989643335342407, 0.5972804427146912, 0.5908677577972412, 0.5897467732429504, 0.5932774543762207, 0.5901831388473511, 0.5917563438415527, 0.5954175591468811, 0.5937360525131226, 0.5863222479820251, 0.5874336957931519, 0.5871172547340393, 