{"experiment": "experiment_C2", "config": {"experiment": "experiment_C2", "seed": 42, "encoder_architecture": {"name": "ResNet50"}, "pretraining": {"training": true, "batch_size": 256, "num_workers_loader": 4, "max_epochs": 500, "projection": {"use_projection": true, "hidden_layer_sizes": "None", "projection_dimension": 128}, "loss": {"name": "WeightedNTXent", "loss_config": {"temperature": 0.1, "weight": "GaussianWeight", "weight_normalization": "negatives_constant_total_weight", "weight_config": {"sigma": 0.5, "mean": "LinearParam", "mean_config": {"begin": -1, "end": 1, "factor": 0.99, "steps": 100}, "b_l": -1, "b_u": 1}}}, "optimizer": {"name": "Adam", "config": {"lr": 0.001, "weight_decay": 1e-06}}, "dataset": {"name": "Cifar100", "transforms": {"RandomResizedCrop": {"size": "32,32", "scale": "0.08,1.0", "ratio": "0.75,1.3333333333"}, "RandomHorizontalFlip": {"p": 0.5}, "ColorJitter": {"brightness": 0.4, "contrast": 0.4, "saturation": 0.4, "hue": 0.1, "prob": 0.8}, "RandomGrayscale": {"p": 0.2}, "GaussianBlur": {"kernel_size": 3, "prob": 0.5}}}, "model_dimension": {"embedding_dimension": 2048}}, "testing": {"testing": true, "testing_every_n_epochs": 100, "batch_size": 256, "num_workers_loader": 0, "max_epochs": 60, "dataset": {"val_percentage": 0.1, "name": "Cifar100"}, "optimizer": {"lr": 0.001}, "param_tuning": {"log_min": -6, "log_max": -1, "n_steps": 5}}}, "average_training_loss_per_epoch": [1.051483392715454, 0.752456545829773, 0.7040582895278931, 0.6726277470588684, 0.6575018763542175, 0.6430835723876953, 0.6414459943771362, 0.6621906161308289, 0.6712806820869446, 0.6978564858436584, 0.7440725564956665, 0.7679572701454163, 0.8258822560310364, 0.8398947715759277, 0.8494670987129211, 0.8736691474914551, 0.9143730998039246, 0.938920795917511, 0.9823300242424011, 1.030269742012024, 1.0903353691101074, 1.1321640014648438, 1.169653296470642, 1.1887249946594238, 1.1998878717422485, 1.2232321500778198, 1.2688320875167847, 1.2972356081008911, 1.337792158126831, 1.392358422279358, 1.4279526472091675, 1.468812346458435, 1.5090304613113403, 1.5386804342269897, 1.581241250038147, 1.6074028015136719, 1.6330134868621826, 1.6781232357025146, 1.7116659879684448, 1.7369788885116577, 1.7743945121765137, 1.7843732833862305, 1.8028520345687866, 1.8331103324890137, 1.881023645401001, 1.8871604204177856, 1.9454846382141113, 1.9283819198608398, 1.9703940153121948, 1.9922252893447876, 2.0404062271118164, 2.0525906085968018, 2.077929735183716, 2.0974366664886475, 2.125544309616089, 2.140935182571411, 2.1787846088409424, 2.2080461978912354, 2.216433525085449, 2.2551074028015137, 2.273059606552124, 2.304936170578003, 2.342930793762207, 2.3673229217529297, 2.357938528060913, 2.3939335346221924, 2.437037467956543, 2.4475607872009277, 2.463294506072998, 2.4880259037017822, 2.5189623832702637, 2.543128252029419, 2.5584053993225098, 2.6001193523406982, 2.5928127765655518, 2.6269724369049072, 2.6522128582000732, 2.6567370891571045, 2.6940841674804688, 2.7288341522216797, 2.742969036102295, 2.7553603649139404, 2.7776083946228027, 2.7975807189941406, 2.8070197105407715, 2.846165895462036, 2.877591133117676, 2.8786559104919434, 2.902991771697998, 2.923118829727173, 2.9386250972747803, 2.9576685428619385, 2.9846255779266357, 2.9937753677368164, 3.0236828327178955, 3.030822277069092, 3.055621862411499, 3.0750062465667725, 3.089210271835327, 3.1054177284240723, 3.117111921310425, 3.1025490760803223, 3.0810093879699707, 3.060837745666504, 3.0592684745788574, 3.0310306549072266, 3.0109963417053223, 3.020705223083496, 3.004918098449707, 2.993896484375, 2.962369918823242, 2.954277276992798, 2.9384419918060303, 2.921004056930542, 2.9204814434051514, 2.921309471130371, 2.9139671325683594, 2.8981921672821045, 2.8724305629730225, 2.8789756298065186, 2.8463711738586426, 2.8443541526794434, 2.8394484519958496, 2.8156023025512695, 2.824434280395508, 2.8038716316223145, 2.810560703277588, 2.7799081802368164, 2.788909673690796, 2.7689380645751953, 2.7639474868774414, 2.7514383792877197, 2.7386343479156494, 2.746342420578003, 2.7317497730255127, 2.7103660106658936, 2.7132885456085205, 2.711493968963623, 2.695629119873047, 2.6982903480529785, 2.692002296447754, 2.688016176223755, 2.6938133239746094, 2.6614317893981934, 2.6588761806488037, 2.651477575302124, 2.616337299346924, 2.6388089656829834, 2.630267858505249, 2.622990846633911, 2.617476224899292, 2.6251044273376465, 2.5942764282226562, 2.582120418548584, 2.5954232215881348, 2.593269109725952, 2.589449882507324, 2.5743749141693115, 2.565870761871338, 2.5741348266601562, 2.5360565185546875, 2.540558099746704, 2.5414230823516846, 2.5415191650390625, 2.5204763412475586, 2.5281333923339844, 2.527494430541992, 2.510589599609375, 2.532000780105591, 2.5206174850463867, 2.5034544467926025, 2.4942243099212646, 2.498957872390747, 2.4922618865966797, 2.501289129257202, 2.4717609882354736, 2.477382183074951, 2.4643661975860596, 2.458575487136841, 2.4770829677581787, 2.474973201751709, 2.449195384979248, 2.4410550594329834, 2.438502788543701, 2.435312032699585, 2.418189287185669, 2.4275903701782227, 2.425360679626465, 2.420048952102661, 2.426482915878296, 2.3902626037597656, 2.404637098312378, 2.39797043800354, 2.4204049110412598, 2.4086756706237793, 2.385953903198242, 2.400466203689575, 2.3836941719055176, 2.3999521732330322, 2.393880605697632, 2.3697965145111084, 2.3635733127593994, 2.359005928039551, 2.345372200012207, 2.3568432331085205, 2.3444290161132812, 2.331181526184082, 2.3480401039123535, 2.348275899887085, 2.340088367462158, 2.3230645656585693, 2.3177003860473633, 2.314283609390259, 2.3024919033050537, 2.310124158859253, 2.3183858394622803, 2.3274953365325928, 2.309126615524292, 2.297206163406372, 2.300447702407837, 2.2864067554473877, 2.279609441757202, 2.2869935035705566, 2.27065372467041, 2.2769408226013184, 2.2708280086517334, 2.2763161659240723, 2.2541680335998535, 2.2708497047424316, 2.2550694942474365, 2.2524542808532715, 2.2540671825408936, 2.249476909637451, 2.2508413791656494, 2.243861675262451, 2.2264623641967773, 2.2415788173675537, 2.237131118774414, 2.2323381900787354, 2.2305450439453125, 2.231830596923828, 2.228306531906128, 2.2456021308898926, 2.220546245574951, 2.2116594314575195, 2.213676691055298, 2.191967725753784, 2.2060186862945557, 2.204244375228882, 2.1986749172210693, 2.19571852684021, 2.207197904586792, 2.179591417312622, 2.1788973808288574, 2.1874780654907227, 2.1875157356262207, 2.186175584793091, 2.1773836612701416, 2.1693828105926514, 2.1768784523010254, 2.14249849319458, 2.1547141075134277, 2.1664044857025146, 2.1613683700561523, 2.1496450901031494, 2.1544339656829834, 2.1505849361419678, 2.145057439804077, 2.166872262954712, 2.158076524734497, 2.1475093364715576, 2.146148681640625, 2.1414103507995605, 2.139531135559082, 2.1444363594055176, 2.125296115875244, 2.1315395832061768, 2.1217527389526367, 2.118525981903076, 2.137392282485962, 2.1392529010772705, 2.1114747524261475, 2.1136927604675293, 2.1053526401519775, 2.1093993186950684, 2.0952351093292236, 2.1048052310943604, 2.1084752082824707, 2.098271131515503, 2.1049067974090576, 2.076294422149658, 2.0917110443115234, 2.0862019062042236, 2.1082863807678223, 2.099719762802124, 2.0787758827209473, 2.1005029678344727, 2.081217050552368, 2.0992255210876465, 2.0993621349334717, 2.082490921020508, 2.07205867767334, 2.0655710697174072, 2.059304714202881, 2.065340757369995, 2.0652878284454346, 2.0486319065093994, 2.0658984184265137, 2.0662238597869873, 2.0617053508758545, 2.050867795944214, 2.0448086261749268, 2.0424821376800537, 2.036958694458008, 2.0412216186523438, 2.0544283390045166, 2.057149887084961, 2.0456104278564453, 2.037626266479492, 2.041905403137207, 2.028500556945801, 2.0248496532440186, 2.0359997749328613, 2.0217812061309814, 2.0260326862335205, 2.022321939468384, 2.0271942615509033, 2.005903482437134, 2.0280544757843018, 2.0143744945526123, 2.0114574432373047, 2.013308048248291, 2.0099565982818604, 2.010195732116699, 2.0120270252227783, 