{"experiment": "experiment_15", "config": {"experiment": "experiment_15", "seed": 42, "encoder_architecture": {"name": "ResNet50"}, "pretraining": {"training": true, "batch_size": 256, "num_workers_loader": 4, "max_epochs": 500, "projection": {"use_projection": true, "hidden_layer_sizes": "None", "projection_dimension": 128}, "loss": {"name": "WeightedNTXent", "loss_config": {"temperature": 0.1, "weight": "GaussianWeight", "weight_normalization": "negatives_constant_total_weight", "weight_config": {"sigma": 0.5, "mean": "LinearParam", "mean_config": {"begin": -1, "end": 1, "factor": 0.99, "steps": 75}, "b_l": -1, "b_u": 1}}}, "optimizer": {"name": "Adam", "config": {"lr": 0.001, "weight_decay": 1e-06}}, "dataset": {"name": "Cifar10", "transforms": {"RandomResizedCrop": {"size": "32,32", "scale": "0.08,1.0", "ratio": "0.75,1.3333333333"}, "RandomHorizontalFlip": {"p": 0.5}, "ColorJitter": {"brightness": 0.4, "contrast": 0.4, "saturation": 0.4, "hue": 0.1, "prob": 0.8}, "RandomGrayscale": {"p": 0.2}, "GaussianBlur": {"kernel_size": 3, "prob": 0.5}}}, "model_dimension": {"embedding_dimension": 2048}}, "testing": {"testing": true, "testing_every_n_epochs": 100, "batch_size": 256, "num_workers_loader": 0, "max_epochs": 60, "dataset": {"val_percentage": 0.1, "name": "Cifar10"}, "optimizer": {"lr": 0.001}, "param_tuning": {"log_min": -6, "log_max": -1, "n_steps": 5}}}, "average_training_loss_per_epoch": [1.070717215538025, 0.722604513168335, 0.6590614318847656, 0.6586411595344543, 0.6540864109992981, 0.6853010058403015, 0.6922687292098999, 0.7213966250419617, 0.740837812423706, 0.7844401597976685, 0.8451608419418335, 0.8804782629013062, 0.9399014115333557, 0.9829316139221191, 1.0113650560379028, 1.0961719751358032, 1.149587631225586, 1.16773521900177, 1.2379499673843384, 1.2989360094070435, 1.343352198600769, 1.3949143886566162, 1.4559836387634277, 1.509930968284607, 1.5696096420288086, 1.5882790088653564, 1.6535944938659668, 1.7124269008636475, 1.7446554899215698, 1.8081289529800415, 1.8581876754760742, 1.902483582496643, 1.948717474937439, 1.9837167263031006, 2.043307304382324, 2.061197519302368, 2.08176589012146, 2.139370918273926, 2.1621906757354736, 2.2212295532226562, 2.2670199871063232, 2.28108811378479, 2.314432144165039, 2.3437483310699463, 2.4104037284851074, 2.4210691452026367, 2.479426622390747, 2.47320294380188, 2.5380635261535645, 2.5584542751312256, 2.613898992538452, 2.6364190578460693, 2.672379970550537, 2.7030603885650635, 2.7378203868865967, 2.7652456760406494, 2.8014159202575684, 2.8333375453948975, 2.854546546936035, 2.8880674839019775, 2.922110080718994, 2.9566783905029297, 2.9959983825683594, 3.026707410812378, 3.0653865337371826, 3.0505518913269043, 3.0931756496429443, 3.1290080547332764, 3.149703025817871, 3.1647396087646484, 3.208199977874756, 3.241462230682373, 3.2401938438415527, 3.281208038330078, 3.285369634628296, 3.302863121032715, 3.305431842803955, 3.264918327331543, 3.2462291717529297, 3.238783121109009, 3.223369598388672, 3.182914972305298, 3.1691837310791016, 3.149535655975342, 3.135692834854126, 3.1148321628570557, 3.108241319656372, 3.086472749710083, 3.081892728805542, 3.0619890689849854, 3.0507278442382812, 3.0414011478424072, 3.0162534713745117, 2.9998209476470947, 3.001230001449585, 2.9882283210754395, 2.973034143447876, 2.9579055309295654, 2.9370336532592773, 2.9200613498687744, 2.9093706607818604, 2.9097402095794678, 2.894683837890625, 2.8733909130096436, 2.864830255508423, 2.8668789863586426, 2.84946870803833, 2.853400230407715, 2.835822582244873, 2.8229317665100098, 2.812467098236084, 2.787586212158203, 2.7849278450012207, 2.782620906829834, 2.75813364982605, 2.773780107498169, 2.7673187255859375, 2.7533226013183594, 2.7334752082824707, 2.754326343536377, 2.726313352584839, 2.708111047744751, 2.716473340988159, 2.685612201690674, 2.6868984699249268, 2.691763162612915, 2.6925485134124756, 2.655696153640747, 2.6711912155151367, 2.6522138118743896, 2.6412193775177, 2.642789363861084, 2.617333173751831, 2.629133462905884, 2.6264419555664062, 2.5969817638397217, 2.5890896320343018, 2.598468065261841, 2.5894758701324463, 2.584176540374756, 2.577678918838501, 2.5737953186035156, 2.5901503562927246, 2.559194564819336, 2.5434353351593018, 2.5325095653533936, 2.526068687438965, 2.5357978343963623, 2.5276358127593994, 2.5224661827087402, 2.5138769149780273, 2.5061142444610596, 2.4876456260681152, 2.4907946586608887, 2.4944987297058105, 2.4871366024017334, 2.488495111465454, 2.475799322128296, 2.4551079273223877, 2.4674558639526367, 2.4425792694091797, 2.4473154544830322, 2.436417579650879, 2.4566991329193115, 2.4188594818115234, 2.4303088188171387, 2.4237186908721924, 2.407585382461548, 2.4251856803894043, 2.4194324016571045, 2.404036521911621, 2.389707326889038, 2.3898215293884277, 2.3928112983703613, 2.389967441558838, 2.3653151988983154, 2.3797075748443604, 2.3690717220306396, 2.36755633354187, 2.3871567249298096, 2.372645139694214, 2.3528335094451904, 2.3491320610046387, 2.3508336544036865, 2.3483831882476807, 2.3307502269744873, 2.342090368270874, 2.329991579055786, 2.3217251300811768, 2.3424439430236816, 2.3159236907958984, 2.3219776153564453, 2.3162689208984375, 2.3189144134521484, 2.3099751472473145, 2.279519557952881, 2.3228588104248047, 2.29406476020813, 2.312145948410034, 2.3017361164093018, 2.2737298011779785, 2.2702295780181885, 2.260570764541626, 2.2559971809387207, 2.2595674991607666, 2.259584665298462, 2.251275062561035, 2.26166033744812, 2.2547497749328613, 2.2431511878967285, 2.2404022216796875, 2.2247700691223145, 2.22530460357666, 2.2283613681793213, 2.210665702819824, 2.2305994033813477, 2.2320499420166016, 2.217470407485962, 2.2144408226013184, 2.2239606380462646, 2.2024805545806885, 2.2039694786071777, 2.2076761722564697, 2.185019016265869, 2.1920979022979736, 2.2029285430908203, 2.204153537750244, 2.1733927726745605, 2.1909027099609375, 2.1785342693328857, 2.173072099685669, 2.1738057136535645, 2.1557483673095703, 2.1676125526428223, 2.1713638305664062, 2.1514105796813965, 2.1524064540863037, 2.156116008758545, 2.1518702507019043, 2.1410396099090576, 2.143946647644043, 2.1463797092437744, 2.161693572998047, 2.1439108848571777, 2.1270244121551514, 2.123389720916748, 2.1211743354797363, 2.133039712905884, 2.1281802654266357, 2.124211311340332, 2.129694700241089, 2.1138722896575928, 2.1040711402893066, 2.1110754013061523, 2.1156651973724365, 2.1124603748321533, 2.1182782649993896, 2.1013238430023193, 2.0904030799865723, 2.100876569747925, 2.081524133682251, 2.0890369415283203, 2.0862624645233154, 2.1019604206085205, 2.0695130825042725, 2.082669734954834, 2.079935073852539, 2.0717151165008545, 2.0822794437408447, 2.0835208892822266, 2.073741912841797, 2.0615954399108887, 2.0676403045654297, 2.073590040206909, 2.064345598220825, 2.048492431640625, 2.063750743865967, 2.0545575618743896, 2.054739236831665, 2.0760583877563477, 2.065502882003784, 2.044290781021118, 2.0414769649505615, 2.048931837081909, 2.050196647644043, 2.031996965408325, 2.0476245880126953, 2.034299850463867, 2.033874750137329, 2.0508463382720947, 2.0270214080810547, 2.0329158306121826, 2.0264408588409424, 2.0354344844818115, 2.0332770347595215, 2.006618022918701, 2.04209041595459, 2.0213396549224854, 2.0329771041870117, 2.0293030738830566, 2.010921001434326, 2.0128233432769775, 2.0048770904541016, 1.9996750354766846, 2.003878116607666, 2.0059444904327393, 1.9994086027145386, 2.0077669620513916, 2.010155200958252, 1.9931561946868896, 1.9930157661437988, 1.9810330867767334, 1.9814645051956177, 1.9860098361968994, 1.9673959016799927, 1.9929007291793823, 1.991529107093811, 1.9839274883270264, 1.979035496711731, 1.9921674728393555, 1.9697277545928955, 1.9744453430175781, 1.9798895120620728, 1.9613256454467773, 1.9644314050674438, 1.9811949729919434, 1.9812895059585571, 1.9522355794906616, 1.9690170288085938, 1.9598699808120728, 1.9553874731063843, 1.9582310914993286, 1.9429817199707031, 1.956688404083252, 1.9564714431762695, 