{"experiment": "experiment_27", "config": {"experiment": "experiment_27", "seed": 42, "encoder_architecture": {"name": "ResNet50"}, "pretraining": {"training": true, "batch_size": 256, "num_workers_loader": 4, "max_epochs": 500, "projection": {"use_projection": true, "hidden_layer_sizes": "None", "projection_dimension": 128}, "loss": {"name": "WeightedNTXent", "loss_config": {"temperature": 0.1, "weight": "GaussianWeight", "weight_normalization": "negatives_constant_total_weight", "weight_config": {"sigma": 0.5, "mean": "LinearParam", "mean_config": {"begin": 0.6, "end": 0.6, "factor": 0.98, "steps": 500}, "b_l": -1, "b_u": 1}}}, "optimizer": {"name": "Adam", "config": {"lr": 0.001, "weight_decay": 1e-06}}, "dataset": {"name": "Cifar10", "transforms": {"RandomResizedCrop": {"size": "32,32", "scale": "0.08,1.0", "ratio": "0.75,1.3333333333"}, "RandomHorizontalFlip": {"p": 0.5}, "ColorJitter": {"brightness": 0.4, "contrast": 0.4, "saturation": 0.4, "hue": 0.1, "prob": 0.8}, "RandomGrayscale": {"p": 0.2}, "GaussianBlur": {"kernel_size": 3, "prob": 0.5}}}, "model_dimension": {"embedding_dimension": 2048}}, "testing": {"testing": true, "testing_every_n_epochs": 100, "batch_size": 256, "num_workers_loader": 0, "max_epochs": 60, "dataset": {"val_percentage": 0.1, "name": "Cifar10"}, "optimizer": {"lr": 0.001}, "param_tuning": {"log_min": -6, "log_max": -1, "n_steps": 5}}}, "average_training_loss_per_epoch": [5.433616638183594, 5.076287269592285, 4.899376392364502, 4.775575160980225, 4.672863960266113, 4.5589213371276855, 4.4418230056762695, 4.328314304351807, 4.172606468200684, 4.050692081451416, 3.9220046997070312, 3.828087568283081, 3.7571890354156494, 3.648228406906128, 3.5648510456085205, 3.511018753051758, 3.4552228450775146, 3.3840458393096924, 3.3283884525299072, 3.289632558822632, 3.2236084938049316, 3.1843366622924805, 3.1479649543762207, 3.0973591804504395, 3.0648813247680664, 3.019745111465454, 3.0022213459014893, 2.9733481407165527, 2.9222640991210938, 2.8941397666931152, 2.862795352935791, 2.8456788063049316, 2.827883243560791, 2.810305118560791, 2.780665636062622, 2.7476704120635986, 2.716801643371582, 2.7186102867126465, 2.676107406616211, 2.678983449935913, 2.6574456691741943, 2.625816822052002, 2.6116812229156494, 2.5957584381103516, 2.6031696796417236, 2.5635550022125244, 2.56935715675354, 2.5240423679351807, 2.5323445796966553, 2.5032331943511963, 2.5120303630828857, 2.484572410583496, 2.469383955001831, 2.460641860961914, 2.4490106105804443, 2.4265573024749756, 2.412912130355835, 2.412966728210449, 2.3871002197265625, 2.3822081089019775, 2.3709092140197754, 2.3678219318389893, 2.3583483695983887, 2.3630588054656982, 2.347416400909424, 2.313450336456299, 2.312199831008911, 2.308781623840332, 2.2969350814819336, 2.277353525161743, 2.2808659076690674, 2.280503988265991, 2.2531964778900146, 2.2592380046844482, 2.2326252460479736, 2.227513074874878, 2.241004467010498, 2.2122557163238525, 2.2214324474334717, 2.22290301322937, 2.2057225704193115, 2.1873269081115723, 2.1966607570648193, 2.1760082244873047, 2.177971839904785, 2.1650993824005127, 2.1678473949432373, 2.157205820083618, 2.155360221862793, 2.146920680999756, 2.1411170959472656, 2.144162654876709, 2.1311442852020264, 2.1183583736419678, 2.1280696392059326, 2.118206024169922, 2.1091854572296143, 2.113334894180298, 2.0984437465667725, 2.084399938583374, 2.0780887603759766, 2.0844569206237793, 2.069826602935791, 2.0557267665863037, 2.067688465118408, 2.061493158340454, 2.0541903972625732, 2.067193031311035, 2.053105354309082, 2.0435473918914795, 2.039578676223755, 2.024075984954834, 2.0200819969177246, 2.0325100421905518, 2.002128839492798, 2.022867441177368, 2.0265042781829834, 2.007471799850464, 2.0020267963409424, 2.0147902965545654, 1.9957728385925293, 1.982208490371704, 1.9965201616287231, 1.9658151865005493, 1.9773471355438232, 1.9836887121200562, 1.984451413154602, 1.9574344158172607, 1.9699753522872925, 1.9562619924545288, 1.956097960472107, 1.9579389095306396, 1.935023307800293, 1.9447664022445679, 1.9421186447143555, 1.925434947013855, 1.9207545518875122, 1.9338219165802002, 1.9298993349075317, 1.918827772140503, 1.9190257787704468, 1.9241504669189453, 1.9369252920150757, 1.91376793384552, 1.9021661281585693, 1.894485592842102, 1.8904539346694946, 1.89713454246521, 1.8907814025878906, 1.8888492584228516, 1.8940907716751099, 1.8802306652069092, 1.8736497163772583, 1.8721846342086792, 1.8811923265457153, 1.8734158277511597, 1.880024790763855, 1.864923119544983, 1.8529620170593262, 1.8607919216156006, 1.8472882509231567, 1.8541961908340454, 1.8487918376922607, 1.856744408607483, 1.8290091753005981, 1.8403006792068481, 1.8320809602737427, 1.8252187967300415, 1.839512825012207, 1.838679552078247, 1.8255057334899902, 1.8158416748046875, 1.8224314451217651, 1.8212891817092896, 1.8151799440383911, 1.799970269203186, 1.8130452632904053, 1.8023909330368042, 1.803398847579956, 1.824546456336975, 1.8162585496902466, 1.7931325435638428, 1.7917932271957397, 1.7979308366775513, 1.7987033128738403, 1.7759473323822021, 1.7940397262573242, 1.7788680791854858, 1.7730976343154907, 1.7922134399414062, 1.7704591751098633, 1.7800401449203491, 1.770634412765503, 1.7781668901443481, 1.774133563041687, 1.7498412132263184, 1.7780572175979614, 1.7616820335388184, 1.7704099416732788, 1.7691031694412231, 1.73322594165802, 1.7381101846694946, 1.7286286354064941, 1.7212685346603394, 1.7285267114639282, 1.7286701202392578, 1.7208243608474731, 1.7302942276000977, 1.7253913879394531, 1.7145400047302246, 1.7190864086151123, 1.7033934593200684, 1.7035696506500244, 1.7081749439239502, 1.6883927583694458, 1.711127758026123, 1.7123706340789795, 1.7025548219680786, 1.6976491212844849, 1.7061728239059448, 1.693174958229065, 1.6862125396728516, 1.696509838104248, 1.6772040128707886, 1.6844093799591064, 1.6916279792785645, 1.689283013343811, 1.6700551509857178, 1.6827635765075684, 1.6685682535171509, 1.6704392433166504, 1.674740195274353, 1.66082763671875, 1.6645572185516357, 1.6679625511169434, 1.6563807725906372, 1.6506953239440918, 1.6686055660247803, 1.659245491027832, 1.6493704319000244, 1.6520240306854248, 1.657884120941162, 1.673537015914917, 1.650489330291748, 1.6445634365081787, 1.6358126401901245, 1.6356515884399414, 1.6409175395965576, 1.6429979801177979, 1.6410777568817139, 1.6482676267623901, 1.6349822282791138, 1.6257944107055664, 1.6290068626403809, 1.6372658014297485, 1.636572241783142, 1.6359670162200928, 1.6226489543914795, 1.616178274154663, 1.6255139112472534, 1.611297369003296, 1.6183595657348633, 1.617814064025879, 1.631712555885315, 1.6009553670883179, 1.6116031408309937, 1.6066797971725464, 1.603652000427246, 1.6157726049423218, 1.6196504831314087, 1.6048487424850464, 1.599420428276062, 1.60532546043396, 1.6067712306976318, 1.603622555732727, 1.5867582559585571, 1.6042628288269043, 1.5935689210891724, 1.592612385749817, 1.613028883934021, 1.6072412729263306, 1.5885473489761353, 1.5868339538574219, 1.5944504737854004, 1.59842050075531, 1.5786429643630981, 1.5947306156158447, 1.5785465240478516, 1.5746502876281738, 1.5942894220352173, 1.570122480392456, 1.583823323249817, 1.5762674808502197, 1.5880433320999146, 1.5851958990097046, 1.5624712705612183, 1.586328148841858, 1.5731865167617798, 1.5846201181411743, 1.5839763879776, 1.561674952507019, 1.5626909732818604, 1.5543911457061768, 1.5484111309051514, 1.5598578453063965, 1.5559756755828857, 1.5510598421096802, 1.5603998899459839, 1.5581458806991577, 1.5503159761428833, 1.5540156364440918, 1.5442129373550415, 1.5412654876708984, 1.5491050481796265, 1.528547763824463, 1.5518828630447388, 1.5499073266983032, 1.543878436088562, 1.5428988933563232, 1.5500084161758423, 1.537634015083313, 1.5310695171356201, 1.5474298000335693, 1.5296086072921753, 1.530717134475708, 1.544352650642395, 1.5417091846466064, 1.520325779914856, 1.5352236032485962, 1.522090196609497, 1.5227898359298706, 1.529247760772705, 1.5193380117416382, 1.52471125125885, 