{"experiment": "experiment_11", "config": {"experiment": "experiment_11", "seed": 42, "encoder_architecture": {"name": "ResNet50"}, "pretraining": {"training": true, "batch_size": 256, "num_workers_loader": 4, "max_epochs": 500, "projection": {"use_projection": true, "hidden_layer_sizes": "None", "projection_dimension": 128}, "loss": {"name": "WeightedNTXent", "loss_config": {"temperature": 0.1, "weight": "GaussianWeight", "weight_normalization": "negatives_constant_total_weight", "weight_config": {"sigma": 0.5, "mean": "LinearParam", "mean_config": {"begin": -1, "end": 1, "factor": 0.99, "steps": 750}, "b_l": -1, "b_u": 1}}}, "optimizer": {"name": "Adam", "config": {"lr": 0.001, "weight_decay": 1e-06}}, "dataset": {"name": "Cifar10", "transforms": {"RandomResizedCrop": {"size": "32,32", "scale": "0.08,1.0", "ratio": "0.75,1.3333333333"}, "RandomHorizontalFlip": {"p": 0.5}, "ColorJitter": {"brightness": 0.4, "contrast": 0.4, "saturation": 0.4, "hue": 0.1, "prob": 0.8}, "RandomGrayscale": {"p": 0.2}, "GaussianBlur": {"kernel_size": 3, "prob": 0.5}}}, "model_dimension": {"embedding_dimension": 2048}}, "testing": {"testing": true, "testing_every_n_epochs": 100, "batch_size": 256, "num_workers_loader": 0, "max_epochs": 60, "dataset": {"val_percentage": 0.1, "name": "Cifar10"}, "optimizer": {"lr": 0.001}, "param_tuning": {"log_min": -6, "log_max": -1, "n_steps": 5}}}, "average_training_loss_per_epoch": [1.0401959419250488, 0.5669068098068237, 0.5123339295387268, 0.47098326683044434, 0.5419477820396423, 0.5200846791267395, 0.48316776752471924, 0.46969011425971985, 0.45764073729515076, 0.4353947639465332, 0.42112308740615845, 0.4231696128845215, 0.41468119621276855, 0.41330379247665405, 0.39810046553611755, 0.40347278118133545, 0.39356547594070435, 0.3971659243106842, 0.3958559036254883, 0.3947194814682007, 0.389024555683136, 0.4025476276874542, 0.4084020256996155, 0.4010077714920044, 0.4020134508609772, 0.40310418605804443, 0.4136570692062378, 0.4251510202884674, 0.4235779345035553, 0.4186853766441345, 0.4152064919471741, 0.40999555587768555, 0.4136810898780823, 0.41246581077575684, 0.40170004963874817, 0.4041566550731659, 0.3946046829223633, 0.3966276943683624, 0.3983316123485565, 0.4028100073337555, 0.4022011458873749, 0.3986046016216278, 0.3890123963356018, 0.3948171138763428, 0.4024532735347748, 0.39839062094688416, 0.4147228002548218, 0.39084160327911377, 0.40308746695518494, 0.4042753577232361, 0.41255947947502136, 0.4051310122013092, 0.42156967520713806, 0.4264487624168396, 0.42937514185905457, 0.4250485301017761, 0.4302620589733124, 0.4252112805843353, 0.43004143238067627, 0.4304565191268921, 0.42821356654167175, 0.43141141533851624, 0.4364069104194641, 0.4420382082462311, 0.4462856948375702, 0.4410742521286011, 0.4385453164577484, 0.44064781069755554, 0.43314164876937866, 0.43755096197128296, 0.43500784039497375, 0.43935295939445496, 0.43129706382751465, 0.4407617151737213, 0.4388841390609741, 0.4410901665687561, 0.44297605752944946, 0.44764989614486694, 0.44599616527557373, 0.45140618085861206, 0.45192089676856995, 0.44517871737480164, 0.4567912518978119, 0.4545636773109436, 0.45798492431640625, 0.45864027738571167, 0.4603762626647949, 0.46329835057258606, 0.46349281072616577, 0.45760756731033325, 0.46988725662231445, 0.4714517593383789, 0.4677508473396301, 0.4784179627895355, 0.479300320148468, 0.47782859206199646, 0.48764652013778687, 0.48752379417419434, 0.4929661452770233, 0.4848891496658325, 0.4951260983943939, 0.49997588992118835, 0.4972294270992279, 0.4854300022125244, 0.5121349096298218, 0.5072600841522217, 0.5080360770225525, 0.5142480731010437, 0.5279174447059631, 0.5253468155860901, 0.5320359468460083, 0.5243252515792847, 0.5248839259147644, 0.5415693521499634, 0.5247980952262878, 0.5313061475753784, 0.5428391695022583, 0.5419759154319763, 0.5390965342521667, 0.5486999154090881, 0.544727087020874, 0.5425697565078735, 0.5529896020889282, 0.5535763502120972, 0.5543352961540222, 0.5640500783920288, 0.5594967007637024, 0.5621390342712402, 0.5701923370361328, 0.5675279498100281, 0.5678809881210327, 0.574210524559021, 0.5735548734664917, 0.5746320486068726, 0.5792462825775146, 0.5773254036903381, 0.577983558177948, 0.5913195610046387, 0.5940706729888916, 0.592104434967041, 0.5989959836006165, 0.5925509929656982, 0.6119458675384521, 0.5958477854728699, 0.6096401214599609, 0.6050427556037903, 0.6107323169708252, 0.6172378659248352, 0.6110268235206604, 0.6175310611724854, 0.6214050650596619, 0.6282912492752075, 0.620049238204956, 0.628582239151001, 0.6367342472076416, 0.6390635371208191, 0.6456125974655151, 0.646392285823822, 0.64328932762146, 0.6449106335639954, 0.6433969736099243, 0.6534013748168945, 0.6603139042854309, 0.6548374891281128, 0.6514430642127991, 0.6527842283248901, 0.6626700758934021, 0.6608147621154785, 0.6710382103919983, 0.666307806968689, 0.6693121194839478, 0.6794053316116333, 0.682748019695282, 0.6838534474372864, 0.6896414160728455, 0.6740608811378479, 0.6952468156814575, 0.6950095295906067, 0.6940767168998718, 0.7119128108024597, 0.7067448496818542, 0.7080115675926208, 0.7088285684585571, 0.7110469341278076, 0.7206085324287415, 0.711625337600708, 0.7243210673332214, 0.7183113098144531, 0.7166166305541992, 0.7245550155639648, 0.7295650243759155, 0.7341039180755615, 0.7333506345748901, 0.7334429025650024, 0.7432148456573486, 0.7415498495101929, 0.7559670805931091, 0.7495602965354919, 0.7660177946090698, 0.7615191340446472, 0.751997709274292, 0.7582722902297974, 0.7604069709777832, 0.7504295110702515, 0.7700847387313843, 0.7708225846290588, 0.7708213925361633, 0.7758087515830994, 0.7828083038330078, 0.78043133020401, 0.7874923348426819, 0.7785285711288452, 0.7859357595443726, 0.8047417402267456, 0.7893356084823608, 0.7981457710266113, 0.8126026391983032, 0.8085576295852661, 0.8142469525337219, 0.8200967907905579, 0.8183479905128479, 0.814943253993988, 0.8231524229049683, 0.8268296718597412, 0.8211832642555237, 0.8366456031799316, 0.8388442397117615, 0.8348445892333984, 0.8476117849349976, 0.8405540585517883, 0.8421105742454529, 0.8481586575508118, 0.850326418876648, 0.8612328767776489, 0.8612366914749146, 0.855124294757843, 0.8642103672027588, 0.8736500144004822, 0.8732080459594727, 0.873378574848175, 0.8842610120773315, 0.8804969787597656, 0.8964449167251587, 0.8797860741615295, 0.8942187428474426, 0.8872820138931274, 0.8998454809188843, 0.900111734867096, 0.8939856290817261, 0.9021037220954895, 0.9085832238197327, 0.9099010229110718, 0.9020774960517883, 0.9158585071563721, 0.9215502142906189, 0.9257136583328247, 0.9281823635101318, 0.9308968186378479, 0.924647331237793, 0.9317330718040466, 0.9318154454231262, 0.9392526745796204, 0.9443386197090149, 0.9462913274765015, 0.9350893497467041, 0.9442898631095886, 0.9539375901222229, 0.9494408369064331, 0.9659402966499329, 0.9579411745071411, 0.9612756967544556, 0.961410403251648, 0.9674929976463318, 0.9745708703994751, 0.9764096140861511, 0.9680753946304321, 0.9833667874336243, 0.9823333024978638, 0.9842140674591064, 1.0038487911224365, 1.003508448600769, 0.9968018531799316, 0.9964452981948853, 0.9999874234199524, 1.011633276939392, 1.0044008493423462, 1.0146515369415283, 1.0100091695785522, 1.0113863945007324, 1.0212388038635254, 1.0195876359939575, 1.028721570968628, 1.0247468948364258, 1.0256110429763794, 1.0303882360458374, 1.0236923694610596, 1.048838496208191, 1.0397447347640991, 1.0569943189620972, 1.0541882514953613, 1.0426642894744873, 1.0498127937316895, 1.0472668409347534, 1.0421369075775146, 1.0608081817626953, 1.0630037784576416, 1.0584564208984375, 1.0689036846160889, 1.077854037284851, 1.0683938264846802, 1.078014850616455, 1.068326473236084, 1.0672047138214111, 1.089308500289917, 1.0745205879211426, 1.0913872718811035, 1.0969538688659668, 1.0942285060882568, 1.0966720581054688, 1.107460856437683, 1.102321743965149, 1.099287986755371, 1.1141430139541626, 1.1087613105773926, 1.1006115674972534, 1.120029091835022, 1.1213103532791138, 1.112633228302002, 