{"experiment": "experiment_4", "config": {"experiment": "experiment_4", "seed": 42, "encoder_architecture": {"name": "ResNet50"}, "pretraining": {"training": true, "batch_size": 256, "num_workers_loader": 4, "max_epochs": 500, "projection": {"use_projection": true, "hidden_layer_sizes": "None", "projection_dimension": 128}, "loss": {"name": "NTXent", "loss_config": {"temperature": 1.0, "weight": "GaussianWeight", "weight_normalization": "negatives_constant_total_weight", "weight_config": {"sigma": 0.75, "mean": "LinearParam", "mean_config": {"begin": -1, "end": 1, "factor": 0.99, "steps": 500}, "b_l": -1, "b_u": 1}}}, "optimizer": {"name": "Adam", "config": {"lr": 0.001, "weight_decay": 1e-06}}, "dataset": {"name": "Cifar10", "transforms": {"RandomResizedCrop": {"size": "32,32", "scale": "0.08,1.0", "ratio": "0.75,1.3333333333"}, "RandomHorizontalFlip": {"p": 0.5}, "ColorJitter": {"brightness": 0.4, "contrast": 0.4, "saturation": 0.4, "hue": 0.1, "prob": 0.8}, "RandomGrayscale": {"p": 0.2}, "GaussianBlur": {"kernel_size": 3, "prob": 0.5}}}, "model_dimension": {"embedding_dimension": 2048}}, "testing": {"testing": true, "testing_every_n_epochs": 100, "batch_size": 256, "num_workers_loader": 0, "max_epochs": 60, "dataset": {"val_percentage": 0.1, "name": "Cifar10"}, "optimizer": {"lr": 0.001}, "param_tuning": {"log_min": -6, "log_max": -1, "n_steps": 5}}}, "average_training_loss_per_epoch": [5.87993049621582, 5.7936811447143555, 5.769452095031738, 5.734753608703613, 5.709133625030518, 5.694652557373047, 5.681416034698486, 5.676435470581055, 5.665048122406006, 5.663839817047119, 5.65154504776001, 5.65087890625, 5.648991107940674, 5.643962383270264, 5.636999607086182, 5.632277488708496, 5.625371932983398, 5.617580413818359, 5.615419387817383, 5.61196231842041, 5.605749607086182, 5.604165077209473, 5.603439807891846, 5.598412990570068, 5.597263336181641, 5.594261646270752, 5.593358516693115, 5.5912933349609375, 5.5877838134765625, 5.589117050170898, 5.586183071136475, 5.583374500274658, 5.58173942565918, 5.579864501953125, 5.578380584716797, 5.576498031616211, 5.570864200592041, 5.570613861083984, 5.567122459411621, 5.568989276885986, 5.566896915435791, 5.563023090362549, 5.560711860656738, 5.560836315155029, 5.561041831970215, 5.5583906173706055, 5.559913635253906, 5.554379463195801, 5.555686950683594, 5.553195476531982, 5.553093910217285, 5.549097061157227, 5.549585819244385, 5.5479960441589355, 5.54595422744751, 5.5453782081604, 5.541943073272705, 5.540394306182861, 5.539267063140869, 5.536680698394775, 5.535884857177734, 5.535677433013916, 5.533993721008301, 5.533552646636963, 5.532896041870117, 5.530388355255127, 5.5286760330200195, 5.529415607452393, 5.527580738067627, 5.525324821472168, 5.527186870574951, 5.5263214111328125, 5.525588512420654, 5.524550437927246, 5.5251288414001465, 5.523104190826416, 5.523107528686523, 5.52285623550415, 5.522154808044434, 5.522456645965576, 5.521568775177002, 5.517990589141846, 5.521074295043945, 5.518362998962402, 5.518566131591797, 5.516532897949219, 5.516962051391602, 5.516695022583008, 5.516615390777588, 5.51415491104126, 5.51538610458374, 5.515270709991455, 5.513336181640625, 5.513371467590332, 5.513432502746582, 5.51176118850708, 5.511145114898682, 5.5109543800354, 5.5116047859191895, 5.508562088012695, 5.507909297943115, 5.509316444396973, 5.508580684661865, 5.505384922027588, 5.508249282836914, 5.507797718048096, 5.506455421447754, 5.506893157958984, 5.507129192352295, 5.506731986999512, 5.505438327789307, 5.502754211425781, 5.503892421722412, 5.505977630615234, 5.501772403717041, 5.502812385559082, 5.502895832061768, 5.503681659698486, 5.50199556350708, 5.503390789031982, 5.5022807121276855, 5.501305103302002, 5.502833843231201, 5.500260829925537, 5.499696254730225, 5.500392436981201, 5.498791217803955, 5.498141765594482, 5.499406337738037, 5.498348236083984, 5.497089385986328, 5.499136924743652, 5.49711799621582, 5.498712539672852, 5.497148036956787, 5.495711803436279, 5.496103763580322, 5.498112678527832, 5.496184825897217, 5.496692657470703, 5.4962158203125, 5.494683742523193, 5.496243000030518, 5.493776798248291, 5.495341777801514, 5.492757320404053, 5.49386739730835, 5.494485855102539, 5.492451190948486, 5.492840766906738, 5.492347717285156, 5.493928909301758, 5.491002559661865, 5.491360187530518, 5.491982460021973, 5.491178035736084, 5.493100643157959, 5.491628646850586, 5.490741729736328, 5.4900054931640625, 5.4882988929748535, 5.489482402801514, 5.490438938140869, 5.489398002624512, 5.487717628479004, 5.487812042236328, 5.48842191696167, 5.487404823303223, 5.488856792449951, 5.487508773803711, 5.487811088562012, 5.487050533294678, 5.487109184265137, 5.4883270263671875, 5.487097263336182, 5.483804225921631, 5.48626708984375, 5.487384796142578, 5.485146999359131, 5.488409996032715, 5.487165451049805, 5.486993312835693, 5.485093593597412, 5.486011981964111, 5.485846042633057, 5.4857869148254395, 5.486268520355225, 5.484767436981201, 5.483764171600342, 5.4846062660217285, 5.4833855628967285, 5.484263896942139, 5.483514308929443, 5.482792377471924, 5.483254432678223, 5.48261833190918, 5.483950614929199, 5.482757568359375, 5.483853340148926, 5.4823689460754395, 5.480308532714844, 5.48157262802124, 5.480750560760498, 5.4786906242370605, 5.481219291687012, 5.480447292327881, 5.479260444641113, 5.480543613433838, 5.480620861053467, 5.48008394241333, 5.478816032409668, 5.4784770011901855, 5.477319240570068, 5.481132984161377, 5.476161956787109, 5.478603839874268, 5.479903697967529, 5.478781700134277, 5.478290557861328, 5.479641914367676, 5.478288650512695, 5.477565765380859, 5.4778666496276855, 5.4763898849487305, 5.47700309753418, 5.477619171142578, 5.476772308349609, 5.474965572357178, 5.477073669433594, 5.475801944732666, 5.475656986236572, 5.476332664489746, 5.474870681762695, 5.477336883544922, 5.475761890411377, 5.474066257476807, 5.47479772567749, 5.476521968841553, 5.475116729736328, 5.475639343261719, 5.474949359893799, 5.474342346191406, 5.475919246673584, 5.4734206199646, 5.474669933319092, 5.4730706214904785, 5.473158836364746, 5.474059581756592, 5.472830772399902, 5.473499298095703, 5.473344326019287, 5.474380016326904, 5.47203254699707, 5.471724510192871, 5.472493648529053, 5.4722819328308105, 5.473963260650635, 5.473098278045654, 5.472494602203369, 5.471829891204834, 5.470517635345459, 5.471492290496826, 5.47210168838501, 5.4719462394714355, 5.469934940338135, 5.470468521118164, 5.470770835876465, 5.470459938049316, 5.470940589904785, 5.47018575668335, 5.470651149749756, 5.470513343811035, 5.469991683959961, 5.471746444702148, 5.469842433929443, 5.4673919677734375, 5.469804286956787, 5.470190048217773, 5.46896505355835, 5.471756458282471, 5.470587730407715, 5.470458030700684, 5.469544410705566, 5.469699382781982, 5.469908237457275, 5.469490051269531, 5.470483779907227, 5.468641757965088, 5.468384265899658, 5.468490123748779, 5.468358516693115, 5.469091892242432, 5.468482494354248, 5.467770576477051, 5.468564510345459, 5.467223167419434, 5.469558238983154, 5.467323303222656, 5.469410419464111, 5.467558860778809, 5.466718673706055, 5.467382907867432, 5.467182636260986, 5.464884281158447, 5.46748685836792, 5.466837406158447, 5.465451717376709, 5.46699857711792, 5.467627048492432, 5.467133522033691, 5.46572732925415, 5.465280532836914, 5.464115619659424, 5.467559337615967, 5.463721752166748, 5.4655232429504395, 5.467726230621338, 5.465596675872803, 5.46654748916626, 5.467500686645508, 5.465600490570068, 5.465226173400879, 5.465793132781982, 5.464359283447266, 5.464936256408691, 5.465366363525391, 5.4645185470581055, 5.463176727294922, 5.464894771575928, 5.463711738586426, 5.463278293609619, 5.464475154876709, 5.463049411773682, 5.4657182693481445, 5.464074611663818, 5.462371826171875, 5.463192462921143, 5.464507102966309, 5.463942050933838, 5.46370792388916, 5.46323823928833, 5.463278293609619, 5.464754581451416, 5.462300777435303, 5.463769435882568, 5.462027549743652, 5.462514400482178, 