{"experiment": "experiment_A11", "config": {"experiment": "experiment_A11", "seed": 42, "encoder_architecture": {"name": "ResNet50"}, "pretraining": {"training": true, "batch_size": 512, "num_workers_loader": 4, "max_epochs": 500, "projection": {"use_projection": true, "hidden_layer_sizes": "None", "projection_dimension": 128}, "loss": {"name": "WeightedNTXent", "loss_config": {"temperature": 0.1, "weight": "GaussianWeight", "weight_normalization": "negatives_constant_total_weight", "weight_config": {"sigma": 0.5, "mean": "LinearParam", "mean_config": {"begin": -1, "end": 1, "factor": 0.99, "steps": 750}, "b_l": -1, "b_u": 1}}}, "optimizer": {"name": "Adam", "config": {"lr": 0.001, "weight_decay": 1e-06}}, "dataset": {"name": "Cifar10", "transforms": {"RandomResizedCrop": {"size": "32,32", "scale": "0.08,1.0", "ratio": "0.75,1.3333333333"}, "RandomHorizontalFlip": {"p": 0.5}, "ColorJitter": {"brightness": 0.4, "contrast": 0.4, "saturation": 0.4, "hue": 0.1, "prob": 0.8}, "RandomGrayscale": {"p": 0.2}, "GaussianBlur": {"kernel_size": 3, "prob": 0.5}}}, "model_dimension": {"embedding_dimension": 2048}}, "testing": {"testing": true, "testing_every_n_epochs": 100, "batch_size": 256, "num_workers_loader": 0, "max_epochs": 60, "dataset": {"val_percentage": 0.1, "name": "Cifar10"}, "optimizer": {"lr": 0.001}, "param_tuning": {"log_min": -6, "log_max": -1, "n_steps": 5}}}, "average_training_loss_per_epoch": [1.524517297744751, 0.7489880323410034, 0.6935192942619324, 0.7019884586334229, 0.6783242225646973, 0.6673751473426819, 0.6442945599555969, 0.631654679775238, 0.6146687269210815, 0.6187804341316223, 0.6301437020301819, 0.6306400299072266, 0.5899856090545654, 0.6058200597763062, 0.6032291054725647, 0.6371970772743225, 0.6040390729904175, 0.5826839208602905, 0.559966504573822, 0.5528150200843811, 0.5529949069023132, 0.5623244643211365, 0.5561944246292114, 0.5588523149490356, 0.5572673678398132, 0.559657633304596, 0.5771210789680481, 0.5677380561828613, 0.5610237121582031, 0.5853933691978455, 0.5820017457008362, 0.5588524341583252, 0.5737070441246033, 0.5690675377845764, 0.5653433203697205, 0.5584433078765869, 0.5454697012901306, 0.5492522716522217, 0.5404514074325562, 0.5626847743988037, 0.5642637014389038, 0.5549315214157104, 0.5528190732002258, 0.558693528175354, 0.5628942847251892, 0.5752048492431641, 0.5881271958351135, 0.5759750008583069, 0.5756942629814148, 0.5805745124816895, 0.5836243629455566, 0.5896270871162415, 0.5837736129760742, 0.5931658744812012, 0.5928523540496826, 0.5968031883239746, 0.6063713431358337, 0.5893369317054749, 0.6039434671401978, 0.5990267395973206, 0.6079785823822021, 0.6041983366012573, 0.6119552254676819, 0.6110995411872864, 0.6037817001342773, 0.585440456867218, 0.589044988155365, 0.6093662977218628, 0.6100491285324097, 0.6000903248786926, 0.6052712798118591, 0.6045015454292297, 0.5991410613059998, 0.6031945943832397, 0.6030014157295227, 0.6179431080818176, 0.6104521751403809, 0.6155740022659302, 0.6366909742355347, 0.6302920579910278, 0.6336432695388794, 0.6266996264457703, 0.6295223832130432, 0.6344069838523865, 0.6465187668800354, 0.6554139256477356, 0.6563749313354492, 0.6583303213119507, 0.6684221625328064, 0.6656625866889954, 0.6798469424247742, 0.6791532635688782, 0.6826684474945068, 0.6586637496948242, 0.6963109374046326, 0.67917400598526, 0.6819403767585754, 0.6842226386070251, 0.692766547203064, 0.6920878291130066, 0.7013031840324402, 0.6984385251998901, 0.6976075172424316, 0.7021175622940063, 0.7076019644737244, 0.7098427414894104, 0.708489716053009, 0.7162749767303467, 0.7235457301139832, 0.717473566532135, 0.7200208306312561, 0.7175580263137817, 0.7254491448402405, 0.7327489256858826, 0.717203676700592, 0.7332033514976501, 0.7320144772529602, 0.7387524843215942, 0.741267740726471, 0.7590329647064209, 0.7538212537765503, 0.7540813088417053, 0.7694337368011475, 0.7559120059013367, 0.7696742415428162, 0.778211772441864, 0.7755550742149353, 0.7699303030967712, 0.7789821028709412, 0.7795563340187073, 0.7852284908294678, 0.7941390872001648, 0.7880608439445496, 0.7910441160202026, 0.7947413921356201, 0.7952510714530945, 0.8006452918052673, 0.8213543891906738, 0.8167172074317932, 0.8178142309188843, 0.8271122574806213, 0.8210625052452087, 0.8264064788818359, 0.8255599141120911, 0.8362654447555542, 0.8271934986114502, 0.8413264751434326, 0.8351317048072815, 0.847565233707428, 0.8405293226242065, 0.8430411219596863, 0.8552343249320984, 0.8505812287330627, 0.8554825782775879, 0.8645235896110535, 0.8641668558120728, 0.8663442134857178, 0.8750825524330139, 0.8742517232894897, 0.887627899646759, 0.8687981963157654, 0.8799175024032593, 0.8895359635353088, 0.8944052457809448, 0.8865375518798828, 0.8943952918052673, 0.900264322757721, 0.9020287394523621, 0.9132993221282959, 0.909476637840271, 0.9211885929107666, 0.9154738187789917, 0.9191884994506836, 0.9207154512405396, 0.9276536107063293, 0.9247578978538513, 0.9419410824775696, 0.9437065720558167, 0.9293714165687561, 0.9513536095619202, 0.9568824172019958, 0.9550234079360962, 0.9518524408340454, 0.9671244621276855, 0.9687498211860657, 0.9625105261802673, 0.9752150177955627, 0.9724386930465698, 0.9692500233650208, 0.9850991368293762, 0.9828669428825378, 0.9986916184425354, 0.9910908341407776, 1.0002301931381226, 0.9980810284614563, 1.002027153968811, 1.0160359144210815, 1.0132768154144287, 1.0148319005966187, 1.0323292016983032, 1.026277780532837, 1.0241239070892334, 1.0194051265716553, 1.0266942977905273, 1.03865385055542, 1.041022539138794, 1.0424433946609497, 1.0492621660232544, 1.054689645767212, 1.0483640432357788, 1.0629757642745972, 1.0460216999053955, 1.0601543188095093, 1.0707608461380005, 1.0586131811141968, 1.0804038047790527, 1.0728732347488403, 1.08214271068573, 1.0793198347091675, 1.0994963645935059, 1.0915569067001343, 1.0911434888839722, 1.106937289237976, 1.095254898071289, 1.1049507856369019, 1.1163198947906494, 1.1135212182998657, 1.1041195392608643, 1.1170549392700195, 1.1179304122924805, 1.1197333335876465, 1.1292641162872314, 1.124772071838379, 1.1305211782455444, 1.1348122358322144, 1.1299166679382324, 1.1403530836105347, 1.1596176624298096, 1.152098536491394, 1.1513042449951172, 1.1626498699188232, 1.163331151008606, 1.1601755619049072, 1.167302131652832, 1.172985315322876, 1.1737382411956787, 1.1820770502090454, 1.173160195350647, 1.1890184879302979, 1.1860145330429077, 1.1944806575775146, 1.2019630670547485, 1.1914665699005127, 1.1954542398452759, 1.2101200819015503, 1.2085922956466675, 1.2069504261016846, 1.2216055393218994, 1.2107161283493042, 1.229090929031372, 1.209293007850647, 1.2143657207489014, 1.2316113710403442, 1.234805703163147, 1.2252269983291626, 1.234299659729004, 1.241841197013855, 1.2434465885162354, 1.2523986101150513, 1.2477858066558838, 1.261600136756897, 1.2488840818405151, 1.2637388706207275, 1.26518714427948, 1.268781304359436, 1.2686161994934082, 1.279808759689331, 1.2862839698791504, 1.2645387649536133, 1.2979053258895874, 1.297990083694458, 1.2922078371047974, 1.2893335819244385, 1.302529215812683, 1.3013733625411987, 1.298444151878357, 1.3109815120697021, 1.3095523118972778, 1.3051446676254272, 1.3159953355789185, 1.3142471313476562, 1.3238379955291748, 1.3202239274978638, 1.3261971473693848, 1.3273496627807617, 1.3169865608215332, 1.3470629453659058, 1.3364198207855225, 1.3382381200790405, 1.360214352607727, 1.3502929210662842, 1.3514478206634521, 1.3478275537490845, 1.3543781042099, 1.363796591758728, 1.3639343976974487, 1.3658071756362915, 1.3726128339767456, 1.3741631507873535, 1.3684617280960083, 1.3801190853118896, 1.3639707565307617, 1.37991464138031, 1.388171911239624, 1.3717505931854248, 1.395466923713684, 1.3924728631973267, 1.4026235342025757, 1.3988534212112427, 1.4176965951919556, 1.4077872037887573, 1.404053807258606, 1.4232604503631592, 1.4125523567199707, 1.4250683784484863, 1.4259541034698486, 1.4267776012420654, 1.410210371017456, 1.431420922279358, 1.432709813117981, 1.4274134635925293, 