{"experiment": "experiment_5", "config": {"experiment": "experiment_5", "seed": 42, "encoder_architecture": {"name": "ResNet50"}, "pretraining": {"training": true, "batch_size": 256, "num_workers_loader": 4, "max_epochs": 500, "projection": {"use_projection": true, "hidden_layer_sizes": "None", "projection_dimension": 128}, "loss": {"name": "WeightedNTXent", "loss_config": {"temperature": 0.1, "weight": "GaussianWeight", "weight_normalization": "negatives_constant_total_weight", "weight_config": {"sigma": 0.5, "mean": "LinearParam", "mean_config": {"begin": -1, "end": 1, "factor": 0.99, "steps": 500}, "b_l": -1, "b_u": 1}}}, "optimizer": {"name": "Adam", "config": {"lr": 0.001, "weight_decay": 1e-06}}, "dataset": {"name": "Cifar10", "transforms": {"RandomResizedCrop": {"size": "32,32", "scale": "0.08,1.0", "ratio": "0.75,1.3333333333"}, "RandomHorizontalFlip": {"p": 0.5}, "ColorJitter": {"brightness": 0.4, "contrast": 0.4, "saturation": 0.4, "hue": 0.1, "prob": 0.8}, "RandomGrayscale": {"p": 0.2}, "GaussianBlur": {"kernel_size": 3, "prob": 0.5}}}, "model_dimension": {"embedding_dimension": 2048}}, "testing": {"testing": true, "testing_every_n_epochs": 100, "batch_size": 256, "num_workers_loader": 0, "max_epochs": 60, "dataset": {"val_percentage": 0.1, "name": "Cifar10"}, "optimizer": {"lr": 0.001}, "param_tuning": {"log_min": -6, "log_max": -1, "n_steps": 5}}}, "average_training_loss_per_epoch": [1.051671028137207, 0.5517106056213379, 0.5408955216407776, 0.5526975393295288, 0.5138581991195679, 0.4992631673812866, 0.46447649598121643, 0.455624520778656, 0.447653204202652, 0.42752212285995483, 0.42501816153526306, 0.42166653275489807, 0.4220518469810486, 0.4157180190086365, 0.39861276745796204, 0.4097878634929657, 0.40357086062431335, 0.40847253799438477, 0.4141045808792114, 0.40978050231933594, 0.41041475534439087, 0.42551565170288086, 0.4334447681903839, 0.43114596605300903, 0.43911346793174744, 0.4471697509288788, 0.4706822335720062, 0.45569202303886414, 0.45436879992485046, 0.4619729816913605, 0.45180362462997437, 0.4482034742832184, 0.45756155252456665, 0.44979777932167053, 0.44546687602996826, 0.45224979519844055, 0.4386653006076813, 0.4481564462184906, 0.4529963731765747, 0.4648260474205017, 0.461701363325119, 0.46622225642204285, 0.46148911118507385, 0.4771067202091217, 0.4836198389530182, 0.48240432143211365, 0.5033358335494995, 0.4889565706253052, 0.5014419555664062, 0.5038929581642151, 0.5185620188713074, 0.5163111090660095, 0.5305328369140625, 0.5226578116416931, 0.5205528736114502, 0.5187508463859558, 0.5278100967407227, 0.5249703526496887, 0.5317674279212952, 0.5204470753669739, 0.5278939604759216, 0.5305525660514832, 0.5356882214546204, 0.5348160266876221, 0.5414105653762817, 0.5427570939064026, 0.5422263145446777, 0.5460931658744812, 0.5463032722473145, 0.5485684871673584, 0.558035671710968, 0.5623980760574341, 0.56575608253479, 0.5754964351654053, 0.5861736536026001, 0.5868778228759766, 0.5923153162002563, 0.6015322208404541, 0.6027982234954834, 0.6142466068267822, 0.6144556403160095, 0.612044632434845, 0.6239970922470093, 0.6270485520362854, 0.631148636341095, 0.6260998845100403, 0.6375584602355957, 0.6401489973068237, 0.6464110016822815, 0.6347230076789856, 0.6515952944755554, 0.6509479880332947, 0.647381067276001, 0.6533514261245728, 0.6547643542289734, 0.6607369780540466, 0.6676335334777832, 0.6747992038726807, 0.6827391386032104, 0.6726571917533875, 0.684967041015625, 0.6918196082115173, 0.6964016556739807, 0.6829473972320557, 0.7209962010383606, 0.7142134308815002, 0.7169198989868164, 0.7281880974769592, 0.7392609119415283, 0.7348604202270508, 0.7404260039329529, 0.7335314750671387, 0.7370640635490417, 0.7594597935676575, 0.745265781879425, 0.7574828267097473, 0.7724112272262573, 0.7664785981178284, 0.7680460810661316, 0.7864132523536682, 0.7791733741760254, 0.7802760004997253, 0.796785831451416, 0.7902281880378723, 0.7951400279998779, 0.8066616654396057, 0.8061976432800293, 0.8046233654022217, 0.8158958554267883, 0.8070282936096191, 0.8136307001113892, 0.8204410672187805, 0.8251478672027588, 0.8325376510620117, 0.8315509557723999, 0.8296459913253784, 0.839057207107544, 0.8536471724510193, 0.8495835065841675, 0.851351797580719, 0.8626581430435181, 0.8603576421737671, 0.8803831934928894, 0.861964225769043, 0.8792112469673157, 0.8786066174507141, 0.8893919587135315, 0.8915798664093018, 0.8912376761436462, 0.8946200609207153, 0.9045365452766418, 0.9111368656158447, 0.9047776460647583, 0.9206772446632385, 0.929496169090271, 0.9299397468566895, 0.9430251717567444, 0.9473395943641663, 0.9405221343040466, 0.9447668790817261, 0.9501031041145325, 0.9619140625, 0.9656491279602051, 0.9691928625106812, 0.9644544720649719, 0.9732488989830017, 0.9820953011512756, 0.9827927350997925, 0.9953592419624329, 0.9914671182632446, 0.9977108836174011, 1.003348469734192, 1.0125166177749634, 1.0154993534088135, 1.0200363397598267, 1.0092098712921143, 1.027307152748108, 1.02826988697052, 1.0346184968948364, 1.0539214611053467, 1.0533090829849243, 1.057862639427185, 1.0548902750015259, 1.060636043548584, 1.0707076787948608, 1.0704331398010254, 1.0853049755096436, 1.0801054239273071, 1.0789064168930054, 1.0878596305847168, 1.0916385650634766, 1.1030983924865723, 1.1032050848007202, 1.1062004566192627, 1.115623116493225, 1.1069951057434082, 1.1382986307144165, 1.122133731842041, 1.14348566532135, 1.144284725189209, 1.1298407316207886, 1.137931227684021, 1.1404682397842407, 1.132948398590088, 1.1579561233520508, 1.1561715602874756, 1.1518934965133667, 1.1702972650527954, 1.1774574518203735, 1.1701017618179321, 1.1767797470092773, 1.1708804368972778, 1.1792018413543701, 1.1994305849075317, 1.180877923965454, 1.1991633176803589, 1.2114216089248657, 1.2093238830566406, 1.2154338359832764, 1.2283105850219727, 1.2220948934555054, 1.2207008600234985, 1.2331783771514893, 1.2293201684951782, 1.2291572093963623, 1.249610185623169, 1.249579668045044, 1.2402634620666504, 1.2570970058441162, 1.2539304494857788, 1.2542533874511719, 1.2684375047683716, 1.26495361328125, 1.2767794132232666, 1.2796342372894287, 1.275067687034607, 1.2842611074447632, 1.2952083349227905, 1.288902759552002, 1.2916162014007568, 1.3061610460281372, 1.3067100048065186, 1.3267983198165894, 1.3051838874816895, 1.3145402669906616, 1.3175908327102661, 1.322473406791687, 1.3299885988235474, 1.3281573057174683, 1.3357754945755005, 1.3498975038528442, 1.3472868204116821, 1.3390611410140991, 1.3522268533706665, 1.3625948429107666, 1.364327073097229, 1.3791612386703491, 1.369335412979126, 1.3653706312179565, 1.3776651620864868, 1.3737019300460815, 1.3904305696487427, 1.3868025541305542, 1.3957194089889526, 1.3840099573135376, 1.397826075553894, 1.4038190841674805, 1.4021296501159668, 1.415919542312622, 1.4149343967437744, 1.4178283214569092, 1.417210340499878, 1.428502082824707, 1.4321991205215454, 1.434180498123169, 1.4248393774032593, 1.441648006439209, 1.4391423463821411, 1.4427071809768677, 1.4658962488174438, 1.4662120342254639, 1.459958553314209, 1.4607651233673096, 1.4663701057434082, 1.48116934299469, 1.4689733982086182, 1.4871991872787476, 1.4780961275100708, 1.4810672998428345, 1.491399884223938, 1.4860795736312866, 1.50020170211792, 1.5006616115570068, 1.5050437450408936, 1.512414813041687, 1.4984742403030396, 1.5308401584625244, 1.510973572731018, 1.53304922580719, 1.537853479385376, 1.5246555805206299, 1.5338386297225952, 1.5316885709762573, 1.528297781944275, 1.5479238033294678, 1.5464956760406494, 1.5456355810165405, 1.5595568418502808, 1.5625107288360596, 1.5601366758346558, 1.5633031129837036, 1.5586891174316406, 1.5615473985671997, 1.5790839195251465, 1.561510682106018, 1.5812674760818481, 1.5930063724517822, 1.591711401939392, 1.5923947095870972, 1.6088067293167114, 1.5980224609375, 1.5945343971252441, 1.6119325160980225, 1.599461555480957, 1.6056848764419556, 1.626041293144226, 1.6265112161636353, 1.6124852895736694, 1.6329009532928467, 1.6228231191635132, 1.6238988637924194, 