{"experiment": "experiment_3", "config": {"experiment": "experiment_3", "seed": 42, "encoder_architecture": {"name": "ResNet50"}, "pretraining": {"training": true, "batch_size": 256, "num_workers_loader": 4, "max_epochs": 500, "projection": {"use_projection": true, "hidden_layer_sizes": "None", "projection_dimension": 128}, "loss": {"name": "NTXent", "loss_config": {"temperature": 0.5, "weight": "GaussianWeight", "weight_normalization": "negatives_constant_total_weight", "weight_config": {"sigma": 0.75, "mean": "LinearParam", "mean_config": {"begin": -1, "end": 1, "factor": 0.99, "steps": 500}, "b_l": -1, "b_u": 1}}}, "optimizer": {"name": "Adam", "config": {"lr": 0.001, "weight_decay": 1e-06}}, "dataset": {"name": "Cifar10", "transforms": {"RandomResizedCrop": {"size": "32,32", "scale": "0.08,1.0", "ratio": "0.75,1.3333333333"}, "RandomHorizontalFlip": {"p": 0.5}, "ColorJitter": {"brightness": 0.4, "contrast": 0.4, "saturation": 0.4, "hue": 0.1, "prob": 0.8}, "RandomGrayscale": {"p": 0.2}, "GaussianBlur": {"kernel_size": 3, "prob": 0.5}}}, "model_dimension": {"embedding_dimension": 2048}}, "testing": {"testing": true, "testing_every_n_epochs": 100, "batch_size": 256, "num_workers_loader": 0, "max_epochs": 60, "dataset": {"val_percentage": 0.1, "name": "Cifar10"}, "optimizer": {"lr": 0.001}, "param_tuning": {"log_min": -6, "log_max": -1, "n_steps": 5}}}, "average_training_loss_per_epoch": [5.688876152038574, 5.479190826416016, 5.372626304626465, 5.302742004394531, 5.273489952087402, 5.231436252593994, 5.206148624420166, 5.189620494842529, 5.161481857299805, 5.147387981414795, 5.1235127449035645, 5.114149570465088, 5.102324485778809, 5.090155601501465, 5.078495979309082, 5.075074195861816, 5.068021774291992, 5.053171634674072, 5.04978084564209, 5.04413366317749, 5.036461353302002, 5.029871463775635, 5.024002552032471, 5.015357971191406, 5.011866569519043, 5.007022380828857, 5.003068447113037, 5.000335216522217, 4.989189147949219, 4.988521099090576, 4.983942031860352, 4.979333877563477, 4.976496696472168, 4.9703803062438965, 4.97177791595459, 4.966747760772705, 4.956994533538818, 4.957968711853027, 4.951018333435059, 4.9536333084106445, 4.95136022567749, 4.943870544433594, 4.940443515777588, 4.938076972961426, 4.93946647644043, 4.932339668273926, 4.934551239013672, 4.925056457519531, 4.926471710205078, 4.921338081359863, 4.924091339111328, 4.917537212371826, 4.914891719818115, 4.913171291351318, 4.911065578460693, 4.9078216552734375, 4.906393527984619, 4.902708053588867, 4.9026594161987305, 4.899188041687012, 4.896297454833984, 4.8969526290893555, 4.892030715942383, 4.891737461090088, 4.890981197357178, 4.888200283050537, 4.883363723754883, 4.883392333984375, 4.881577014923096, 4.877040863037109, 4.880516052246094, 4.8780198097229, 4.87483549118042, 4.8753228187561035, 4.87343168258667, 4.8701300621032715, 4.871261119842529, 4.870555877685547, 4.8701910972595215, 4.870552062988281, 4.867536544799805, 4.8643388748168945, 4.866299152374268, 4.863099575042725, 4.862226963043213, 4.858242988586426, 4.860297679901123, 4.858976364135742, 4.8594207763671875, 4.856812000274658, 4.855074882507324, 4.857460975646973, 4.854454040527344, 4.853356838226318, 4.854712009429932, 4.850529193878174, 4.852156639099121, 4.849236488342285, 4.847806930541992, 4.845406532287598, 4.845961093902588, 4.846429824829102, 4.844425678253174, 4.8390960693359375, 4.84470796585083, 4.8431172370910645, 4.840182781219482, 4.843222618103027, 4.842846393585205, 4.840726375579834, 4.839179039001465, 4.836236476898193, 4.835647106170654, 4.8384480476379395, 4.832726955413818, 4.835338592529297, 4.835634231567383, 4.835130214691162, 4.833623886108398, 4.836165904998779, 4.83176851272583, 4.830330848693848, 4.832964897155762, 4.829605579376221, 4.827652931213379, 4.83023738861084, 4.827573776245117, 4.825899600982666, 4.828096389770508, 4.824844837188721, 4.823691368103027, 4.824796199798584, 4.823792934417725, 4.825137615203857, 4.822855472564697, 4.82018518447876, 4.82000732421875, 4.823153495788574, 4.821582317352295, 4.818299770355225, 4.819143295288086, 4.818604946136475, 4.821627616882324, 4.815031051635742, 4.817368984222412, 4.816554069519043, 4.816054344177246, 4.815258502960205, 4.813300609588623, 4.812795639038086, 4.8148908615112305, 4.813874244689941, 4.8107709884643555, 4.811886787414551, 4.812914848327637, 4.812195777893066, 4.811867713928223, 4.811389446258545, 4.809357643127441, 4.809348106384277, 4.807515621185303, 4.808162689208984, 4.808303356170654, 4.807953834533691, 4.804097652435303, 4.806737899780273, 4.805816173553467, 4.804641246795654, 4.807628631591797, 4.803155899047852, 4.8046979904174805, 4.804572105407715, 4.802866458892822, 4.803184509277344, 4.80108118057251, 4.797433853149414, 4.802258014678955, 4.801780700683594, 4.798861026763916, 4.80526876449585, 4.801286697387695, 4.801159858703613, 4.798231601715088, 4.798877239227295, 4.801346302032471, 4.797163963317871, 4.800597667694092, 4.796496391296387, 4.794970989227295, 4.796950340270996, 4.795252323150635, 4.7979583740234375, 4.796214580535889, 4.794703483581543, 4.7953596115112305, 4.790650367736816, 4.796478271484375, 4.792907238006592, 4.795111179351807, 4.795169353485107, 4.787632942199707, 4.789815902709961, 4.7883758544921875, 4.784127712249756, 4.789669990539551, 4.788141250610352, 4.785938262939453, 4.788669586181641, 4.789304733276367, 4.78692626953125, 4.786619186401367, 4.783548831939697, 4.783581733703613, 4.7867937088012695, 4.779888153076172, 4.784722805023193, 4.786552906036377, 4.784818649291992, 4.785002708435059, 4.786299228668213, 4.78280782699585, 4.782418251037598, 4.781826972961426, 4.7817792892456055, 4.780579090118408, 4.782320499420166, 4.781326770782471, 4.778462886810303, 4.78151273727417, 4.779128551483154, 4.778189182281494, 4.779819488525391, 4.777350425720215, 4.780670166015625, 4.777704238891602, 4.775776386260986, 4.7750701904296875, 4.778994083404541, 4.77653169631958, 4.775309085845947, 4.77560567855835, 4.776553630828857, 4.778998851776123, 4.773048400878906, 4.774134159088135, 4.773720741271973, 4.774735450744629, 4.774776935577393, 4.7716217041015625, 4.77230167388916, 4.772907733917236, 4.7729644775390625, 4.770086288452148, 4.771063804626465, 4.77241325378418, 4.772458553314209, 4.774082660675049, 4.772799015045166, 4.770691871643066, 4.77088737487793, 4.768289566040039, 4.76908016204834, 4.77095890045166, 4.7696075439453125, 4.7654595375061035, 4.7691144943237305, 4.768415927886963, 4.767429351806641, 4.771432876586914, 4.766689777374268, 4.767868995666504, 4.766510486602783, 4.765288829803467, 4.768703937530518, 4.765069961547852, 4.763547897338867, 4.766332149505615, 4.766114711761475, 4.764573574066162, 4.7695841789245605, 4.767190456390381, 4.766256332397461, 4.76352071762085, 4.765365123748779, 4.7668633460998535, 4.7632904052734375, 4.767862319946289, 4.762180805206299, 4.762848854064941, 4.763635158538818, 4.7625298500061035, 4.7637176513671875, 4.762990474700928, 4.761909484863281, 4.762770175933838, 4.7589850425720215, 4.7657599449157715, 4.760347366333008, 4.764474868774414, 4.7625627517700195, 4.75893497467041, 4.762166976928711, 4.757900714874268, 4.755674839019775, 4.760659217834473, 4.758363723754883, 4.755802631378174, 4.759641170501709, 4.76136589050293, 4.758009433746338, 4.757778644561768, 4.755850315093994, 4.755934715270996, 4.7593183517456055, 4.753865718841553, 4.757009983062744, 4.759095668792725, 4.756412029266357, 4.757632732391357, 4.7591657638549805, 4.755590438842773, 4.7568888664245605, 4.755721569061279, 4.7548136711120605, 4.753981113433838, 4.756227016448975, 4.755828380584717, 4.753323554992676, 4.755080223083496, 4.752747058868408, 4.751781463623047, 4.754269599914551, 4.752579212188721, 4.754778861999512, 4.752065181732178, 4.750819206237793, 4.751301288604736, 4.754522323608398, 4.751718044281006, 4.750674724578857, 4.7521538734436035, 4.751320838928223, 4.754455089569092, 4.748771667480469, 4.751527309417725, 4.749516487121582, 