{"experiment": "experiment_13", "config": {"experiment": "experiment_13", "seed": 42, "encoder_architecture": {"name": "ResNet50"}, "pretraining": {"training": true, "batch_size": 256, "num_workers_loader": 4, "max_epochs": 500, "projection": {"use_projection": true, "hidden_layer_sizes": "None", "projection_dimension": 128}, "loss": {"name": "WeightedNTXent", "loss_config": {"temperature": 0.1, "weight": "GaussianWeight", "weight_normalization": "negatives_constant_total_weight", "weight_config": {"sigma": 0.5, "mean": "LinearParam", "mean_config": {"begin": 1, "end": -1, "factor": 0.99, "steps": 500}, "b_l": -1, "b_u": 1}}}, "optimizer": {"name": "Adam", "config": {"lr": 0.001, "weight_decay": 1e-06}}, "dataset": {"name": "Cifar10", "transforms": {"RandomResizedCrop": {"size": "32,32", "scale": "0.08,1.0", "ratio": "0.75,1.3333333333"}, "RandomHorizontalFlip": {"p": 0.5}, "ColorJitter": {"brightness": 0.4, "contrast": 0.4, "saturation": 0.4, "hue": 0.1, "prob": 0.8}, "RandomGrayscale": {"p": 0.2}, "GaussianBlur": {"kernel_size": 3, "prob": 0.5}}}, "model_dimension": {"embedding_dimension": 2048}}, "testing": {"testing": true, "testing_every_n_epochs": 100, "batch_size": 256, "num_workers_loader": 0, "max_epochs": 60, "dataset": {"val_percentage": 0.1, "name": "Cifar10"}, "optimizer": {"lr": 0.001}, "param_tuning": {"log_min": -6, "log_max": -1, "n_steps": 5}}}, "average_training_loss_per_epoch": [5.823952674865723, 5.557840824127197, 5.405697345733643, 5.298894882202148, 5.2200236320495605, 5.1401519775390625, 5.071783542633057, 4.985895156860352, 4.87553596496582, 4.775848865509033, 4.654605388641357, 4.5537309646606445, 4.469512462615967, 4.355065822601318, 4.250904560089111, 4.182888031005859, 4.118074893951416, 4.027377605438232, 3.9526655673980713, 3.8947041034698486, 3.81361722946167, 3.7547366619110107, 3.705831527709961, 3.6276772022247314, 3.5820794105529785, 3.5254974365234375, 3.4953739643096924, 3.4505977630615234, 3.3872125148773193, 3.3545234203338623, 3.3113465309143066, 3.2785630226135254, 3.2534406185150146, 3.2201650142669678, 3.187971353530884, 3.14524507522583, 3.092250108718872, 3.0908169746398926, 3.0423290729522705, 3.0385971069335938, 3.003601551055908, 2.9534189701080322, 2.9422993659973145, 2.9128739833831787, 2.9089555740356445, 2.8696346282958984, 2.8645825386047363, 2.8186309337615967, 2.8171706199645996, 2.7743890285491943, 2.787339925765991, 2.747408866882324, 2.7202203273773193, 2.702857255935669, 2.6879122257232666, 2.6642284393310547, 2.6405816078186035, 2.6280181407928467, 2.596914052963257, 2.584984302520752, 2.5688133239746094, 2.5665316581726074, 2.541215181350708, 2.538471221923828, 2.51523756980896, 2.478259325027466, 2.475419521331787, 2.467744827270508, 2.4386048316955566, 2.41900372505188, 2.4202520847320557, 2.4132814407348633, 2.3769466876983643, 2.3841335773468018, 2.3463294506073, 2.339465618133545, 2.3449912071228027, 2.3132266998291016, 2.3158838748931885, 2.3108222484588623, 2.294713020324707, 2.2663533687591553, 2.270951747894287, 2.245476484298706, 2.2378320693969727, 2.2213361263275146, 2.218235731124878, 2.200303554534912, 2.1981942653656006, 2.18172550201416, 2.1680822372436523, 2.171312093734741, 2.1511363983154297, 2.135312557220459, 2.1411824226379395, 2.1219756603240967, 2.111069679260254, 2.1071033477783203, 2.0841944217681885, 2.072939157485962, 2.064838171005249, 2.055539131164551, 2.0428965091705322, 2.026836633682251, 2.0317020416259766, 2.023069143295288, 2.00300931930542, 2.0108859539031982, 1.9934985637664795, 1.9816193580627441, 1.972204566001892, 1.9547773599624634, 1.9475080966949463, 1.9486868381500244, 1.9167640209197998, 1.9320244789123535, 1.922886848449707, 1.9100273847579956, 1.89987051486969, 1.9051710367202759, 1.8823051452636719, 1.869444727897644, 1.8770806789398193, 1.846505880355835, 1.8473988771438599, 1.850426435470581, 1.8408674001693726, 1.8174974918365479, 1.8268787860870361, 1.8104311227798462, 1.795915126800537, 1.793735146522522, 1.7749929428100586, 1.776576280593872, 1.7723512649536133, 1.7512729167938232, 1.745962381362915, 1.7475416660308838, 1.73905611038208, 1.7247613668441772, 1.7225899696350098, 1.718048334121704, 1.7263442277908325, 1.6987820863723755, 1.691068172454834, 1.675511121749878, 1.6726442575454712, 1.6745537519454956, 1.6606214046478271, 1.6558480262756348, 1.654547929763794, 1.6429545879364014, 1.624993085861206, 1.6233088970184326, 1.6228041648864746, 1.621215581893921, 1.6171127557754517, 1.5974383354187012, 1.5795173645019531, 1.5817939043045044, 1.5702598094940186, 1.5750731229782104, 1.5641608238220215, 1.572375774383545, 1.5378170013427734, 1.539750337600708, 1.5357768535614014, 1.5213748216629028, 1.529650330543518, 1.5271389484405518, 1.5111342668533325, 1.4969770908355713, 1.50310480594635, 1.4995404481887817, 1.488418698310852, 1.4664947986602783, 1.4776949882507324, 1.4699939489364624, 1.4581084251403809, 1.4745283126831055, 1.4590996503829956, 1.4438225030899048, 1.435149073600769, 1.4359049797058105, 1.4327038526535034, 1.4136656522750854, 1.424393892288208, 1.4066635370254517, 1.3995001316070557, 1.4102813005447388, 1.387302041053772, 1.3911857604980469, 1.3839730024337769, 1.3764524459838867, 1.3766518831253052, 1.3494712114334106, 1.3768117427825928, 1.356059193611145, 1.3609635829925537, 1.3582861423492432, 1.3216832876205444, 1.3203788995742798, 1.3097072839736938, 1.2996381521224976, 1.3033066987991333, 1.297576904296875, 1.2893613576889038, 1.2936148643493652, 1.2890042066574097, 1.2736896276474, 1.2743287086486816, 1.2614288330078125, 1.2563124895095825, 1.2622196674346924, 1.2370059490203857, 1.2463867664337158, 1.2446037530899048, 1.2383922338485718, 1.2343310117721558, 1.234593391418457, 1.2212735414505005, 1.20846688747406, 1.2157902717590332, 1.202614426612854, 1.1967624425888062, 1.2058405876159668, 1.2005972862243652, 1.1780937910079956, 1.1841257810592651, 1.1752225160598755, 1.1666358709335327, 1.1630754470825195, 1.1542812585830688, 1.1573026180267334, 1.1566014289855957, 1.1376582384109497, 1.1383901834487915, 1.1426767110824585, 1.1318609714508057, 1.1236053705215454, 1.124181866645813, 1.1197385787963867, 1.1295666694641113, 1.109748125076294, 1.1045923233032227, 1.092618703842163, 1.0928863286972046, 1.0924761295318604, 1.0834553241729736, 1.0842170715332031, 1.0814906358718872, 1.0730555057525635, 1.0616410970687866, 1.062732219696045, 1.0602147579193115, 1.0606279373168945, 1.0619570016860962, 1.044374942779541, 1.0320008993148804, 1.0353729724884033, 1.0291976928710938, 1.027862787246704, 1.0242434740066528, 1.0276784896850586, 1.005126953125, 1.0070018768310547, 1.0030544996261597, 0.9947306513786316, 1.0006389617919922, 0.9950659275054932, 0.9872843027114868, 0.9820898175239563, 0.9827635288238525, 0.9788296818733215, 0.972603440284729, 0.9561243653297424, 0.9688822031021118, 0.9590297937393188, 0.9536659121513367, 0.9644432663917542, 0.9547191262245178, 0.9440917372703552, 0.9359418153762817, 0.9375407695770264, 0.9380387663841248, 0.9211301803588867, 0.9321365356445312, 0.9161134362220764, 0.9100251793861389, 0.918222188949585, 0.9040424227714539, 0.9045349359512329, 0.9014313220977783, 0.8922260999679565, 0.8969095349311829, 0.8777953386306763, 0.8963178396224976, 0.8825864791870117, 0.8827557563781738, 0.8785420060157776, 0.8608097434043884, 0.8608580231666565, 0.8517404794692993, 0.842880368232727, 0.8507968783378601, 0.8390281200408936, 0.8364620208740234, 0.8423585295677185, 0.8374038338661194, 0.8218940496444702, 0.8260762691497803, 0.8128729462623596, 0.8087829947471619, 0.8193918466567993, 0.7983013987541199, 0.8011353015899658, 0.8026317358016968, 0.7983657121658325, 0.7969773411750793, 0.7947275638580322, 0.7865927219390869, 0.7756685018539429, 0.7798439860343933, 0.7723327279090881, 0.7652391195297241, 0.7737563252449036, 0.7685295343399048, 0.7502442002296448, 0.7535567879676819, 0.7479493618011475, 0.7405596375465393, 0.738387942314148, 0.7346488237380981, 0.7342012524604797, 