{"experiment": "experiment_20", "config": {"experiment": "experiment_20", "seed": 42, "encoder_architecture": {"name": "ResNet50"}, "pretraining": {"training": true, "batch_size": 256, "num_workers_loader": 4, "max_epochs": 500, "projection": {"use_projection": true, "hidden_layer_sizes": "None", "projection_dimension": 128}, "loss": {"name": "WeightedNTXent", "loss_config": {"temperature": 0.1, "weight": "GaussianWeight", "weight_normalization": "None", "weight_config": {"sigma": 0.25, "mean": "LinearParam", "mean_config": {"begin": -1, "end": 1, "factor": 0.99, "steps": 250}, "b_l": -1, "b_u": 1}}}, "optimizer": {"name": "Adam", "config": {"lr": 0.001, "weight_decay": 1e-06}}, "dataset": {"name": "Cifar10", "transforms": {"RandomResizedCrop": {"size": "32,32", "scale": "0.08,1.0", "ratio": "0.75,1.3333333333"}, "RandomHorizontalFlip": {"p": 0.5}, "ColorJitter": {"brightness": 0.4, "contrast": 0.4, "saturation": 0.4, "hue": 0.1, "prob": 0.8}, "RandomGrayscale": {"p": 0.2}, "GaussianBlur": {"kernel_size": 3, "prob": 0.5}}}, "model_dimension": {"embedding_dimension": 2048}}, "testing": {"testing": true, "testing_every_n_epochs": 100, "batch_size": 256, "num_workers_loader": 0, "max_epochs": 60, "dataset": {"val_percentage": 0.1, "name": "Cifar10"}, "optimizer": {"lr": 0.001}, "param_tuning": {"log_min": -6, "log_max": -1, "n_steps": 5}}}, "average_training_loss_per_epoch": [4.411251453007026e-08, 0.0, 0.0, 0.0, 0.0, 0.0, 0.0, 0.0, 0.0, 0.0, 0.0, 0.0, 0.0, 0.0, 0.0, 0.0, 0.0, 0.0, 0.0, 0.0, 0.0, 0.0, 0.0, 0.0, 0.0, 0.0, 0.0, 0.0, 0.0, 0.0, 0.0, 0.0, 0.0, 0.0, 0.0, 0.0, 0.0, 0.0, 0.0, 0.0, 0.0, 0.0, 0.0, 0.0, 0.0, 0.0, 0.0, 0.0, 0.0, 0.0, 0.0, 0.0, 0.0, 0.0, 0.0, 0.0, 0.0, 0.0, 0.0, 0.0, 0.0, 0.0, 0.0, 0.0, 0.0, 0.0, 0.0, 0.0, 0.0, 0.0, 0.0, 0.0, 0.0, 0.0, 0.0, 0.0, 0.0, 0.0, 0.0, 0.0, 0.0, 0.0, 0.0, 0.0, 0.0, 0.0, 0.0, 0.0, 0.0, 0.0, 0.0, 0.0, 0.0, 0.0, 0.0, 0.0, 0.0, 0.0, 0.0, 0.0, 5.9509275729396904e-08, 5.9509275729396904e-08, 5.9509275729396904e-08, 5.9509275729396904e-08, 1.7862322465589386e-07, 2.3813250038529077e-07, 2.3813250038529077e-07, 4.166603559951909e-07, 5.358696171242627e-07, 7.144928986235755e-07, 9.525300015411631e-07, 1.3098717772663804e-06, 1.7861367496152525e-06, 2.3220065941131907e-06, 3.0365001748577924e-06, 3.989127890235977e-06, 5.2393947953532916e-06, 6.90651950208121e-06, 9.109523489314597e-06, 1.1848333997477312e-05, 1.5480198271689005e-05, 2.0302999473642558e-05, 2.6376093956059776e-05, 3.417596235522069e-05, 4.435738082975149e-05, 5.7278219173895195e-05, 7.395002467092127e-05, 9.532603871775791e-05, 0.00012241926742717624, 0.00015701651864219457, 0.0002009635791182518, 0.0002566456387285143, 0.0003271593595854938, 0.0004161443212069571, 0.0005283097270876169, 0.0006692016613669693, 0.0008459872915409505, 0.001067264936864376, 0.0013435647124424577, 0.0016879254253581166, 0.0021161616314202547, 0.0026474192272871733, 0.003305161837488413, 0.004117413889616728, 0.005118385888636112, 0.0063489158637821674, 0.007858071476221085, 0.009704484604299068, 0.011957727372646332, 0.01470037642866373, 0.018029818311333656, 0.022060301154851913, 0.026925235986709595, 0.03277938812971115, 0.039801131933927536, 0.04819466918706894, 0.058191463351249695, 0.07005142420530319, 0.08406317234039307, 0.10054323077201843, 0.11983314156532288, 0.1422964185476303, 0.1683100461959839, 0.19825716316699982, 0.23251649737358093, 0.2714472711086273, 0.3153773546218872, 0.36458680033683777, 0.41929230093955994, 0.4796387255191803, 0.5456850528717041, 0.6174010634422302, 0.694667637348175, 0.7772809267044067, 0.8649519681930542, 0.9573382139205933, 1.0540378093719482, 1.1546154022216797, 1.2586133480072021, 1.3655633926391602, 1.4750105142593384, 1.5865041017532349, 1.6996248960494995, 1.8139632940292358, 1.929168701171875, 2.044886827468872, 2.1608262062072754, 2.27671217918396, 2.3922863006591797, 2.5073559284210205, 2.621706485748291, 2.7351796627044678, 2.847623109817505, 2.9589107036590576, 3.0689330101013184, 3.177586793899536, 3.2847769260406494, 3.390451192855835, 3.4945225715637207, 3.5969529151916504, 3.6976730823516846, 3.7966561317443848, 3.893845319747925, 3.9892337322235107, 4.082779884338379, 4.174460411071777, 4.264261722564697, 4.3521504402160645, 4.438107967376709, 4.52214241027832, 4.604222297668457, 4.684322834014893, 4.762483596801758, 4.838652610778809, 4.912823677062988, 4.9850172996521, 5.055203437805176, 5.12338924407959, 5.189553260803223, 5.2537126541137695, 5.315878868103027, 5.376005172729492, 5.434108734130859, 5.49019193649292, 5.5442304611206055, 5.596270561218262, 5.646259307861328, 5.6942243576049805, 5.740146636962891, 5.78402853012085, 5.825894832611084, 5.865701675415039, 5.903489589691162, 5.939243316650391, 5.972944259643555, 6.004604816436768, 6.034226417541504, 6.061813831329346, 6.0873637199401855, 6.110853672027588, 6.132300853729248, 6.151711940765381, 6.169102668762207, 6.184415817260742, 6.197716236114502, 6.208948135375977, 6.218151092529297, 6.22530460357666, 6.230422019958496, 6.23348331451416, 6.234501361846924, 6.234501361846924, 6.234501361846924, 6.234501361846924, 6.234501361846924, 6.234501361846924, 6.234501361846924, 6.234501361846924, 6.234501361846924, 6.234501361846924, 6.234501361846924, 6.234501361846924, 6.234501361846924, 6.234501361846924, 6.234501361846924, 6.234501361846924, 6.234501361846924, 6.234501361846924, 6.234501361846924, 6.234501361846924, 6.234501361846924, 6.234501361846924, 6.234501361846924, 6.234501361846924, 6.234501361846924, 6.234501361846924, 6.234501361846924, 6.234501361846924, 6.234501361846924, 6.234501361846924, 6.234501361846924, 6.234501361846924, 6.234501361846924, 6.234501361846924, 6.234501361846924, 6.234501361846924, 6.234501361846924, 6.234501361846924, 6.234501361846924, 6.234501361846924, 6.234501361846924, 6.234501361846924, 6.234501361846924, 6.234501361846924, 6.234501361846924, 6.234501361846924, 6.234501361846924, 6.234501361846924, 6.234501361846924, 6.234501361846924, 6.234501361846924, 6.234501361846924, 6.234501361846924, 6.234501361846924, 6.234501361846924, 6.234501361846924, 6.234501361846924, 6.234501361846924, 6.234501361846924, 6.234501361846924, 6.234501361846924, 6.234501361846924, 6.234501361846924, 6.234501361846924, 6.234501361846924, 6.234501361846924, 6.234501361846924, 6.234501361846924, 6.234501361846924, 6.234501361846924, 6.234501361846924, 6.234501361846924, 6.234501361846924, 6.234501361846924, 6.234501361846924, 6.234501361846924, 6.234501361846924, 6.234501361846924, 6.234501361846924, 6.234501361846924, 6.234501361846924, 6.234501361846924, 6.234501361846924, 6.234501361846924, 6.234501361846924, 6.234501361846924, 6.234501361846924, 6.234501361846924, 6.234501361846924, 6.234501361846924, 6.234501361846924, 6.234501361846924, 6.234501361846924, 6.234501361846924, 6.234501361846924, 6.234501361846924, 6.234501361846924, 6.234501361846924, 6.234501361846924, 6.234501361846924, 6.234501361846924, 6.234501361846924, 6.234501361846924, 6.234501361846924, 6.234501361846924, 6.234501361846924, 6.234501361846924, 6.234501361846924, 6.234501361846924, 6.234501361846924, 6.234501361846924, 6.234501361846924, 6.234501361846924, 6.234501361846924, 6.234501361846924, 6.234501361846924, 6.234501361846924, 6.234501361846924, 6.234501361846924, 6.234501361846924, 6.234501361846924, 6.234501361846924, 6.234501361846924, 6.234501361846924, 6.234501361846924, 6.234501361846924, 6.234501361846924, 6.234501361846924, 6.234501361846924, 6.234501361846924, 6.234501361846924, 6.234501361846924, 6.234501361846924, 6.234501361846924, 6.234501361846924, 6.234501361846924, 6.234501361846924, 6.234501361846924, 6.234501361846924, 6.234501361846924, 6.234501361846924, 6.234501361846924, 6.234501361846924, 6.234501361846924, 6.234501361846924, 6.234501361846924, 6.234501361846924, 6.234501361846924, 6.234501361846924, 6.234501361846924, 6.234501361846924, 6.234501361846924, 6.234501361846924, 6.234501361846924, 6.234501361846924, 6.234501361846924, 