{"experiment": "experiment_A1", "config": {"experiment": "experiment_A1", "seed": 42, "encoder_architecture": {"name": "ResNet50"}, "pretraining": {"training": true, "batch_size": 512, "num_workers_loader": 4, "max_epochs": 500, "projection": {"use_projection": true, "hidden_layer_sizes": "None", "projection_dimension": 128}, "loss": {"name": "NTXent", "loss_config": {"temperature": 0.05, "weight": "GaussianWeight", "weight_normalization": "negatives_constant_total_weight", "weight_config": {"sigma": 0.75, "mean": "LinearParam", "mean_config": {"begin": -1, "end": 1, "factor": 0.99, "steps": 500}, "b_l": -1, "b_u": 1}}}, "optimizer": {"name": "Adam", "config": {"lr": 0.001, "weight_decay": 1e-06}}, "dataset": {"name": "Cifar10", "transforms": {"RandomResizedCrop": {"size": "32,32", "scale": "0.08,1.0", "ratio": "0.75,1.3333333333"}, "RandomHorizontalFlip": {"p": 0.5}, "ColorJitter": {"brightness": 0.4, "contrast": 0.4, "saturation": 0.4, "hue": 0.1, "prob": 0.8}, "RandomGrayscale": {"p": 0.2}, "GaussianBlur": {"kernel_size": 3, "prob": 0.5}}}, "model_dimension": {"embedding_dimension": 2048}}, "testing": {"testing": true, "testing_every_n_epochs": 100, "batch_size": 256, "num_workers_loader": 0, "max_epochs": 60, "dataset": {"val_percentage": 0.1, "name": "Cifar10"}, "optimizer": {"lr": 0.001}, "param_tuning": {"log_min": -6, "log_max": -1, "n_steps": 5}}}, "average_training_loss_per_epoch": [6.467937469482422, 5.980722427368164, 5.615825653076172, 5.26857328414917, 5.012696743011475, 4.743600845336914, 4.482178211212158, 4.284998416900635, 4.063205718994141, 3.914588212966919, 3.766840696334839, 3.6415414810180664, 3.521509885787964, 3.549891948699951, 3.314303398132324, 3.2233896255493164, 3.142268180847168, 3.0549521446228027, 2.9861550331115723, 3.3760762214660645, 2.9748787879943848, 2.86983323097229, 2.8321166038513184, 2.7669622898101807, 3.208474636077881, 2.869983434677124, 2.7047653198242188, 2.750227212905884, 2.6759347915649414, 2.9728593826293945, 2.6436471939086914, 2.638540267944336, 2.609879493713379, 2.4985334873199463, 2.4334144592285156, 2.406156063079834, 2.3174493312835693, 2.3756966590881348, 2.30133056640625, 2.341179609298706, 2.292536497116089, 2.249133586883545, 2.1768600940704346, 2.2122750282287598, 2.2469027042388916, 2.1480700969696045, 2.3385586738586426, 2.176786422729492, 2.229964017868042, 2.363664388656616, 2.187427520751953, 3.6184022426605225, 3.1886770725250244, 2.6010098457336426, 2.420666456222534, 2.312347888946533, 2.2487361431121826, 2.172797679901123, 2.1173832416534424, 2.0968358516693115, 2.080556631088257, 2.0654666423797607, 2.0709340572357178, 2.0477771759033203, 2.0121021270751953, 1.965354084968567, 1.9878664016723633, 1.965768575668335, 1.9973819255828857, 1.9733688831329346, 2.211538791656494, 2.086712121963501, 1.958633542060852, 1.9093842506408691, 1.8847273588180542, 1.8695120811462402, 1.8726683855056763, 1.8950515985488892, 2.935704469680786, 2.2657313346862793, 2.2407848834991455, 2.023576498031616, 1.9763073921203613, 1.9161279201507568, 1.897200345993042, 1.8496592044830322, 1.872117042541504, 1.856096863746643, 1.8389357328414917, 1.8164149522781372, 1.7894296646118164, 1.8355110883712769, 1.7988438606262207, 1.7811107635498047, 1.9147213697433472, 1.8763583898544312, 1.7975248098373413, 1.8067798614501953, 2.0111920833587646, 1.7928214073181152, 1.7501789331436157, 1.7283470630645752, 1.7211261987686157, 1.7073993682861328, 1.7332242727279663, 1.7129653692245483, 1.6949317455291748, 1.6702035665512085, 1.6650983095169067, 1.649454116821289, 1.7185187339782715, 1.6143909692764282, 1.6055784225463867, 1.608532190322876, 1.5771712064743042, 1.587562084197998, 1.5959731340408325, 1.6382259130477905, 1.7377732992172241, 1.6685965061187744, 1.587586522102356, 1.627573847770691, 1.6093096733093262, 1.5453659296035767, 1.563604474067688, 1.7116358280181885, 1.6199760437011719, 1.556902289390564, 1.5887129306793213, 1.5517287254333496, 1.8948954343795776, 1.6273891925811768, 1.556215763092041, 1.5348711013793945, 1.541555643081665, 1.4936693906784058, 1.5029981136322021, 1.5208910703659058, 1.5243128538131714, 1.6317237615585327, 1.5552654266357422, 1.5040911436080933, 1.4789862632751465, 1.4563212394714355, 1.4899195432662964, 1.4587838649749756, 1.470097303390503, 1.6014996767044067, 1.5518734455108643, 1.537063479423523, 1.507211685180664, 1.4552109241485596, 1.4069629907608032, 1.4127277135849, 1.479988694190979, 1.5355294942855835, 1.4817031621932983, 1.4858696460723877, 1.3988478183746338, 1.4055519104003906, 1.3979321718215942, 1.3830705881118774, 1.3909976482391357, 1.4445682764053345, 1.4377031326293945, 1.4238778352737427, 1.462392807006836, 1.417665958404541, 1.375351071357727, 1.3759691715240479, 1.3666865825653076, 1.3431094884872437, 1.3364616632461548, 1.3387056589126587, 1.349422812461853, 1.3461507558822632, 1.4529122114181519, 1.3458834886550903, 1.30281662940979, 1.342004418373108, 1.3245824575424194, 1.3138582706451416, 1.3071630001068115, 1.3594658374786377, 1.363641619682312, 1.3071948289871216, 1.423038125038147, 1.3217146396636963, 1.3143339157104492, 1.3294414281845093, 1.292515516281128, 1.333239197731018, 1.3045504093170166, 1.2994827032089233, 1.2908843755722046, 1.2643593549728394, 1.2931355237960815, 1.266373634338379, 1.2664579153060913, 1.334822654724121, 1.2685670852661133, 1.2880899906158447, 1.2477455139160156, 1.230710506439209, 2.5462329387664795, 1.8969043493270874, 1.6676489114761353, 1.5540052652359009, 1.5139373540878296, 1.440972089767456, 1.400966763496399, 1.3468337059020996, 1.3457343578338623, 1.3237234354019165, 1.2928529977798462, 1.3093734979629517, 1.2909365892410278, 1.2602871656417847, 1.2509812116622925, 1.2594640254974365, 1.234588623046875, 1.235019564628601, 1.2402931451797485, 1.2112764120101929, 1.2174335718154907, 1.2215279340744019, 1.2293367385864258, 1.2120263576507568, 1.202856183052063, 1.197137713432312, 1.1825926303863525, 1.19023597240448, 1.1714458465576172, 1.1789556741714478, 1.1702996492385864, 1.1555278301239014, 1.1630070209503174, 1.1743358373641968, 1.1613186597824097, 1.1660350561141968, 1.161799669265747, 1.1736464500427246, 1.1646320819854736, 1.1426016092300415, 1.1564620733261108, 1.1428037881851196, 1.147255778312683, 1.149570345878601, 1.1415663957595825, 1.1452687978744507, 1.1483169794082642, 1.1407188177108765, 1.1235953569412231, 1.1269690990447998, 1.1419727802276611, 1.1421219110488892, 1.1453754901885986, 1.1491705179214478, 1.1281256675720215, 1.1375561952590942, 1.122625470161438, 1.1227281093597412, 1.1302080154418945, 1.1341630220413208, 1.109217643737793, 1.1250253915786743, 1.1232603788375854, 1.1179413795471191, 1.1105517148971558, 1.1194195747375488, 1.1139392852783203, 1.093460202217102, 1.0969343185424805, 1.1049200296401978, 1.1112996339797974, 1.1056267023086548, 1.1041126251220703, 1.0992335081100464, 1.0782434940338135, 1.116801142692566, 1.0949852466583252, 1.0839205980300903, 1.07864511013031, 1.0903291702270508, 1.1022602319717407, 1.0767405033111572, 1.0934768915176392, 1.076667070388794, 1.0720354318618774, 1.0813515186309814, 1.0662981271743774, 1.0852011442184448, 1.075693130493164, 1.0746897459030151, 1.0686874389648438, 1.0510061979293823, 1.0684000253677368, 1.0554778575897217, 1.0557323694229126, 1.082919716835022, 1.0547932386398315, 1.0517226457595825, 1.0449541807174683, 1.0327824354171753, 1.082092046737671, 1.079881191253662, 1.0668606758117676, 1.0542854070663452, 1.06451416015625, 1.052717924118042, 1.065687656402588, 1.0339550971984863, 1.0484520196914673, 1.0494656562805176, 1.027161955833435, 1.0464715957641602, 1.0423634052276611, 1.0357944965362549, 1.033626914024353, 1.045704960823059, 1.0236589908599854, 1.0288021564483643, 1.041738748550415, 1.0131545066833496, 1.0211337804794312, 1.0296695232391357, 1.0289485454559326, 1.010358452796936, 1.02256178855896, 1.0216553211212158, 0.9991210103034973, 1.0117496252059937, 0.9898977279663086, 1.002008080482483, 