{"experiment": "experiment_A10", "config": {"experiment": "experiment_A10", "seed": 42, "encoder_architecture": {"name": "ResNet50"}, "pretraining": {"training": true, "batch_size": 512, "num_workers_loader": 4, "max_epochs": 500, "projection": {"use_projection": true, "hidden_layer_sizes": "None", "projection_dimension": 128}, "loss": {"name": "WeightedNTXent", "loss_config": {"temperature": 0.1, "weight": "GaussianWeight", "weight_normalization": "negatives_constant_total_weight", "weight_config": {"sigma": 0.5, "mean": "LinearParam", "mean_config": {"begin": -1, "end": 1, "factor": 0.99, "steps": 375}, "b_l": -1, "b_u": 1}}}, "optimizer": {"name": "Adam", "config": {"lr": 0.001, "weight_decay": 1e-06}}, "dataset": {"name": "Cifar10", "transforms": {"RandomResizedCrop": {"size": "32,32", "scale": "0.08,1.0", "ratio": "0.75,1.3333333333"}, "RandomHorizontalFlip": {"p": 0.5}, "ColorJitter": {"brightness": 0.4, "contrast": 0.4, "saturation": 0.4, "hue": 0.1, "prob": 0.8}, "RandomGrayscale": {"p": 0.2}, "GaussianBlur": {"kernel_size": 3, "prob": 0.5}}}, "model_dimension": {"embedding_dimension": 2048}}, "testing": {"testing": true, "testing_every_n_epochs": 100, "batch_size": 256, "num_workers_loader": 0, "max_epochs": 60, "dataset": {"val_percentage": 0.1, "name": "Cifar10"}, "optimizer": {"lr": 0.001}, "param_tuning": {"log_min": -6, "log_max": -1, "n_steps": 5}}}, "average_training_loss_per_epoch": [1.4228054285049438, 0.7602483630180359, 0.7027088403701782, 0.7393370866775513, 0.7243078947067261, 0.755281388759613, 0.7686913013458252, 0.7416763305664062, 0.7150850892066956, 0.6997261643409729, 0.6942521333694458, 0.6970380544662476, 0.6560137271881104, 0.6771165728569031, 0.6753830313682556, 0.7013134956359863, 0.7065011858940125, 0.6903334259986877, 0.6812722682952881, 0.6768291592597961, 0.676150381565094, 0.677360475063324, 0.6819629073143005, 0.6810489296913147, 0.6795009970664978, 0.6809828281402588, 0.7009697556495667, 0.6971907615661621, 0.6932691931724548, 0.7132484912872314, 0.7098620533943176, 0.7082135081291199, 0.7374006509780884, 0.727195680141449, 0.737196147441864, 0.7390599846839905, 0.750606119632721, 0.7501234412193298, 0.7416864633560181, 0.7724624276161194, 0.7705404162406921, 0.7669916152954102, 0.754051148891449, 0.7674227356910706, 0.7875945568084717, 0.7845118045806885, 0.7996453046798706, 0.7909026741981506, 0.7970808744430542, 0.79622882604599, 0.8094421625137329, 0.8030423521995544, 0.8147594332695007, 0.8262135982513428, 0.8295852541923523, 0.8504043817520142, 0.8545316457748413, 0.8370737433433533, 0.8698051571846008, 0.8654845952987671, 0.8790246844291687, 0.8954431414604187, 0.9064860939979553, 0.921869695186615, 0.9181309342384338, 0.9090129733085632, 0.9136674404144287, 0.9319103360176086, 0.9426828622817993, 0.9440173506736755, 0.9516404867172241, 0.9570568799972534, 0.9604349732398987, 0.9725830554962158, 0.969064474105835, 0.993742048740387, 0.9904494285583496, 0.991178035736084, 1.0135473012924194, 1.0316518545150757, 1.0328208208084106, 1.0307656526565552, 1.0493643283843994, 1.0430591106414795, 1.0696604251861572, 1.0744225978851318, 1.07895827293396, 1.08631432056427, 1.0938117504119873, 1.0982288122177124, 1.1060909032821655, 1.1193808317184448, 1.1205910444259644, 1.115678071975708, 1.1426239013671875, 1.1358853578567505, 1.1564162969589233, 1.1593149900436401, 1.163806676864624, 1.1570603847503662, 1.1745425462722778, 1.1803451776504517, 1.1895833015441895, 1.1910948753356934, 1.2115557193756104, 1.2167401313781738, 1.22051203250885, 1.2322990894317627, 1.241233229637146, 1.2400426864624023, 1.2517330646514893, 1.2471444606781006, 1.2710659503936768, 1.2789498567581177, 1.2666418552398682, 1.2926585674285889, 1.2922717332839966, 1.302498459815979, 1.3135288953781128, 1.3303523063659668, 1.3292605876922607, 1.3336405754089355, 1.3565564155578613, 1.3468143939971924, 1.3583996295928955, 1.3745630979537964, 1.3821327686309814, 1.3706176280975342, 1.4000797271728516, 1.3961118459701538, 1.401486873626709, 1.4185997247695923, 1.415912389755249, 1.427991271018982, 1.4312573671340942, 1.425416111946106, 1.4465748071670532, 1.468123435974121, 1.4615029096603394, 1.4701489210128784, 1.4889990091323853, 1.4933722019195557, 1.5001482963562012, 1.4971905946731567, 1.5112260580062866, 1.5130653381347656, 1.5259273052215576, 1.521777629852295, 1.541123390197754, 1.5382323265075684, 1.5552847385406494, 1.561955213546753, 1.5572192668914795, 1.5689826011657715, 1.5837123394012451, 1.5883592367172241, 1.5942195653915405, 1.608744502067566, 1.5986015796661377, 1.625869631767273, 1.6044349670410156, 1.6240369081497192, 1.6369690895080566, 1.6448663473129272, 1.6383342742919922, 1.6504079103469849, 1.662580966949463, 1.6680848598480225, 1.681479573249817, 1.6819509267807007, 1.6979320049285889, 1.6921418905258179, 1.6984540224075317, 1.7087092399597168, 1.7173395156860352, 1.7168678045272827, 1.735029697418213, 1.7395954132080078, 1.7246912717819214, 1.7642854452133179, 1.7714788913726807, 1.7590214014053345, 1.7678860425949097, 1.7781237363815308, 1.7874054908752441, 1.7804615497589111, 1.7955154180526733, 1.8020414113998413, 1.796694040298462, 1.8163621425628662, 1.808867335319519, 1.8344521522521973, 1.8331032991409302, 1.8432270288467407, 1.8369715213775635, 1.8410648107528687, 1.8682441711425781, 1.864409327507019, 1.86962890625, 1.8952021598815918, 1.8786194324493408, 1.8897602558135986, 1.889914870262146, 1.8860011100769043, 1.9024401903152466, 1.9075967073440552, 1.9104253053665161, 1.9221998453140259, 1.9272832870483398, 1.9250752925872803, 1.9385942220687866, 1.9305440187454224, 1.9444622993469238, 1.9557487964630127, 1.942688226699829, 1.9729437828063965, 1.9728394746780396, 1.9825022220611572, 1.9797803163528442, 2.0084927082061768, 1.9943830966949463, 1.9987753629684448, 2.0228421688079834, 2.0072622299194336, 2.0186846256256104, 2.0271670818328857, 2.037745714187622, 2.0271639823913574, 2.0494306087493896, 2.046922206878662, 2.0443849563598633, 2.062507390975952, 2.051604986190796, 2.066056728363037, 2.069913864135742, 2.0644075870513916, 2.0750155448913574, 2.093390703201294, 2.0921542644500732, 2.1008031368255615, 2.11263108253479, 2.118018865585327, 2.120018243789673, 2.1134088039398193, 2.1242847442626953, 2.127715826034546, 2.142965078353882, 2.14029598236084, 2.153425693511963, 2.151970624923706, 2.1700868606567383, 2.1648411750793457, 2.1568892002105713, 2.1710033416748047, 2.185262680053711, 2.1923322677612305, 2.1960790157318115, 2.2080023288726807, 2.1893537044525146, 2.2086617946624756, 2.1973040103912354, 2.213779926300049, 2.2187588214874268, 2.2261228561401367, 2.218142509460449, 2.2363271713256836, 2.243382692337036, 2.2416775226593018, 2.2591750621795654, 2.259023666381836, 2.2684175968170166, 2.256641387939453, 2.2704193592071533, 2.2801733016967773, 2.2880210876464844, 2.2762181758880615, 2.2982089519500732, 2.297590494155884, 2.285433053970337, 2.322125196456909, 2.323967933654785, 2.31042742729187, 2.3223366737365723, 2.329322099685669, 2.3440468311309814, 2.3279614448547363, 2.3423891067504883, 2.3461835384368896, 2.3385167121887207, 2.359243869781494, 2.346797466278076, 2.3677048683166504, 2.365920066833496, 2.37681245803833, 2.373969316482544, 2.3699560165405273, 2.405937433242798, 2.385051965713501, 2.3986449241638184, 2.4283266067504883, 2.404183864593506, 2.4164016246795654, 2.4074814319610596, 2.411480188369751, 2.4148945808410645, 2.4236483573913574, 2.428987503051758, 2.4343018531799316, 2.435816764831543, 2.43623948097229, 2.449209451675415, 2.4317355155944824, 2.452467679977417, 2.457542896270752, 2.439077377319336, 2.4664154052734375, 2.4814913272857666, 2.4805386066436768, 2.475985288619995, 2.5018815994262695, 2.4840126037597656, 2.491974115371704, 2.5045266151428223, 2.495142698287964, 2.502548933029175, 2.5113914012908936, 2.517439365386963, 2.5136489868164062, 2.5318143367767334, 2.5231902599334717, 2.5183050632476807, 2.5421152114868164, 2.52669620513916, 