{"experiment": "experiment_12", "config": {"experiment": "experiment_12", "seed": 42, "encoder_architecture": {"name": "ResNet50"}, "pretraining": {"training": true, "batch_size": 256, "num_workers_loader": 4, "max_epochs": 500, "projection": {"use_projection": true, "hidden_layer_sizes": "None", "projection_dimension": 128}, "loss": {"name": "WeightedNTXent", "loss_config": {"temperature": 0.1, "weight": "GaussianWeight", "weight_normalization": "None", "weight_config": {"sigma": 0.5, "mean": "LinearParam", "mean_config": {"begin": -1, "end": 1, "factor": 0.99, "steps": 250}, "b_l": -1, "b_u": 1}}}, "optimizer": {"name": "Adam", "config": {"lr": 0.001, "weight_decay": 1e-06}}, "dataset": {"name": "Cifar10", "transforms": {"RandomResizedCrop": {"size": "32,32", "scale": "0.08,1.0", "ratio": "0.75,1.3333333333"}, "RandomHorizontalFlip": {"p": 0.5}, "ColorJitter": {"brightness": 0.4, "contrast": 0.4, "saturation": 0.4, "hue": 0.1, "prob": 0.8}, "RandomGrayscale": {"p": 0.2}, "GaussianBlur": {"kernel_size": 3, "prob": 0.5}}}, "model_dimension": {"embedding_dimension": 2048}}, "testing": {"testing": true, "testing_every_n_epochs": 100, "batch_size": 256, "num_workers_loader": 0, "max_epochs": 60, "dataset": {"val_percentage": 0.1, "name": "Cifar10"}, "optimizer": {"lr": 0.001}, "param_tuning": {"log_min": -6, "log_max": -1, "n_steps": 5}}}, "average_training_loss_per_epoch": [0.000891128380317241, 0.001166666392236948, 0.0016917743487283587, 0.001668730634264648, 0.0017859688960015774, 0.0016930882120504975, 0.0014138189144432545, 0.0022592281457036734, 0.0009625974926166236, 0.002174345776438713, 0.0026239538565278053, 0.0022781207226216793, 0.0032471916638314724, 0.002302635693922639, 0.004342187196016312, 0.00476135453209281, 0.00788563396781683, 0.008506497368216515, 0.011235343292355537, 0.014172692783176899, 0.01515878178179264, 0.019954951480031013, 0.020524123683571815, 0.02432871051132679, 0.02880496345460415, 0.03371695056557655, 0.044610943645238876, 0.05499379709362984, 0.07120124995708466, 0.08037788420915604, 0.0906309112906456, 0.10605308413505554, 0.11903972923755646, 0.126935213804245, 0.14459669589996338, 0.187961608171463, 0.21979308128356934, 0.24072861671447754, 0.2561313509941101, 0.27903226017951965, 0.2931258976459503, 0.3057346045970917, 0.3292282521724701, 0.3539712131023407, 0.4187886714935303, 0.4415225684642792, 0.45712682604789734, 0.46784070134162903, 0.49439024925231934, 0.5006247758865356, 0.5242376327514648, 0.5328550934791565, 0.5497121214866638, 0.5653996467590332, 0.5950726270675659, 0.6143128275871277, 0.6421332359313965, 0.6520342826843262, 0.6730924248695374, 0.6805760860443115, 0.7040316462516785, 0.7161567807197571, 0.729200541973114, 0.7412267923355103, 0.7554203271865845, 0.7617149949073792, 0.7714446783065796, 0.7975989580154419, 0.8090313076972961, 0.8142891526222229, 0.8408695459365845, 0.8480864763259888, 0.86676025390625, 0.8935735821723938, 0.9070455431938171, 0.9263498187065125, 0.9459856152534485, 0.963695764541626, 0.9813190698623657, 1.0007647275924683, 1.0058190822601318, 1.0219184160232544, 1.0392429828643799, 1.0625418424606323, 1.0698431730270386, 1.0952798128128052, 1.1068686246871948, 1.1272602081298828, 1.150450348854065, 1.1597037315368652, 1.1805095672607422, 1.1992528438568115, 1.214309811592102, 1.2243626117706299, 1.246333360671997, 1.2625665664672852, 1.280113697052002, 1.2874579429626465, 1.3137167692184448, 1.313891053199768, 1.32352614402771, 1.344464659690857, 1.3623031377792358, 1.3645682334899902, 1.3963031768798828, 1.4036563634872437, 1.4175890684127808, 1.4335988759994507, 1.4494720697402954, 1.4581003189086914, 1.478795051574707, 1.4742372035980225, 1.4867371320724487, 1.5164250135421753, 1.5147560834884644, 1.5372763872146606, 1.5604387521743774, 1.5581912994384766, 1.5672470331192017, 1.5962340831756592, 1.5879323482513428, 1.595456838607788, 1.6157751083374023, 1.6122554540634155, 1.6216795444488525, 1.6483124494552612, 1.653481125831604, 1.6505937576293945, 1.6772130727767944, 1.6669347286224365, 1.6770931482315063, 1.6914489269256592, 1.691544532775879, 1.7078447341918945, 1.709973692893982, 1.7034735679626465, 1.7206932306289673, 1.7289901971817017, 1.7334959506988525, 1.736257791519165, 1.7416820526123047, 1.7458243370056152, 1.7728749513626099, 1.755282998085022, 1.7590464353561401, 1.7589319944381714, 1.7622740268707275, 1.7694276571273804, 1.7679740190505981, 1.7748725414276123, 1.78529953956604, 1.7850652933120728, 1.7787961959838867, 1.7827227115631104, 1.7876818180084229, 1.791007161140442, 1.788696050643921, 1.782127022743225, 1.7688791751861572, 1.7802886962890625, 1.7689284086227417, 1.778902530670166, 1.7740579843521118, 1.7827963829040527, 1.7551946640014648, 1.7659268379211426, 1.7608191967010498, 1.7525418996810913, 1.765631079673767, 1.755925178527832, 1.7421587705612183, 1.7283729314804077, 1.7384392023086548, 1.730643630027771, 1.7267736196517944, 1.7096590995788574, 1.716887354850769, 1.7007023096084595, 1.6939342021942139, 1.7120685577392578, 1.6971440315246582, 1.6798712015151978, 1.6661045551300049, 1.6634162664413452, 1.663312554359436, 1.636472225189209, 1.641837477684021, 1.6222459077835083, 1.6056232452392578, 1.6094905138015747, 1.5865302085876465, 1.5936001539230347, 1.573042869567871, 1.5715806484222412, 1.5649415254592896, 1.5307278633117676, 1.550232172012329, 1.5190926790237427, 1.5238354206085205, 1.511133074760437, 1.4785151481628418, 1.4680887460708618, 1.4546356201171875, 1.4403924942016602, 1.4396415948867798, 1.4230047464370728, 1.4048172235488892, 1.4021188020706177, 1.3848512172698975, 1.3671581745147705, 1.3516355752944946, 1.3311723470687866, 1.3129626512527466, 1.3151652812957764, 1.2843002080917358, 1.2841159105300903, 1.2745606899261475, 1.2581732273101807, 1.240068793296814, 1.233400821685791, 1.2044546604156494, 1.1868815422058105, 1.1819761991500854, 1.156507968902588, 1.145840048789978, 1.1397889852523804, 1.1225738525390625, 1.091115117073059, 1.0936686992645264, 1.0701842308044434, 1.0513678789138794, 1.041123390197754, 1.0142693519592285, 1.0074338912963867, 0.9925399422645569, 0.9653486609458923, 0.9495915770530701, 0.9469485282897949, 0.9307613968849182, 0.9112265110015869, 0.8988224864006042, 0.8829459547996521, 0.881458580493927, 0.851417601108551, 0.8358457088470459, 0.8162020444869995, 0.8071035742759705, 0.7958573698997498, 0.7769742012023926, 0.7618238925933838, 0.7546238303184509, 0.7453814744949341, 0.7378065586090088, 0.7449336647987366, 0.7436758875846863, 0.7406749129295349, 0.7460104823112488, 0.7330612540245056, 0.7273019552230835, 0.7280190587043762, 0.7269803285598755, 0.7270059585571289, 0.7249276638031006, 0.7281899452209473, 0.7135705351829529, 0.7193998694419861, 0.7148565053939819, 0.7097258567810059, 0.7171303033828735, 0.7156676054000854, 0.7089160084724426, 0.7035567760467529, 0.7062580585479736, 0.7086228728294373, 0.7049944400787354, 0.6922183632850647, 0.7030289173126221, 0.6983832120895386, 0.6950089931488037, 0.707391619682312, 0.6985422372817993, 0.6904028654098511, 0.6891675591468811, 0.6932827234268188, 0.6937515139579773, 0.6760018467903137, 0.6890239715576172, 0.6766238808631897, 0.6752987504005432, 0.6824851036071777, 0.6683220267295837, 0.6815452575683594, 0.6802506446838379, 0.6765295267105103, 0.6737571954727173, 0.6592857241630554, 0.6789222359657288, 0.6703042387962341, 0.6711211204528809, 0.6724414229393005, 0.6566544771194458, 0.6585454940795898, 0.664046585559845, 0.6562094688415527, 0.6578617095947266, 0.6553255319595337, 0.6537806391716003, 0.657555878162384, 0.6567654609680176, 0.6536602973937988, 0.6520983576774597, 0.645232081413269, 0.6394434571266174, 0.6479380130767822, 0.6329348087310791, 0.6489179134368896, 0.6477791666984558, 0.6430339217185974, 0.643146812915802, 0.6418296694755554, 0.6366888880729675, 0.6309419870376587, 0.6383475661277771, 0.6326159834861755, 0.6336780190467834, 0.637642502784729, 0.6329582333564758, 0.6223036050796509, 0.6315362453460693, 