{"experiment": "experiment_10", "config": {"experiment": "experiment_10", "seed": 42, "encoder_architecture": {"name": "ResNet50"}, "pretraining": {"training": true, "batch_size": 256, "num_workers_loader": 4, "max_epochs": 500, "projection": {"use_projection": true, "hidden_layer_sizes": "None", "projection_dimension": 128}, "loss": {"name": "WeightedNTXent", "loss_config": {"temperature": 0.1, "weight": "GaussianWeight", "weight_normalization": "negatives_constant_total_weight", "weight_config": {"sigma": 0.5, "mean": "LinearParam", "mean_config": {"begin": -1, "end": 1, "factor": 0.99, "steps": 375}, "b_l": -1, "b_u": 1}}}, "optimizer": {"name": "Adam", "config": {"lr": 0.001, "weight_decay": 1e-06}}, "dataset": {"name": "Cifar10", "transforms": {"RandomResizedCrop": {"size": "32,32", "scale": "0.08,1.0", "ratio": "0.75,1.3333333333"}, "RandomHorizontalFlip": {"p": 0.5}, "ColorJitter": {"brightness": 0.4, "contrast": 0.4, "saturation": 0.4, "hue": 0.1, "prob": 0.8}, "RandomGrayscale": {"p": 0.2}, "GaussianBlur": {"kernel_size": 3, "prob": 0.5}}}, "model_dimension": {"embedding_dimension": 2048}}, "testing": {"testing": true, "testing_every_n_epochs": 100, "batch_size": 256, "num_workers_loader": 0, "max_epochs": 60, "dataset": {"val_percentage": 0.1, "name": "Cifar10"}, "optimizer": {"lr": 0.001}, "param_tuning": {"log_min": -6, "log_max": -1, "n_steps": 5}}}, "average_training_loss_per_epoch": [1.0872197151184082, 0.6572946906089783, 0.6135352849960327, 0.5812762975692749, 0.5451143980026245, 0.5210946202278137, 0.4913632869720459, 0.48607194423675537, 0.4694701135158539, 0.4554997384548187, 0.44800007343292236, 0.44643908739089966, 0.4572578966617584, 0.46024104952812195, 0.4461335837841034, 0.46498897671699524, 0.4650373160839081, 0.46813511848449707, 0.4730449318885803, 0.48353052139282227, 0.4925081729888916, 0.49889516830444336, 0.49674874544143677, 0.4937438368797302, 0.4847303032875061, 0.4827253520488739, 0.4980548024177551, 0.4880255460739136, 0.5017604827880859, 0.4998297691345215, 0.5016489624977112, 0.49527835845947266, 0.5082858800888062, 0.5119503140449524, 0.5098737478256226, 0.5195962190628052, 0.5068895816802979, 0.5247422456741333, 0.5365182161331177, 0.5486873984336853, 0.5513386130332947, 0.5580837726593018, 0.5614569783210754, 0.5870687365531921, 0.6055890321731567, 0.6024436950683594, 0.6152581572532654, 0.5969581604003906, 0.5982524752616882, 0.5999280214309692, 0.6107910871505737, 0.6024230122566223, 0.6061591506004333, 0.6119232773780823, 0.6166881918907166, 0.6268815398216248, 0.6261792778968811, 0.6333093047142029, 0.6399163603782654, 0.6334103345870972, 0.6439825296401978, 0.6494828462600708, 0.6527853608131409, 0.659254789352417, 0.6599790453910828, 0.6687441468238831, 0.6664831042289734, 0.6830543875694275, 0.6863328218460083, 0.6927147507667542, 0.7083386182785034, 0.7132554054260254, 0.7165852189064026, 0.7291412353515625, 0.7373923659324646, 0.7413893938064575, 0.7448702454566956, 0.756049394607544, 0.757024347782135, 0.7713823318481445, 0.7733590602874756, 0.7690944671630859, 0.7817277312278748, 0.7825741171836853, 0.7887328863143921, 0.7951816320419312, 0.7994166612625122, 0.8085909485816956, 0.8193918466567993, 0.8160944581031799, 0.8331850171089172, 0.8397693037986755, 0.8426190614700317, 0.8487882018089294, 0.8580976724624634, 0.8706784248352051, 0.8843483328819275, 0.8829925656318665, 0.894315779209137, 0.8929429054260254, 0.8942624926567078, 0.9051909446716309, 0.9082522392272949, 0.9014337658882141, 0.9334967136383057, 0.9287505745887756, 0.9355599284172058, 0.9448782801628113, 0.9564993977546692, 0.9559641480445862, 0.9668256044387817, 0.9573425054550171, 0.9610776305198669, 0.98653244972229, 0.9781500101089478, 0.9879915118217468, 1.0104678869247437, 1.001487135887146, 1.008810043334961, 1.0241491794586182, 1.017703652381897, 1.0210248231887817, 1.0349842309951782, 1.0335572957992554, 1.0363726615905762, 1.0547302961349487, 1.0576759576797485, 1.0591106414794922, 1.074742317199707, 1.0695819854736328, 1.076117992401123, 1.0845983028411865, 1.0893899202346802, 1.104349970817566, 1.1112865209579468, 1.1066837310791016, 1.1212679147720337, 1.134035587310791, 1.1329330205917358, 1.1365671157836914, 1.1502134799957275, 1.149722933769226, 1.1754621267318726, 1.1646993160247803, 1.1786049604415894, 1.1771652698516846, 1.1852500438690186, 1.191864013671875, 1.192697286605835, 1.1997904777526855, 1.2083048820495605, 1.222520351409912, 1.21446692943573, 1.2310583591461182, 1.2416815757751465, 1.2450594902038574, 1.2570842504501343, 1.2613873481750488, 1.2505035400390625, 1.2628604173660278, 1.269822359085083, 1.27835214138031, 1.2853938341140747, 1.2960609197616577, 1.2839274406433105, 1.2997599840164185, 1.307106375694275, 1.3064134120941162, 1.3303507566452026, 1.3196380138397217, 1.3325684070587158, 1.3315755128860474, 1.341928243637085, 1.3509470224380493, 1.356027364730835, 1.349732756614685, 1.369051218032837, 1.3707211017608643, 1.374035120010376, 1.4001436233520508, 1.4002715349197388, 1.396798849105835, 1.3993350267410278, 1.4084962606430054, 1.4225019216537476, 1.4169820547103882, 1.434916377067566, 1.426027774810791, 1.4315792322158813, 1.4436529874801636, 1.447329044342041, 1.4574650526046753, 1.457097053527832, 1.4662572145462036, 1.473390817642212, 1.4596707820892334, 1.5012762546539307, 1.4858105182647705, 1.5098108053207397, 1.5133745670318604, 1.4929919242858887, 1.5055803060531616, 1.5055527687072754, 1.5047858953475952, 1.5312038660049438, 1.531217336654663, 1.5235341787338257, 1.54556143283844, 1.548390507698059, 1.5422059297561646, 1.5537575483322144, 1.5511107444763184, 1.5584615468978882, 1.5758471488952637, 1.561705470085144, 1.5808672904968262, 1.5891845226287842, 1.5956230163574219, 1.5974913835525513, 1.6150826215744019, 1.6058108806610107, 1.6027843952178955, 1.6209138631820679, 1.6125190258026123, 1.6164157390594482, 1.6375194787979126, 1.6401994228363037, 1.6288493871688843, 1.6540136337280273, 1.6452282667160034, 1.6484572887420654, 1.665939211845398, 1.6579656600952148, 1.6716889142990112, 1.6766525506973267, 1.6704142093658447, 1.6744787693023682, 1.6905748844146729, 1.6954036951065063, 1.6908854246139526, 1.7064073085784912, 1.70829439163208, 1.735954999923706, 1.7147598266601562, 1.724320650100708, 1.7146415710449219, 1.7251274585723877, 1.7339359521865845, 1.7396479845046997, 1.7414820194244385, 1.755474328994751, 1.7575621604919434, 1.7471531629562378, 1.7631714344024658, 1.7766387462615967, 1.7834159135818481, 1.7883988618850708, 1.7842625379562378, 1.7759336233139038, 1.7887314558029175, 1.7875266075134277, 1.8017326593399048, 1.8031809329986572, 1.8198273181915283, 1.7995933294296265, 1.8179504871368408, 1.821267008781433, 1.8185327053070068, 1.8472387790679932, 1.842164397239685, 1.8433390855789185, 1.834631085395813, 1.85079824924469, 1.8537153005599976, 1.8586704730987549, 1.845086932182312, 1.8700945377349854, 1.8685693740844727, 1.8709725141525269, 1.900275468826294, 1.895115613937378, 1.8844026327133179, 1.8834255933761597, 1.8982408046722412, 1.912207007408142, 1.8957988023757935, 1.9174915552139282, 1.9095211029052734, 1.9142957925796509, 1.9289906024932861, 1.9181010723114014, 1.9308114051818848, 1.929312825202942, 1.9436944723129272, 1.9468351602554321, 1.9294695854187012, 1.9674077033996582, 1.9491775035858154, 1.9728509187698364, 1.9797736406326294, 1.962126612663269, 1.9671977758407593, 1.9666597843170166, 1.9666208028793335, 1.9848089218139648, 1.9861592054367065, 1.9821428060531616, 1.9939154386520386, 1.9968061447143555, 1.9987010955810547, 2.0032920837402344, 2.000624418258667, 2.0031306743621826, 2.0110604763031006, 2.002678632736206, 2.0295674800872803, 2.0398147106170654, 2.0313351154327393, 2.02776837348938, 2.0481350421905518, 2.0391452312469482, 2.043689727783203, 2.053698778152466, 2.040358304977417, 2.0515499114990234, 2.0746612548828125, 2.070770025253296, 2.0525083541870117, 2.0814621448516846, 2.0701866149902344, 2.071310043334961, 