{"experiment": "experiment_24", "config": {"experiment": "experiment_24", "seed": 42, "encoder_architecture": {"name": "ResNet50"}, "pretraining": {"training": true, "batch_size": 256, "num_workers_loader": 4, "max_epochs": 500, "projection": {"use_projection": true, "hidden_layer_sizes": "None", "projection_dimension": 128}, "loss": {"name": "WeightedNTXent", "loss_config": {"temperature": 0.1, "weight": "GaussianWeight", "weight_normalization": "negatives_constant_total_weight", "weight_config": {"sigma": 0.5, "mean": "LinearParam", "mean_config": {"begin": 0.8, "end": 0.8, "factor": 0.98, "steps": 500}, "b_l": -1, "b_u": 1}}}, "optimizer": {"name": "Adam", "config": {"lr": 0.001, "weight_decay": 1e-06}}, "dataset": {"name": "Cifar10", "transforms": {"RandomResizedCrop": {"size": "32,32", "scale": "0.08,1.0", "ratio": "0.75,1.3333333333"}, "RandomHorizontalFlip": {"p": 0.5}, "ColorJitter": {"brightness": 0.4, "contrast": 0.4, "saturation": 0.4, "hue": 0.1, "prob": 0.8}, "RandomGrayscale": {"p": 0.2}, "GaussianBlur": {"kernel_size": 3, "prob": 0.5}}}, "model_dimension": {"embedding_dimension": 2048}}, "testing": {"testing": true, "testing_every_n_epochs": 100, "batch_size": 256, "num_workers_loader": 0, "max_epochs": 60, "dataset": {"val_percentage": 0.1, "name": "Cifar10"}, "optimizer": {"lr": 0.001}, "param_tuning": {"log_min": -6, "log_max": -1, "n_steps": 5}}}, "average_training_loss_per_epoch": [5.684271812438965, 5.357436656951904, 5.1740851402282715, 5.072012424468994, 4.987496852874756, 4.88822078704834, 4.803756237030029, 4.710134506225586, 4.574660778045654, 4.465089321136475, 4.3309855461120605, 4.236778736114502, 4.153201580047607, 4.049967288970947, 3.963538646697998, 3.8955507278442383, 3.8430368900299072, 3.762521505355835, 3.6980371475219727, 3.654538631439209, 3.583439350128174, 3.5367586612701416, 3.4855849742889404, 3.4321985244750977, 3.3932435512542725, 3.3536887168884277, 3.3253116607666016, 3.2862305641174316, 3.2357749938964844, 3.20186448097229, 3.17358136177063, 3.1541249752044678, 3.132620096206665, 3.1092188358306885, 3.0830698013305664, 3.040957450866699, 3.0047080516815186, 3.0099034309387207, 2.96604585647583, 2.9652175903320312, 2.949861526489258, 2.8963656425476074, 2.8870012760162354, 2.867629289627075, 2.875903367996216, 2.836482286453247, 2.8476974964141846, 2.7891221046447754, 2.797733783721924, 2.7661690711975098, 2.782289743423462, 2.7470247745513916, 2.7282824516296387, 2.7173573970794678, 2.708634376525879, 2.687584400177002, 2.672506809234619, 2.6684768199920654, 2.636784791946411, 2.6295106410980225, 2.6182239055633545, 2.618410587310791, 2.6038951873779297, 2.606861114501953, 2.5876877307891846, 2.55584979057312, 2.558523654937744, 2.55076003074646, 2.53587007522583, 2.523871898651123, 2.523425579071045, 2.514132022857666, 2.4927210807800293, 2.497568368911743, 2.4708266258239746, 2.4659111499786377, 2.476238965988159, 2.4525601863861084, 2.4579598903656006, 2.4592506885528564, 2.4419610500335693, 2.425816535949707, 2.419905662536621, 2.4110963344573975, 2.4068703651428223, 2.3955299854278564, 2.3980648517608643, 2.381789207458496, 2.3865883350372314, 2.376565456390381, 2.366004705429077, 2.3703644275665283, 2.3603954315185547, 2.344503164291382, 2.3528294563293457, 2.339219808578491, 2.3354780673980713, 2.3369736671447754, 2.3150980472564697, 2.3004941940307617, 2.2987453937530518, 2.305392026901245, 2.290026903152466, 2.282442808151245, 2.2850656509399414, 2.282456159591675, 2.2738113403320312, 2.2786808013916016, 2.2647705078125, 2.257054090499878, 2.2533068656921387, 2.237823009490967, 2.238624095916748, 2.2455146312713623, 2.2116544246673584, 2.238250970840454, 2.2393124103546143, 2.2184536457061768, 2.214792251586914, 2.230255365371704, 2.2051029205322266, 2.1984872817993164, 2.20383620262146, 2.176424741744995, 2.188386917114258, 2.193181037902832, 2.1926767826080322, 2.1631932258605957, 2.176403522491455, 2.1706655025482178, 2.1611311435699463, 2.1599130630493164, 2.141407012939453, 2.1536686420440674, 2.1495492458343506, 2.1341609954833984, 2.129497766494751, 2.1372902393341064, 2.1331732273101807, 2.123952627182007, 2.1247544288635254, 2.1242637634277344, 2.137802839279175, 2.1169986724853516, 2.104898691177368, 2.0975613594055176, 2.0926127433776855, 2.1037561893463135, 2.093812942504883, 2.0889906883239746, 2.095996618270874, 2.084317922592163, 2.0679144859313965, 2.0720489025115967, 2.082022190093994, 2.0757367610931396, 2.0806736946105957, 2.0684757232666016, 2.0507986545562744, 2.059089422225952, 2.045684576034546, 2.053069591522217, 2.045067071914673, 2.0564417839050293, 2.0263946056365967, 2.038440704345703, 2.0336053371429443, 2.0176193714141846, 2.038609743118286, 2.033942699432373, 2.0236101150512695, 2.014289140701294, 2.020052671432495, 2.0196897983551025, 2.014831304550171, 1.9937816858291626, 2.010075330734253, 2.0037119388580322, 2.0002152919769287, 2.0194976329803467, 2.005551815032959, 1.9869215488433838, 1.9871166944503784, 1.9931403398513794, 1.996626377105713, 1.9707809686660767, 1.9855998754501343, 1.9742300510406494, 1.9708303213119507, 1.986555814743042, 1.9638675451278687, 1.9690155982971191, 1.963702917098999, 1.9735240936279297, 1.9665182828903198, 1.9421021938323975, 1.9757248163223267, 1.9537906646728516, 1.9667978286743164, 1.9712719917297363, 1.9220759868621826, 1.927186369895935, 1.9204895496368408, 1.9123969078063965, 1.9209195375442505, 1.9190236330032349, 1.9117120504379272, 1.9151513576507568, 1.9132765531539917, 1.9056396484375, 1.910719394683838, 1.892999529838562, 1.894407868385315, 1.897182822227478, 1.879387378692627, 1.9035329818725586, 1.9031826257705688, 1.8924790620803833, 1.8902205228805542, 1.894316554069519, 1.8791650533676147, 1.8802032470703125, 1.8821498155593872, 1.8644545078277588, 1.872296929359436, 1.8821905851364136, 1.885088324546814, 1.855987310409546, 1.8694487810134888, 1.8644251823425293, 1.8574893474578857, 1.8624569177627563, 1.842085361480713, 1.8573634624481201, 1.8548847436904907, 1.8398979902267456, 1.8407952785491943, 1.8504538536071777, 1.841231107711792, 1.84104323387146, 1.840593934059143, 1.8406463861465454, 1.8554743528366089, 1.8330378532409668, 1.8266894817352295, 1.8220202922821045, 1.8190771341323853, 1.8279354572296143, 1.8232452869415283, 1.8199694156646729, 1.8247783184051514, 1.8187706470489502, 1.8008557558059692, 1.8063931465148926, 1.8174372911453247, 1.8141303062438965, 1.821090817451477, 1.805883765220642, 1.7931301593780518, 1.8027247190475464, 1.7919669151306152, 1.798600673675537, 1.7936813831329346, 1.8085081577301025, 1.7775744199752808, 1.7919284105300903, 1.7875674962997437, 1.774685263633728, 1.791330337524414, 1.792353868484497, 1.7869616746902466, 1.7773171663284302, 1.7778350114822388, 1.779349684715271, 1.7810674905776978, 1.7603509426116943, 1.7803032398223877, 1.7727861404418945, 1.7656958103179932, 1.7846293449401855, 1.7779762744903564, 1.759508728981018, 1.764014720916748, 1.7625741958618164, 1.7694429159164429, 1.7480685710906982, 1.7624542713165283, 1.7527315616607666, 1.7503132820129395, 1.7682757377624512, 1.7412995100021362, 1.7505546808242798, 1.7453912496566772, 1.7548861503601074, 1.7555465698242188, 1.732563853263855, 1.7592133283615112, 1.742369532585144, 1.7542301416397095, 1.7570390701293945, 1.728358268737793, 1.7314085960388184, 1.7230439186096191, 1.7193560600280762, 1.7249009609222412, 1.7259314060211182, 1.7190951108932495, 1.7238092422485352, 1.7233772277832031, 1.7179105281829834, 1.7259966135025024, 1.7100762128829956, 1.711426854133606, 1.711638331413269, 1.6940186023712158, 1.719780445098877, 1.7173584699630737, 1.7094392776489258, 1.7080577611923218, 1.714319109916687, 1.6991568803787231, 1.700209379196167, 1.706602931022644, 1.6897584199905396, 1.6940851211547852, 1.7070424556732178, 1.7097159624099731, 1.6830459833145142, 1.694881558418274, 1.694252848625183, 1.687387466430664, 1.6893101930618286, 1.6768579483032227, 1.691949486732483, 1.6874617338180542, 