{"experiment": "experiment_21", "config": {"experiment": "experiment_21", "seed": 42, "encoder_architecture": {"name": "ResNet50"}, "pretraining": {"training": true, "batch_size": 256, "num_workers_loader": 4, "max_epochs": 500, "projection": {"use_projection": true, "hidden_layer_sizes": "None", "projection_dimension": 128}, "loss": {"name": "WeightedNTXent", "loss_config": {"temperature": 0.1, "weight": "GaussianWeight", "weight_normalization": "negatives_constant_total_weight", "weight_config": {"sigma": 0.5, "mean": "ExponentialParam", "mean_config": {"begin": -1, "end": 1, "factor": 0.99, "steps": 500}, "b_l": -1, "b_u": 1}}}, "optimizer": {"name": "Adam", "config": {"lr": 0.001, "weight_decay": 1e-06}}, "dataset": {"name": "Cifar10", "transforms": {"RandomResizedCrop": {"size": "32,32", "scale": "0.08,1.0", "ratio": "0.75,1.3333333333"}, "RandomHorizontalFlip": {"p": 0.5}, "ColorJitter": {"brightness": 0.4, "contrast": 0.4, "saturation": 0.4, "hue": 0.1, "prob": 0.8}, "RandomGrayscale": {"p": 0.2}, "GaussianBlur": {"kernel_size": 3, "prob": 0.5}}}, "model_dimension": {"embedding_dimension": 2048}}, "testing": {"testing": true, "testing_every_n_epochs": 100, "batch_size": 256, "num_workers_loader": 0, "max_epochs": 60, "dataset": {"val_percentage": 0.1, "name": "Cifar10"}, "optimizer": {"lr": 0.001}, "param_tuning": {"log_min": -6, "log_max": -1, "n_steps": 5}}}, "average_training_loss_per_epoch": [1.0217270851135254, 0.5671454668045044, 0.511064350605011, 0.4950966536998749, 0.49871116876602173, 0.5487351417541504, 0.6189665198326111, 0.6450257301330566, 0.6436564326286316, 0.642146646976471, 0.6410964727401733, 0.6663210391998291, 0.7051074504852295, 0.7552972435951233, 0.7649381756782532, 0.7953507304191589, 0.8140282034873962, 0.8347799181938171, 0.8669770359992981, 0.8908393979072571, 0.9191970229148865, 0.9456967115402222, 0.9938474893569946, 1.0271275043487549, 1.0535024404525757, 1.0762816667556763, 1.1253072023391724, 1.1597689390182495, 1.1607822179794312, 1.1964986324310303, 1.2115015983581543, 1.2285817861557007, 1.239988088607788, 1.2400914430618286, 1.2791017293930054, 1.29341459274292, 1.2933610677719116, 1.331050992012024, 1.3371764421463013, 1.376562237739563, 1.3980461359024048, 1.3955187797546387, 1.4129670858383179, 1.436259388923645, 1.4723602533340454, 1.4838645458221436, 1.5177979469299316, 1.507415771484375, 1.544602870941162, 1.5487064123153687, 1.5853768587112427, 1.5813342332839966, 1.5983250141143799, 1.6260226964950562, 1.63540780544281, 1.6495814323425293, 1.659006118774414, 1.6607661247253418, 1.6669892072677612, 1.6802818775177002, 1.6887153387069702, 1.705204725265503, 1.7154098749160767, 1.7414482831954956, 1.749040126800537, 1.738041877746582, 1.7468791007995605, 1.767174243927002, 1.7702054977416992, 1.7731889486312866, 1.79331374168396, 1.807518720626831, 1.7994228601455688, 1.8225919008255005, 1.817228078842163, 1.8255743980407715, 1.8515331745147705, 1.8471972942352295, 1.8681780099868774, 1.879325270652771, 1.8806443214416504, 1.8787966966629028, 1.9023853540420532, 1.901451587677002, 1.9075448513031006, 1.9141186475753784, 1.9249587059020996, 1.925164818763733, 1.944543719291687, 1.9398741722106934, 1.9488701820373535, 1.958992838859558, 1.9580771923065186, 1.9657117128372192, 1.9848039150238037, 1.9930217266082764, 1.99716317653656, 2.0011019706726074, 1.995009422302246, 1.9911152124404907, 1.9960721731185913, 2.0120675563812256, 2.003204822540283, 2.014035224914551, 2.030734062194824, 2.03739333152771, 2.028038740158081, 2.049184560775757, 2.0473501682281494, 2.0432918071746826, 2.0489721298217773, 2.0363190174102783, 2.047617197036743, 2.0620830059051514, 2.046741485595703, 2.069239377975464, 2.0731518268585205, 2.069584369659424, 2.0757944583892822, 2.099278688430786, 2.0803585052490234, 2.073856830596924, 2.092494010925293, 2.0794694423675537, 2.0838301181793213, 2.1029844284057617, 2.1061620712280273, 2.089531660079956, 2.1152124404907227, 2.1010522842407227, 2.1017508506774902, 2.1147866249084473, 2.102205514907837, 2.1203620433807373, 2.117262601852417, 2.1047534942626953, 2.1054060459136963, 2.1265227794647217, 2.12162446975708, 2.1175131797790527, 2.124002456665039, 2.1257238388061523, 2.151808500289917, 2.1300833225250244, 2.129047393798828, 2.123067617416382, 2.12823748588562, 2.132781982421875, 2.1276185512542725, 2.1358399391174316, 2.143995523452759, 2.142974615097046, 2.1337497234344482, 2.1379637718200684, 2.1458892822265625, 2.1471269130706787, 2.1518869400024414, 2.1438357830047607, 2.1318652629852295, 2.1395771503448486, 2.1346490383148193, 2.1449050903320312, 2.1379497051239014, 2.155646562576294, 2.1295623779296875, 2.1389331817626953, 2.1420862674713135, 2.136517286300659, 2.1569929122924805, 2.154613971710205, 2.146775960922241, 2.137934923171997, 2.1459038257598877, 2.1480963230133057, 2.145369291305542, 2.129544258117676, 2.143338203430176, 2.1424453258514404, 2.136315107345581, 2.166846513748169, 2.159212827682495, 2.142143487930298, 2.1324753761291504, 2.1472041606903076, 2.1475446224212646, 2.134504556655884, 2.150648355484009, 2.1394999027252197, 2.1341795921325684, 2.1522037982940674, 2.128861904144287, 2.142409086227417, 2.137821674346924, 2.1493287086486816, 2.14168381690979, 2.121382236480713, 2.1590027809143066, 2.133695363998413, 2.1495449542999268, 2.156003952026367, 2.1198127269744873, 2.1238977909088135, 2.120048761367798, 2.1174511909484863, 2.122403383255005, 2.1308493614196777, 2.1203176975250244, 2.130781650543213, 2.1271791458129883, 2.1194255352020264, 2.1151671409606934, 2.11004900932312, 2.1085445880889893, 2.115886926651001, 2.0969362258911133, 2.123753547668457, 2.123197078704834, 2.1139841079711914, 2.1114978790283203, 2.1320836544036865, 2.1095967292785645, 2.105027914047241, 2.116206407546997, 2.0927960872650146, 2.101330280303955, 2.1182925701141357, 2.1189305782318115, 2.0948596000671387, 2.1129815578460693, 2.1004810333251953, 2.0949344635009766, 2.1025593280792236, 2.088268518447876, 2.1012442111968994, 2.102510452270508, 2.0834572315216064, 2.079448699951172, 2.0973174571990967, 2.0913236141204834, 2.085106611251831, 2.092618703842163, 2.0915966033935547, 2.1113672256469727, 2.0875937938690186, 2.080106496810913, 2.0745832920074463, 2.072880268096924, 2.0841264724731445, 2.078561782836914, 2.081916332244873, 2.0837161540985107, 2.0792078971862793, 2.0652122497558594, 2.072600841522217, 2.0813891887664795, 2.0829837322235107, 2.0857019424438477, 2.0682919025421143, 2.0545787811279297, 2.0672407150268555, 2.055448532104492, 2.0659055709838867, 2.06516695022583, 2.076132297515869, 2.0441932678222656, 2.0532712936401367, 2.0595669746398926, 2.0455985069274902, 2.0621883869171143, 2.0611796379089355, 2.053840398788452, 2.0450127124786377, 2.054215908050537, 2.0545670986175537, 2.051649332046509, 2.029475212097168, 2.0490829944610596, 2.0438530445098877, 2.0405666828155518, 2.068774938583374, 2.0549211502075195, 2.034501314163208, 2.034043788909912, 2.04292368888855, 2.0394437313079834, 2.0293641090393066, 2.042485237121582, 2.0316262245178223, 2.0322279930114746, 2.04489803314209, 2.0250303745269775, 2.035431385040283, 2.0317089557647705, 2.0379912853240967, 2.031891345977783, 2.00779390335083, 2.0419602394104004, 2.0183796882629395, 2.0390563011169434, 2.03790283203125, 2.012791872024536, 2.0159575939178467, 2.0105628967285156, 2.0054380893707275, 2.012331008911133, 2.01753568649292, 2.0090794563293457, 2.011777877807617, 2.0122578144073486, 2.0041964054107666, 2.004300832748413, 1.9975374937057495, 1.9923326969146729, 2.002183198928833, 1.9813003540039062, 2.005526304244995, 2.0032989978790283, 1.9959852695465088, 1.9944056272506714, 2.007920742034912, 1.987053632736206, 1.985560417175293, 1.9929308891296387, 1.9766409397125244, 1.9817408323287964, 1.998826503753662, 1.9961811304092407, 1.9714971780776978, 1.9903048276901245, 1.9808036088943481, 1.9765217304229736, 1.9803354740142822, 1.9663479328155518, 1.9786403179168701, 1.9812393188476562, 