{"experiment": "experiment_C4", "config": {"experiment": "experiment_C4", "seed": 42, "encoder_architecture": {"name": "ResNet50"}, "pretraining": {"training": true, "batch_size": 256, "num_workers_loader": 4, "max_epochs": 500, "projection": {"use_projection": true, "hidden_layer_sizes": "None", "projection_dimension": 128}, "loss": {"name": "WeightedNTXent", "loss_config": {"temperature": 0.1, "weight": "GaussianWeight", "weight_normalization": "negatives_constant_total_weight", "weight_config": {"sigma": 0.5, "mean": "RandomParam", "mean_config": {"begin": -1, "end": 1, "factor": 0.99, "steps": 100}, "b_l": -1, "b_u": 1}}}, "optimizer": {"name": "Adam", "config": {"lr": 0.001, "weight_decay": 1e-06}}, "dataset": {"name": "Cifar100", "transforms": {"RandomResizedCrop": {"size": "32,32", "scale": "0.08,1.0", "ratio": "0.75,1.3333333333"}, "RandomHorizontalFlip": {"p": 0.5}, "ColorJitter": {"brightness": 0.4, "contrast": 0.4, "saturation": 0.4, "hue": 0.1, "prob": 0.8}, "RandomGrayscale": {"p": 0.2}, "GaussianBlur": {"kernel_size": 3, "prob": 0.5}}}, "model_dimension": {"embedding_dimension": 2048}}, "testing": {"testing": true, "testing_every_n_epochs": 100, "batch_size": 256, "num_workers_loader": 0, "max_epochs": 60, "dataset": {"val_percentage": 0.1, "name": "Cifar100"}, "optimizer": {"lr": 0.001}, "param_tuning": {"log_min": -6, "log_max": -1, "n_steps": 5}}}, "average_training_loss_per_epoch": [3.236799955368042, 5.560963153839111, 4.669670104980469, 4.724982261657715, 1.7970997095108032, 2.0384714603424072, 0.9864425659179688, 5.0270795822143555, 3.3066468238830566, 5.059189796447754, 4.205104827880859, 2.5508413314819336, 4.880867958068848, 4.0040483474731445, 1.6954526901245117, 2.110316038131714, 3.705456256866455, 1.87740957736969, 1.0355141162872314, 4.556786060333252, 1.040310263633728, 1.3512885570526123, 2.8781988620758057, 3.691286563873291, 0.6096994876861572, 2.7904603481292725, 3.8439221382141113, 3.73146915435791, 0.8591225743293762, 1.5616003274917603, 0.9200633764266968, 1.108994483947754, 1.789904236793518, 0.5348517298698425, 2.4222776889801025, 1.6927361488342285, 0.8332871198654175, 1.4260246753692627, 0.7394350171089172, 1.5551224946975708, 1.1576181650161743, 3.7175955772399902, 2.879891872406006, 2.5709421634674072, 3.4135122299194336, 2.733064889907837, 3.251851797103882, 2.500818967819214, 1.3037140369415283, 2.144155263900757, 2.139086961746216, 2.7052175998687744, 2.4664466381073, 0.5873085856437683, 1.193606972694397, 1.3073699474334717, 2.8490371704101562, 1.020920753479004, 2.8298490047454834, 2.0138845443725586, 0.4868302643299103, 1.1869592666625977, 1.4371172189712524, 1.0979899168014526, 0.7007741928100586, 0.8212773203849792, 2.5904932022094727, 3.2555365562438965, 2.1748909950256348, 2.304129123687744, 2.5064926147460938, 0.5638916492462158, 0.589324414730072, 2.178035259246826, 1.1234897375106812, 1.8484398126602173, 0.5920929908752441, 1.6473417282104492, 2.2788074016571045, 2.3374884128570557, 1.3603997230529785, 2.2487432956695557, 1.285155177116394, 0.6055459976196289, 1.787072777748108, 2.384457588195801, 0.45791563391685486, 1.4570865631103516, 2.8255763053894043, 2.923671245574951, 2.6757853031158447, 1.1626390218734741, 0.7828851342201233, 1.664006233215332, 2.83799147605896, 1.7719248533248901, 0.4644531309604645, 1.3632768392562866, 0.47171899676322937, 0.5794900059700012, 1.0600414276123047, 3.002454996109009, 2.0910751819610596, 2.224757671356201, 0.912426769733429, 0.9856947660446167, 0.5665041208267212, 2.76419997215271, 1.630897045135498, 2.8460514545440674, 2.191823959350586, 1.384830117225647, 2.799751043319702, 2.2068288326263428, 1.0523219108581543, 1.2578920125961304, 2.1720519065856934, 1.1760588884353638, 0.7238141894340515, 2.914761543273926, 0.7589806318283081, 0.9027751684188843, 1.7925376892089844, 2.339031457901001, 0.5090845227241516, 1.8086808919906616, 2.5327813625335693, 2.4734363555908203, 0.6919169425964355, 1.0886905193328857, 0.7007095813751221, 0.8179664611816406, 1.2410095930099487, 0.4420963227748871, 1.693890929222107, 1.2142776250839233, 0.6706550717353821, 1.0394809246063232, 0.5975350141525269, 1.1400765180587769, 0.8774696588516235, 2.7601125240325928, 2.1021313667297363, 1.8730530738830566, 2.5036466121673584, 2.0207769870758057, 2.3797709941864014, 1.8689414262771606, 1.026464819908142, 1.6198184490203857, 1.6052136421203613, 2.064082622528076, 1.8726441860198975, 0.52719646692276, 0.9530022740364075, 1.043407917022705, 2.200317144393921, 0.8549854159355164, 2.2120001316070557, 1.580289363861084, 0.4430900812149048, 0.9478537440299988, 1.1422615051269531, 0.8883189558982849, 0.6022500991821289, 0.6864264607429504, 2.0578887462615967, 2.5991203784942627, 1.747382640838623, 1.8553529977798462, 2.0006110668182373, 0.5130061507225037, 0.5134050250053406, 1.753977656364441, 0.9619675278663635, 1.5008805990219116, 0.5244396328926086, 1.3588895797729492, 1.853273868560791, 1.9118138551712036, 1.1368956565856934, 1.8386478424072266, 1.078004002571106, 0.5399697422981262, 1.4942387342453003, 1.9561026096343994, 0.4283025860786438, 1.230508804321289, 2.352411985397339, 2.4515228271484375, 2.2196643352508545, 1.005128026008606, 0.688218891620636, 1.41907799243927, 2.4009366035461426, 1.4911537170410156, 0.43550553917884827, 1.1597002744674683, 0.4342265725135803, 0.5226740837097168, 0.9102649092674255, 2.553027868270874, 1.760462999343872, 1.878650426864624, 0.8022872805595398, 0.854658305644989, 0.5082285404205322, 2.3686721324920654, 1.3914787769317627, 2.4485116004943848, 1.8683507442474365, 1.1951693296432495, 2.409257173538208, 1.8927816152572632, 0.9228370189666748, 1.0940700769424438, 1.8724277019500732, 1.027031660079956, 0.6458624601364136, 2.533059597015381, 0.6849347949028015, 0.7950116991996765, 1.5536936521530151, 2.0208370685577393, 0.4722345769405365, 1.575232982635498, 2.2045629024505615, 2.154280424118042, 0.6334200501441956, 0.9601970911026001, 0.6300193071365356, 0.7290397882461548, 1.0913509130477905, 0.4068695604801178, 1.483100175857544, 1.068362832069397, 0.6040031909942627, 0.9197004437446594, 0.5404707193374634, 1.0080552101135254, 0.782799243927002, 2.4323439598083496, 1.8516228199005127, 1.6477326154708862, 2.212447166442871, 1.7797269821166992, 2.101902723312378, 1.6513913869857788, 0.9205582141876221, 1.4327898025512695, 1.4253548383712769, 1.828865885734558, 1.658463478088379, 0.4893501102924347, 0.8582748174667358, 0.9351013898849487, 1.9577422142028809, 0.7785400152206421, 1.9677146673202515, 1.4043893814086914, 0.4129652976989746, 0.8539372086524963, 1.0261470079421997, 0.8001818060874939, 0.5514869689941406, 0.6220037341117859, 1.8291386365890503, 2.318861722946167, 1.5585702657699585, 1.6583424806594849, 1.789505124092102, 0.4803910553455353, 0.47176966071128845, 1.5722042322158813, 0.8709722757339478, 1.3421555757522583, 0.4858165383338928, 1.2201014757156372, 1.65789794921875, 1.7170923948287964, 1.0297638177871704, 1.6537673473358154, 0.9754706025123596, 0.49597033858299255, 1.3479892015457153, 1.7574080228805542, 0.3978107273578644, 1.1121368408203125, 2.12137770652771, 2.210524559020996, 2.0036580562591553, 0.9163711667060852, 0.6307216286659241, 1.2814176082611084, 2.1712570190429688, 1.353139877319336, 0.4032518267631531, 1.0516221523284912, 0.39925312995910645, 0.4800580143928528, 0.8384945392608643, 2.321653127670288, 1.6002305746078491, 1.7069205045700073, 0.7353053092956543, 0.7852718234062195, 0.47127988934516907, 2.1577658653259277, 1.2714146375656128, 2.235914468765259, 1.7036223411560059, 1.0960280895233154, 2.204989194869995, 1.7300950288772583, 0.8480161428451538, 1.006825566291809, 1.7096890211105347, 0.9438371062278748, 0.5967831015586853, 2.316387891769409, 0.6362898945808411, 0.73659747838974, 1.4199153184890747, 1.8467217683792114, 0.43716976046562195, 1.4410234689712524, 2.0208539962768555, 1.9772459268569946, 0.5853830575942993, 0.8865714073181152, 0.5816527009010315, 0.6769257187843323, 1.0059834718704224, 