{"experiment": "experiment_38", "config": {"experiment": "experiment_38", "seed": 42, "encoder_architecture": {"name": "ResNet50"}, "pretraining": {"training": true, "batch_size": 256, "num_workers_loader": 4, "max_epochs": 500, "projection": {"use_projection": true, "hidden_layer_sizes": "None", "projection_dimension": 128}, "loss": {"name": "WeightedNTXent", "loss_config": {"temperature": 0.1, "weight": "GaussianWeight", "weight_normalization": "negatives_constant_total_weight", "weight_config": {"sigma": 1000, "mean": "LinearParam", "mean_config": {"begin": 0.0, "end": 0.0, "factor": 0.98, "steps": 500}, "b_l": -0.8, "b_u": 0.8}}}, "optimizer": {"name": "Adam", "config": {"lr": 0.001, "weight_decay": 1e-06}}, "dataset": {"name": "Cifar10", "transforms": {"RandomResizedCrop": {"size": "32,32", "scale": "0.08,1.0", "ratio": "0.75,1.3333333333"}, "RandomHorizontalFlip": {"p": 0.5}, "ColorJitter": {"brightness": 0.4, "contrast": 0.4, "saturation": 0.4, "hue": 0.1, "prob": 0.8}, "RandomGrayscale": {"p": 0.2}, "GaussianBlur": {"kernel_size": 3, "prob": 0.5}}}, "model_dimension": {"embedding_dimension": 2048}}, "testing": {"testing": true, "testing_every_n_epochs": 100, "batch_size": 256, "num_workers_loader": 0, "max_epochs": 60, "dataset": {"val_percentage": 0.1, "name": "Cifar10"}, "optimizer": {"lr": 0.001}, "param_tuning": {"log_min": -6, "log_max": -1, "n_steps": 5}}}, "average_training_loss_per_epoch": [5.057071685791016, 4.588890075683594, 4.277498245239258, 4.035013675689697, 3.8237900733947754, 3.6150708198547363, 3.446794033050537, 3.3495516777038574, 3.211190938949585, 3.1342926025390625, 3.0261588096618652, 2.941352128982544, 2.8810906410217285, 2.814547538757324, 2.8330326080322266, 2.7000346183776855, 2.7392590045928955, 2.804692506790161, 2.6101200580596924, 2.5735421180725098, 2.510801315307617, 2.520420789718628, 2.4761369228363037, 2.4210927486419678, 2.3665719032287598, 2.3380467891693115, 2.3088483810424805, 2.2821156978607178, 2.2471399307250977, 2.233705997467041, 2.2976396083831787, 2.2088775634765625, 2.201920509338379, 2.156151294708252, 2.1518592834472656, 2.1416571140289307, 2.091704845428467, 2.1099328994750977, 2.0672624111175537, 2.0692386627197266, 2.0610618591308594, 2.0176703929901123, 2.009335517883301, 1.9921989440917969, 1.9954220056533813, 1.9812253713607788, 1.9866671562194824, 1.9500759840011597, 1.9605950117111206, 1.93532395362854, 1.9420934915542603, 1.922447681427002, 1.9040231704711914, 1.8999346494674683, 1.8817349672317505, 1.8675816059112549, 1.849653720855713, 1.8444479703903198, 1.8328123092651367, 1.8231139183044434, 1.8186371326446533, 1.8098678588867188, 1.8125609159469604, 1.8059371709823608, 1.8007700443267822, 1.767936110496521, 1.7744933366775513, 1.771591305732727, 1.7560583353042603, 1.7424017190933228, 1.7454110383987427, 1.7530454397201538, 1.741645336151123, 1.7337709665298462, 1.7109516859054565, 1.7078666687011719, 1.711950421333313, 1.695237159729004, 1.6989638805389404, 1.7001852989196777, 1.6895471811294556, 1.676206111907959, 1.6843560934066772, 1.6682167053222656, 1.6645095348358154, 1.6561223268508911, 1.6578768491744995, 1.6464592218399048, 1.6493496894836426, 1.6435118913650513, 1.6432228088378906, 1.6404051780700684, 1.62842857837677, 1.6164981126785278, 1.6271154880523682, 1.6181676387786865, 1.6189079284667969, 1.6151567697525024, 1.6040146350860596, 1.5903671979904175, 1.5892064571380615, 1.5953803062438965, 1.5822235345840454, 1.5714138746261597, 1.583269715309143, 1.5767847299575806, 1.5676120519638062, 1.5775134563446045, 1.5703468322753906, 1.5591776371002197, 1.5542082786560059, 1.5438084602355957, 1.542478084564209, 1.5531612634658813, 1.526612401008606, 1.5469529628753662, 1.5425704717636108, 1.5307759046554565, 1.53093421459198, 1.534279704093933, 1.523927927017212, 1.5157339572906494, 1.5196603536605835, 1.5039992332458496, 1.5083303451538086, 1.5167856216430664, 1.5114595890045166, 1.4922137260437012, 1.506805181503296, 1.4947032928466797, 1.4914462566375732, 1.493279218673706, 1.4799755811691284, 1.488451600074768, 1.4840947389602661, 1.467583179473877, 1.4726849794387817, 1.476439356803894, 1.4715420007705688, 1.464616298675537, 1.466706395149231, 1.4686630964279175, 1.480109691619873, 1.4591221809387207, 1.4548282623291016, 1.4462612867355347, 1.441564679145813, 1.4503161907196045, 1.446535348892212, 1.4451485872268677, 1.446345567703247, 1.4419326782226562, 1.431904673576355, 1.4303851127624512, 1.434744954109192, 1.4391162395477295, 1.4403352737426758, 1.4232515096664429, 1.414456844329834, 1.4183510541915894, 1.4133394956588745, 1.4176440238952637, 1.417043924331665, 1.4216699600219727, 1.3984133005142212, 1.4066674709320068, 1.4056416749954224, 1.3974277973175049, 1.4076380729675293, 1.4089674949645996, 1.3954581022262573, 1.395015835762024, 1.3956373929977417, 1.3938151597976685, 1.392364263534546, 1.378829836845398, 1.3904272317886353, 1.3834253549575806, 1.3815581798553467, 1.4019124507904053, 1.3933379650115967, 1.3809168338775635, 1.3705949783325195, 1.3814527988433838, 1.3810116052627563, 1.3645548820495605, 1.377002477645874, 1.3668712377548218, 1.3613176345825195, 1.3731437921524048, 1.355148434638977, 1.3674570322036743, 1.3603591918945312, 1.3626716136932373, 1.3631868362426758, 1.3387516736984253, 1.3653380870819092, 1.34878671169281, 1.3618139028549194, 1.365593433380127, 1.3276673555374146, 1.3315399885177612, 1.3234957456588745, 1.3209350109100342, 1.3278782367706299, 1.325282335281372, 1.3181265592575073, 1.3285795450210571, 1.3236348628997803, 1.3162810802459717, 1.315034031867981, 1.3074373006820679, 1.3020260334014893, 1.3143748044967651, 1.294431447982788, 1.3153223991394043, 1.3104336261749268, 1.3043605089187622, 1.3042945861816406, 1.311055302619934, 1.2986401319503784, 1.296181321144104, 1.2997673749923706, 1.2890610694885254, 1.2903972864151, 1.3025647401809692, 1.2999968528747559, 1.2813184261322021, 1.2930282354354858, 1.2869700193405151, 1.282282829284668, 1.2845362424850464, 1.2763124704360962, 1.2812498807907104, 1.2828487157821655, 1.2667347192764282, 1.2693812847137451, 1.280084252357483, 1.2749793529510498, 1.2675535678863525, 1.2690105438232422, 1.2710844278335571, 1.2864569425582886, 1.2662911415100098, 1.2612066268920898, 1.254123330116272, 1.2545448541641235, 1.2600297927856445, 1.2571229934692383, 1.2567766904830933, 1.262582778930664, 1.2592037916183472, 1.2463735342025757, 1.2504615783691406, 1.2521328926086426, 1.2564021348953247, 1.2588279247283936, 1.2453252077102661, 1.2356683015823364, 1.2417933940887451, 1.238533616065979, 1.2423293590545654, 1.245489239692688, 1.246095895767212, 1.2267307043075562, 1.2358266115188599, 1.233612060546875, 1.2297978401184082, 1.2373541593551636, 1.2406708002090454, 1.2271702289581299, 1.2286460399627686, 1.2262779474258423, 1.2310733795166016, 1.2307239770889282, 1.2141377925872803, 1.2318965196609497, 1.2267730236053467, 1.219690203666687, 1.2397048473358154, 1.231046199798584, 1.2212438583374023, 1.2149462699890137, 1.2260832786560059, 1.227596402168274, 1.2070688009262085, 1.2240586280822754, 1.2100777626037598, 1.209333062171936, 1.2214431762695312, 1.2051657438278198, 1.214516520500183, 1.2101049423217773, 1.210557222366333, 1.2151823043823242, 1.193793773651123, 1.2162606716156006, 1.2039507627487183, 1.2122981548309326, 1.2162597179412842, 1.192984938621521, 1.1975289583206177, 1.193041443824768, 1.1884136199951172, 1.195324420928955, 1.1890532970428467, 1.1847243309020996, 1.1948236227035522, 1.1931562423706055, 1.1868643760681152, 1.1870925426483154, 1.1827208995819092, 1.1771507263183594, 1.1855144500732422, 1.1686298847198486, 1.188326358795166, 1.185529112815857, 1.1794500350952148, 1.1799743175506592, 1.1897176504135132, 1.1756625175476074, 1.1723862886428833, 1.178046703338623, 1.1699738502502441, 1.1716327667236328, 1.1829591989517212, 1.1805822849273682, 1.1624234914779663, 1.1732696294784546, 1.1657440662384033, 1.1645253896713257, 1.1690315008163452, 