{"experiment": "experiment_B4", "config": {"experiment": "experiment_B4", "seed": 42, "encoder_architecture": {"name": "ResNet50"}, "pretraining": {"training": true, "batch_size": 1024, "num_workers_loader": 4, "max_epochs": 500, "projection": {"use_projection": true, "hidden_layer_sizes": "None", "projection_dimension": 128}, "loss": {"name": "NTXent", "loss_config": {"temperature": 1.0, "weight": "GaussianWeight", "weight_normalization": "negatives_constant_total_weight", "weight_config": {"sigma": 0.75, "mean": "LinearParam", "mean_config": {"begin": -1, "end": 1, "factor": 0.99, "steps": 500}, "b_l": -1, "b_u": 1}}}, "optimizer": {"name": "Adam", "config": {"lr": 0.001, "weight_decay": 1e-06}}, "dataset": {"name": "Cifar10", "transforms": {"RandomResizedCrop": {"size": "32,32", "scale": "0.08,1.0", "ratio": "0.75,1.3333333333"}, "RandomHorizontalFlip": {"p": 0.5}, "ColorJitter": {"brightness": 0.4, "contrast": 0.4, "saturation": 0.4, "hue": 0.1, "prob": 0.8}, "RandomGrayscale": {"p": 0.2}, "GaussianBlur": {"kernel_size": 3, "prob": 0.5}}}, "model_dimension": {"embedding_dimension": 2048}}, "testing": {"testing": true, "testing_every_n_epochs": 100, "batch_size": 256, "num_workers_loader": 0, "max_epochs": 60, "dataset": {"val_percentage": 0.1, "name": "Cifar10"}, "optimizer": {"lr": 0.001}, "param_tuning": {"log_min": -6, "log_max": -1, "n_steps": 5}}}, "average_training_loss_per_epoch": [7.343496799468994, 7.170209884643555, 7.143634796142578, 7.130306243896484, 7.123417377471924, 7.112010478973389, 7.102445602416992, 7.093832015991211, 7.07304573059082, 7.064000606536865, 7.05407190322876, 7.048192977905273, 7.043992519378662, 7.038116931915283, 7.033751964569092, 7.029600143432617, 7.027782440185547, 7.018838882446289, 7.017642498016357, 7.016504287719727, 7.009506702423096, 7.009722709655762, 7.00504732131958, 7.001685619354248, 6.996326446533203, 6.996831893920898, 6.994027614593506, 6.993961334228516, 6.990967273712158, 6.988882064819336, 6.984161853790283, 6.983858108520508, 6.982223033905029, 6.981874942779541, 6.983709812164307, 6.977495193481445, 6.974728584289551, 6.974557399749756, 6.9718523025512695, 6.97184944152832, 6.972613334655762, 6.966171741485596, 6.9662089347839355, 6.965507984161377, 6.966331481933594, 6.9635186195373535, 6.960446357727051, 6.9586501121521, 6.959256649017334, 6.954947471618652, 6.955643177032471, 6.953434944152832, 6.949702262878418, 6.951405048370361, 6.9503889083862305, 6.948383331298828, 6.948520183563232, 6.9469451904296875, 6.94547176361084, 6.9446845054626465, 6.943271160125732, 6.939815521240234, 6.944188117980957, 6.940400123596191, 6.939777374267578, 6.935422420501709, 6.935934543609619, 6.93586540222168, 6.935365200042725, 6.934913158416748, 6.934600830078125, 6.93411922454834, 6.929848670959473, 6.929990768432617, 6.926567554473877, 6.9266839027404785, 6.926565170288086, 6.924936294555664, 6.924310684204102, 6.9238104820251465, 6.923301696777344, 6.92301082611084, 6.922027587890625, 6.921442985534668, 6.919646739959717, 6.91867733001709, 6.9179205894470215, 6.9173173904418945, 6.919154167175293, 6.916618824005127, 6.91523551940918, 6.917068004608154, 6.914456367492676, 6.913163185119629, 6.913090705871582, 6.911684513092041, 6.912842273712158, 6.912296295166016, 6.911314487457275, 6.909282684326172, 6.911911487579346, 6.910834789276123, 6.907815456390381, 6.909221172332764, 6.909872531890869, 6.907381057739258, 6.906144142150879, 6.9073381423950195, 6.907047271728516, 6.904477596282959, 6.904494762420654, 6.903214454650879, 6.9026198387146, 6.901598930358887, 6.899956226348877, 6.901322364807129, 6.902193546295166, 6.900173187255859, 6.901585578918457, 6.900814533233643, 6.90051794052124, 6.898326396942139, 6.901094913482666, 6.895376682281494, 6.897116661071777, 6.89694356918335, 6.895909309387207, 6.895727634429932, 6.897039413452148, 6.895106315612793, 6.8944501876831055, 6.895834445953369, 6.893046855926514, 6.894948959350586, 6.894287586212158, 6.893599987030029, 6.891351699829102, 6.893889427185059, 6.890712738037109, 6.892399787902832, 6.894141674041748, 6.890892028808594, 6.891643047332764, 6.889795780181885, 6.891517639160156, 6.89027738571167, 6.889319896697998, 6.889939785003662, 6.889788627624512, 6.888911247253418, 6.889509201049805, 6.890870094299316, 6.886214256286621, 6.887422561645508, 6.88883638381958, 6.887285232543945, 6.8882880210876465, 6.886690616607666, 6.886691093444824, 6.88515043258667, 6.88318395614624, 6.885276794433594, 6.886506080627441, 6.884478569030762, 6.885580539703369, 6.8836164474487305, 6.8843207359313965, 6.883996486663818, 6.883269786834717, 6.88475227355957, 6.884330749511719, 6.883508682250977, 6.882900714874268, 6.883293151855469, 6.88262939453125, 6.881262302398682, 6.880248069763184, 6.881776809692383, 6.879067420959473, 6.883520126342773, 6.880557060241699, 6.88054084777832, 6.880649566650391, 6.879300594329834, 6.879374980926514, 6.880643844604492, 6.8799848556518555, 6.878952503204346, 6.87708854675293, 6.878331661224365, 6.876062393188477, 6.876582622528076, 6.877190589904785, 6.877608299255371, 6.876624584197998, 6.8780293464660645, 6.878627300262451, 6.8755292892456055, 6.875553607940674, 6.878240585327148, 6.875774383544922, 6.874214172363281, 6.872684955596924, 6.873712062835693, 6.875093936920166, 6.873295783996582, 6.872257709503174, 6.87297248840332, 6.874790668487549, 6.872114181518555, 6.8718180656433105, 6.86961555480957, 6.871554851531982, 6.871355056762695, 6.870388031005859, 6.870251655578613, 6.871739864349365, 6.8688836097717285, 6.870709419250488, 6.871088027954102, 6.870701789855957, 6.869357585906982, 6.871236801147461, 6.86789608001709, 6.868100643157959, 6.868409156799316, 6.867672443389893, 6.868106365203857, 6.86833381652832, 6.868368148803711, 6.867950439453125, 6.868455410003662, 6.867058277130127, 6.868229389190674, 6.865444183349609, 6.865997314453125, 6.8660101890563965, 6.86741828918457, 6.864676475524902, 6.866106033325195, 6.867617607116699, 6.865548610687256, 6.866039276123047, 6.8635969161987305, 6.865407943725586, 6.864667892456055, 6.863096714019775, 6.865604877471924, 6.865048885345459, 6.863884449005127, 6.8636627197265625, 6.865200042724609, 6.861477375030518, 6.863574504852295, 6.863685607910156, 6.861677646636963, 6.864963054656982, 6.862309455871582, 6.862349987030029, 6.862082004547119, 6.860527515411377, 6.862687587738037, 6.8620123863220215, 6.861118316650391, 6.861286640167236, 6.860777378082275, 6.860748767852783, 6.8601837158203125, 6.86164665222168, 6.860784530639648, 6.8605852127075195, 6.859771251678467, 6.860525131225586, 6.860680103302002, 6.859475612640381, 6.859193801879883, 6.858432292938232, 6.859045505523682, 6.8576531410217285, 6.860922336578369, 6.8590006828308105, 6.858985424041748, 6.858578681945801, 6.857786178588867, 6.857405185699463, 6.859085559844971, 6.857762336730957, 6.857468605041504, 6.856568813323975, 6.857641696929932, 6.854939937591553, 6.855756759643555, 6.856652736663818, 6.857431411743164, 6.856679916381836, 6.856435775756836, 6.858163833618164, 6.855663299560547, 6.855385780334473, 6.858572959899902, 6.857071399688721, 6.855666637420654, 6.854161262512207, 6.854394912719727, 6.856178283691406, 6.854857444763184, 6.8538994789123535, 6.8545732498168945, 6.856508255004883, 6.8540544509887695, 6.853728771209717, 6.851864337921143, 6.852353572845459, 6.853149890899658, 6.853548049926758, 6.852968692779541, 6.853507995605469, 6.852246284484863, 6.8540191650390625, 6.853875637054443, 6.853704452514648, 6.85244607925415, 6.854344367980957, 6.85127067565918, 6.851922035217285, 6.852359294891357, 6.851709842681885, 6.851633548736572, 6.851640224456787, 6.851818084716797, 6.851622581481934, 6.8524489402771, 6.850710391998291, 6.8521270751953125, 6.850681781768799, 6.8492112159729, 6.850096702575684, 6.851817607879639, 6.848822593688965, 6.850393772125244, 6.85280179977417, 6.851510047912598, 6.8506574630737305, 6.84779691696167, 6.849613666534424, 6.850251197814941, 