{"experiment": "experiment_34", "config": {"experiment": "experiment_34", "seed": 42, "encoder_architecture": {"name": "ResNet50"}, "pretraining": {"training": true, "batch_size": 256, "num_workers_loader": 4, "max_epochs": 500, "projection": {"use_projection": true, "hidden_layer_sizes": "None", "projection_dimension": 128}, "loss": {"name": "WeightedNTXent", "loss_config": {"temperature": 0.1, "weight": "GaussianWeight", "weight_normalization": "negatives_constant_total_weight", "weight_config": {"sigma": 0.5, "mean": "LinearParam", "mean_config": {"begin": -0.6, "end": 1, "factor": 0.98, "steps": 250}, "b_l": -1, "b_u": 1}}}, "optimizer": {"name": "Adam", "config": {"lr": 0.001, "weight_decay": 1e-06}}, "dataset": {"name": "Cifar10", "transforms": {"RandomResizedCrop": {"size": "32,32", "scale": "0.08,1.0", "ratio": "0.75,1.3333333333"}, "RandomHorizontalFlip": {"p": 0.5}, "ColorJitter": {"brightness": 0.4, "contrast": 0.4, "saturation": 0.4, "hue": 0.1, "prob": 0.8}, "RandomGrayscale": {"p": 0.2}, "GaussianBlur": {"kernel_size": 3, "prob": 0.5}}}, "model_dimension": {"embedding_dimension": 2048}}, "testing": {"testing": true, "testing_every_n_epochs": 100, "batch_size": 256, "num_workers_loader": 0, "max_epochs": 60, "dataset": {"val_percentage": 0.1, "name": "Cifar10"}, "optimizer": {"lr": 0.001}, "param_tuning": {"log_min": -6, "log_max": -1, "n_steps": 5}}}, "average_training_loss_per_epoch": [2.102977752685547, 1.6550506353378296, 1.5375096797943115, 1.4833892583847046, 1.4326766729354858, 1.40446138381958, 1.4038705825805664, 1.4014321565628052, 1.3615394830703735, 1.3424981832504272, 1.320372223854065, 1.2993818521499634, 1.2787100076675415, 1.2683134078979492, 1.2461233139038086, 1.2466075420379639, 1.250978946685791, 1.216090202331543, 1.2223315238952637, 1.2290050983428955, 1.2201870679855347, 1.2182917594909668, 1.2309207916259766, 1.2144273519515991, 1.2221839427947998, 1.2242822647094727, 1.2302446365356445, 1.2434546947479248, 1.2234069108963013, 1.2387880086898804, 1.2357583045959473, 1.2320687770843506, 1.2350552082061768, 1.2402130365371704, 1.2523547410964966, 1.2456934452056885, 1.2273887395858765, 1.2387295961380005, 1.2310346364974976, 1.2515815496444702, 1.2601041793823242, 1.24136221408844, 1.247322678565979, 1.248756766319275, 1.2677643299102783, 1.2554774284362793, 1.2786102294921875, 1.2510859966278076, 1.279302716255188, 1.271485447883606, 1.2966055870056152, 1.2848873138427734, 1.2923014163970947, 1.2944940328598022, 1.2992569208145142, 1.308998465538025, 1.3076989650726318, 1.3135687112808228, 1.3139076232910156, 1.3231457471847534, 1.3290295600891113, 1.3330732583999634, 1.338156819343567, 1.3571829795837402, 1.354928731918335, 1.3453953266143799, 1.3466798067092896, 1.3574016094207764, 1.3629698753356934, 1.361051082611084, 1.3744794130325317, 1.3807237148284912, 1.3817440271377563, 1.393112063407898, 1.394503116607666, 1.392783284187317, 1.4093666076660156, 1.4122096300125122, 1.4264451265335083, 1.4395668506622314, 1.4355418682098389, 1.43305504322052, 1.451757550239563, 1.4504053592681885, 1.452850341796875, 1.464633584022522, 1.4665940999984741, 1.4725486040115356, 1.481840968132019, 1.4872846603393555, 1.4862034320831299, 1.5025272369384766, 1.5003238916397095, 1.5049195289611816, 1.5225543975830078, 1.5285837650299072, 1.5328330993652344, 1.537632703781128, 1.5381790399551392, 1.5345053672790527, 1.5403720140457153, 1.5519765615463257, 1.5547559261322021, 1.5526392459869385, 1.5764707326889038, 1.5782146453857422, 1.5756640434265137, 1.5975077152252197, 1.5985225439071655, 1.602449655532837, 1.6061409711837769, 1.601811408996582, 1.6063332557678223, 1.6367123126983643, 1.6173614263534546, 1.6342180967330933, 1.6449332237243652, 1.6461843252182007, 1.6492983102798462, 1.6721415519714355, 1.6662369966506958, 1.6612745523452759, 1.6807082891464233, 1.671907663345337, 1.6793931722640991, 1.6977711915969849, 1.7013776302337646, 1.6903223991394043, 1.716492772102356, 1.7055875062942505, 1.7138806581497192, 1.7230921983718872, 1.720697045326233, 1.740476369857788, 1.7394070625305176, 1.7367470264434814, 1.7447117567062378, 1.7594645023345947, 1.7612149715423584, 1.7625401020050049, 1.7726260423660278, 1.7779724597930908, 1.8083674907684326, 1.7879276275634766, 1.7954200506210327, 1.7888234853744507, 1.7984952926635742, 1.8122278451919556, 1.8133009672164917, 1.8187998533248901, 1.8323725461959839, 1.8304753303527832, 1.8294047117233276, 1.8376234769821167, 1.8501802682876587, 1.8578492403030396, 1.8653192520141602, 1.8595337867736816, 1.8539127111434937, 1.869489073753357, 1.8645050525665283, 1.8806241750717163, 1.8841906785964966, 1.9009250402450562, 1.8809460401535034, 1.8959630727767944, 1.902557373046875, 1.898972988128662, 1.9240188598632812, 1.9247734546661377, 1.9240539073944092, 1.920090913772583, 1.9320528507232666, 1.936529517173767, 1.9440217018127441, 1.929375171661377, 1.9501967430114746, 1.9534107446670532, 1.9566346406936646, 1.9851397275924683, 1.9806644916534424, 1.974837064743042, 1.9717061519622803, 1.9879342317581177, 1.9993010759353638, 1.9826055765151978, 2.00659441947937, 1.996024250984192, 2.001112699508667, 2.0200324058532715, 2.006194829940796, 2.026583433151245, 2.0276248455047607, 2.0312838554382324, 2.0373475551605225, 2.0203371047973633, 2.064534902572632, 2.0483455657958984, 2.072664499282837, 2.0766043663024902, 2.0516586303710938, 2.0598104000091553, 2.0612668991088867, 2.0588226318359375, 2.073228359222412, 2.0809850692749023, 2.0810163021087646, 2.0942203998565674, 2.097205400466919, 2.097642183303833, 2.099867343902588, 2.0949618816375732, 2.1071689128875732, 2.1160800457000732, 2.0977516174316406, 2.1332104206085205, 2.140048027038574, 2.1339900493621826, 2.1368520259857178, 2.1572656631469727, 2.1433980464935303, 2.1424691677093506, 2.1571319103240967, 2.1479063034057617, 2.163491725921631, 2.175346612930298, 2.1808602809906006, 2.1623435020446777, 2.182776927947998, 2.1814308166503906, 2.182764768600464, 2.1909446716308594, 2.1806373596191406, 2.198688268661499, 2.213505506515503, 2.1983296871185303, 2.196650743484497, 2.2168705463409424, 2.2197000980377197, 2.2250893115997314, 2.2336525917053223, 2.235624074935913, 2.2666311264038086, 2.242685317993164, 2.2361443042755127, 2.2356348037719727, 2.243788957595825, 2.259814739227295, 2.262934923171997, 2.2695183753967285, 2.280924081802368, 2.263051986694336, 2.249516725540161, 2.2500815391540527, 2.254229784011841, 2.2580342292785645, 2.2581920623779297, 2.238206148147583, 2.221109390258789, 2.2344040870666504, 2.2196733951568604, 2.226827621459961, 2.2203516960144043, 2.2371153831481934, 2.1992788314819336, 2.212642192840576, 2.204329013824463, 2.1949055194854736, 2.2112016677856445, 2.2057669162750244, 2.1974921226501465, 2.185250997543335, 2.191354513168335, 2.1864922046661377, 2.1873931884765625, 2.1637871265411377, 2.1785645484924316, 2.1749396324157715, 2.174778699874878, 2.188131332397461, 2.1725456714630127, 2.1585044860839844, 2.1505186557769775, 2.164684534072876, 2.1651835441589355, 2.1396372318267822, 2.1562750339508057, 2.1433427333831787, 2.1349358558654785, 2.1526973247528076, 2.129384756088257, 2.1413254737854004, 2.133327007293701, 2.1359753608703613, 2.131565570831299, 2.102745532989502, 2.143470525741577, 2.1185357570648193, 2.1314773559570312, 2.1301629543304443, 2.1066486835479736, 2.1077284812927246, 2.1000430583953857, 2.0955796241760254, 2.099402904510498, 2.097776174545288, 2.0932278633117676, 2.096733570098877, 2.0941121578216553, 2.085747718811035, 2.086768388748169, 2.074974775314331, 2.0722994804382324, 2.0768749713897705, 2.058290958404541, 2.0849761962890625, 2.0835747718811035, 2.0692663192749023, 2.0655291080474854, 2.0773673057556152, 2.057842254638672, 2.0510342121124268, 2.059143543243408, 2.0450780391693115, 2.053363084793091, 2.0640149116516113, 2.059377670288086, 2.0336415767669678, 2.0531249046325684, 2.0384607315063477, 2.038160800933838, 2.0397160053253174, 2.0233259201049805, 