{"experiment": "experiment_32", "config": {"experiment": "experiment_32", "seed": 42, "encoder_architecture": {"name": "ResNet50"}, "pretraining": {"training": true, "batch_size": 256, "num_workers_loader": 4, "max_epochs": 500, "projection": {"use_projection": true, "hidden_layer_sizes": "None", "projection_dimension": 128}, "loss": {"name": "WeightedNTXent", "loss_config": {"temperature": 0.1, "weight": "GaussianWeight", "weight_normalization": "negatives_constant_total_weight", "weight_config": {"sigma": 0.5, "mean": "LinearParam", "mean_config": {"begin": -0.6, "end": 0.6, "factor": 0.99, "steps": 100}, "b_l": -1, "b_u": 1}}}, "optimizer": {"name": "Adam", "config": {"lr": 0.001, "weight_decay": 1e-06}}, "dataset": {"name": "Cifar10", "transforms": {"RandomResizedCrop": {"size": "32,32", "scale": "0.08,1.0", "ratio": "0.75,1.3333333333"}, "RandomHorizontalFlip": {"p": 0.5}, "ColorJitter": {"brightness": 0.4, "contrast": 0.4, "saturation": 0.4, "hue": 0.1, "prob": 0.8}, "RandomGrayscale": {"p": 0.2}, "GaussianBlur": {"kernel_size": 3, "prob": 0.5}}}, "model_dimension": {"embedding_dimension": 2048}}, "testing": {"testing": true, "testing_every_n_epochs": 100, "batch_size": 256, "num_workers_loader": 0, "max_epochs": 60, "dataset": {"val_percentage": 0.1, "name": "Cifar10"}, "optimizer": {"lr": 0.001}, "param_tuning": {"log_min": -6, "log_max": -1, "n_steps": 5}}}, "average_training_loss_per_epoch": [2.065706968307495, 1.6952788829803467, 1.6185930967330933, 1.5780919790267944, 1.5313951969146729, 1.509122610092163, 1.4995313882827759, 1.5032743215560913, 1.4765918254852295, 1.479360580444336, 1.4543699026107788, 1.4544992446899414, 1.447219729423523, 1.4450349807739258, 1.4354482889175415, 1.4512412548065186, 1.4603097438812256, 1.4475834369659424, 1.4635645151138306, 1.4782555103302002, 1.4767529964447021, 1.4752750396728516, 1.4840309619903564, 1.4804702997207642, 1.4987781047821045, 1.5010179281234741, 1.5163248777389526, 1.5378203392028809, 1.5285320281982422, 1.5496628284454346, 1.5502849817276, 1.5626170635223389, 1.5726885795593262, 1.586244821548462, 1.6083695888519287, 1.609160304069519, 1.6036691665649414, 1.6245620250701904, 1.618137001991272, 1.646088719367981, 1.6667836904525757, 1.654595971107483, 1.662687063217163, 1.675352931022644, 1.6995683908462524, 1.6965746879577637, 1.7302645444869995, 1.7144972085952759, 1.738271713256836, 1.7425938844680786, 1.7718820571899414, 1.7704800367355347, 1.780370831489563, 1.7908867597579956, 1.8127535581588745, 1.8213403224945068, 1.8258957862854004, 1.84601628780365, 1.8442161083221436, 1.8580875396728516, 1.8739084005355835, 1.8867082595825195, 1.8966823816299438, 1.9191523790359497, 1.9322260618209839, 1.9209743738174438, 1.9397127628326416, 1.9555552005767822, 1.9574414491653442, 1.9645894765853882, 1.995562195777893, 2.003230571746826, 2.0018692016601562, 2.0278382301330566, 2.0256102085113525, 2.037184953689575, 2.062870740890503, 2.0618622303009033, 2.0850396156311035, 2.1021535396575928, 2.1080260276794434, 2.107689142227173, 2.12900710105896, 2.136168956756592, 2.147217273712158, 2.15622878074646, 2.1767704486846924, 2.181955099105835, 2.201436758041382, 2.2013893127441406, 2.2169992923736572, 2.232257843017578, 2.2362172603607178, 2.2449514865875244, 2.2734720706939697, 2.276322603225708, 2.288705587387085, 2.300516128540039, 2.2967369556427, 2.3019838333129883, 2.3149795532226562, 2.3155598640441895, 2.3030059337615967, 2.2835097312927246, 2.2896642684936523, 2.2797534465789795, 2.2670822143554688, 2.2680795192718506, 2.256974458694458, 2.247328042984009, 2.2360639572143555, 2.221992254257202, 2.213660717010498, 2.2202789783477783, 2.191930055618286, 2.2160964012145996, 2.2043380737304688, 2.199345350265503, 2.183506488800049, 2.196380853652954, 2.1771769523620605, 2.1580147743225098, 2.172407865524292, 2.1462295055389404, 2.145183801651001, 2.155838966369629, 2.1497206687927246, 2.1197617053985596, 2.139148235321045, 2.122647762298584, 2.1114213466644287, 2.1122875213623047, 2.0906763076782227, 2.1106789112091064, 2.0953664779663086, 2.078627109527588, 2.0750510692596436, 2.0799431800842285, 2.0775725841522217, 2.0690274238586426, 2.0678064823150635, 2.061352252960205, 2.079075574874878, 2.0561304092407227, 2.0454349517822266, 2.035170793533325, 2.02886962890625, 2.037048816680908, 2.024996280670166, 2.027242660522461, 2.027311325073242, 2.018230676651001, 2.008164167404175, 2.0050036907196045, 2.0082204341888428, 2.009787082672119, 2.0104758739471436, 1.9933465719223022, 1.9779107570648193, 1.9873263835906982, 1.9761173725128174, 1.9804608821868896, 1.972071886062622, 1.9814441204071045, 1.951735496520996, 1.9671034812927246, 1.9580507278442383, 1.9469352960586548, 1.9612066745758057, 1.9573731422424316, 1.9477801322937012, 1.937767505645752, 1.9397544860839844, 1.9406323432922363, 1.9318803548812866, 1.915703296661377, 1.930606722831726, 1.9268170595169067, 1.919346570968628, 1.9390333890914917, 1.9271371364593506, 1.9082860946655273, 1.9063087701797485, 1.9099059104919434, 1.9126001596450806, 1.8888050317764282, 1.9057869911193848, 1.8905274868011475, 1.885343313217163, 1.8964256048202515, 1.8798022270202637, 1.8879393339157104, 1.8763178586959839, 1.8845494985580444, 1.8804088830947876, 1.8580212593078613, 1.8902790546417236, 1.863997459411621, 1.8829078674316406, 1.8766276836395264, 1.84434175491333, 1.8462973833084106, 1.837280035018921, 1.8319652080535889, 1.8348861932754517, 1.8338725566864014, 1.8261184692382812, 1.8347629308700562, 1.8319976329803467, 1.82033371925354, 1.8192179203033447, 1.807966709136963, 1.8103594779968262, 1.8195455074310303, 1.7926946878433228, 1.8180582523345947, 1.8156766891479492, 1.8110498189926147, 1.8032467365264893, 1.8124336004257202, 1.7998719215393066, 1.7911438941955566, 1.8026851415634155, 1.779256820678711, 1.786884069442749, 1.7922234535217285, 1.7967743873596191, 1.7648345232009888, 1.7868125438690186, 1.7732021808624268, 1.770853877067566, 1.7747409343719482, 1.7589032649993896, 1.7689671516418457, 1.7669990062713623, 1.7504974603652954, 1.7483001947402954, 1.7608343362808228, 1.7510982751846313, 1.7470331192016602, 1.7522034645080566, 1.7475366592407227, 1.7655212879180908, 1.7489007711410522, 1.7357803583145142, 1.7316313982009888, 1.7278298139572144, 1.737975001335144, 1.731223464012146, 1.733506679534912, 1.7344108819961548, 1.7320843935012817, 1.7145668268203735, 1.7184311151504517, 1.7310242652893066, 1.7266862392425537, 1.7308517694473267, 1.7158942222595215, 1.701485276222229, 1.7103734016418457, 1.702049732208252, 1.7058531045913696, 1.7066134214401245, 1.715110421180725, 1.6867294311523438, 1.697889804840088, 1.697744369506836, 1.6832290887832642, 1.6984931230545044, 1.6959937810897827, 1.6907840967178345, 1.6838043928146362, 1.683905839920044, 1.6887145042419434, 1.6859688758850098, 1.6640801429748535, 1.6845476627349854, 1.6812090873718262, 1.6765707731246948, 1.693904995918274, 1.684086561203003, 1.6644418239593506, 1.6618242263793945, 1.6697406768798828, 1.6747816801071167, 1.6542601585388184, 1.6704437732696533, 1.6566134691238403, 1.6550934314727783, 1.6675922870635986, 1.6515074968338013, 1.6579581499099731, 1.6489012241363525, 1.6558427810668945, 1.6550121307373047, 1.6363234519958496, 1.6653257608413696, 1.6441315412521362, 1.6552181243896484, 1.6535637378692627, 1.632380723953247, 1.6353063583374023, 1.631645917892456, 1.6215916872024536, 1.6293914318084717, 1.6282495260238647, 1.625128149986267, 1.6276265382766724, 1.6278154850006104, 1.618483304977417, 1.6237082481384277, 1.6087620258331299, 1.610414981842041, 1.6238397359848022, 1.596846103668213, 1.6215846538543701, 1.6217206716537476, 1.615111231803894, 1.6120566129684448, 1.6214803457260132, 1.6067979335784912, 1.599515676498413, 1.6111656427383423, 1.5943233966827393, 1.5980006456375122, 1.6044772863388062, 1.6111304759979248, 1.5832442045211792, 1.6006451845169067, 1.5924079418182373, 1.5894469022750854, 1.5917450189590454, 1.5815893411636353, 