{"experiment": "experiment_B3", "config": {"experiment": "experiment_B3", "seed": 42, "encoder_architecture": {"name": "ResNet50"}, "pretraining": {"training": true, "batch_size": 1024, "num_workers_loader": 4, "max_epochs": 500, "projection": {"use_projection": true, "hidden_layer_sizes": "None", "projection_dimension": 128}, "loss": {"name": "NTXent", "loss_config": {"temperature": 0.5, "weight": "GaussianWeight", "weight_normalization": "negatives_constant_total_weight", "weight_config": {"sigma": 0.75, "mean": "LinearParam", "mean_config": {"begin": -1, "end": 1, "factor": 0.99, "steps": 500}, "b_l": -1, "b_u": 1}}}, "optimizer": {"name": "Adam", "config": {"lr": 0.001, "weight_decay": 1e-06}}, "dataset": {"name": "Cifar10", "transforms": {"RandomResizedCrop": {"size": "32,32", "scale": "0.08,1.0", "ratio": "0.75,1.3333333333"}, "RandomHorizontalFlip": {"p": 0.5}, "ColorJitter": {"brightness": 0.4, "contrast": 0.4, "saturation": 0.4, "hue": 0.1, "prob": 0.8}, "RandomGrayscale": {"p": 0.2}, "GaussianBlur": {"kernel_size": 3, "prob": 0.5}}}, "model_dimension": {"embedding_dimension": 2048}}, "testing": {"testing": true, "testing_every_n_epochs": 100, "batch_size": 256, "num_workers_loader": 0, "max_epochs": 60, "dataset": {"val_percentage": 0.1, "name": "Cifar10"}, "optimizer": {"lr": 0.001}, "param_tuning": {"log_min": -6, "log_max": -1, "n_steps": 5}}}, "average_training_loss_per_epoch": [7.21821928024292, 6.922609329223633, 6.843005180358887, 6.7785725593566895, 6.747799873352051, 6.6956281661987305, 6.6617751121521, 6.634768962860107, 6.6095757484436035, 6.600231170654297, 6.578088283538818, 6.564428806304932, 6.55368185043335, 6.541378021240234, 6.530672073364258, 6.5185651779174805, 6.512974262237549, 6.495460033416748, 6.4915032386779785, 6.4859795570373535, 6.469595432281494, 6.465076923370361, 6.4532904624938965, 6.447436332702637, 6.440125465393066, 6.4318132400512695, 6.433036804199219, 6.42576265335083, 6.416190147399902, 6.412511825561523, 6.407454490661621, 6.407291412353516, 6.400640487670898, 6.395896911621094, 6.395378589630127, 6.388563632965088, 6.384932041168213, 6.384869575500488, 6.375144958496094, 6.376226425170898, 6.3736162185668945, 6.361813068389893, 6.361848831176758, 6.358145713806152, 6.358224868774414, 6.358262062072754, 6.355607509613037, 6.3472514152526855, 6.350713729858398, 6.34079122543335, 6.344624996185303, 6.339126110076904, 6.334762096405029, 6.335876941680908, 6.3346476554870605, 6.329068660736084, 6.327348709106445, 6.327176094055176, 6.321024417877197, 6.318695545196533, 6.323348045349121, 6.315410137176514, 6.315298557281494, 6.314283847808838, 6.310427665710449, 6.304743766784668, 6.305731773376465, 6.302754878997803, 6.298818111419678, 6.301037311553955, 6.297098159790039, 6.299383640289307, 6.291377067565918, 6.292869567871094, 6.288834571838379, 6.286726951599121, 6.288147449493408, 6.282849311828613, 6.283792018890381, 6.283011436462402, 6.284495830535889, 6.279031276702881, 6.282949924468994, 6.277477264404297, 6.27621603012085, 6.273157596588135, 6.274712085723877, 6.271188259124756, 6.27323579788208, 6.268712520599365, 6.265628814697266, 6.271233558654785, 6.266178131103516, 6.263869762420654, 6.26330041885376, 6.259829998016357, 6.260944366455078, 6.261068820953369, 6.2584333419799805, 6.256659507751465, 6.256875514984131, 6.256716251373291, 6.251967430114746, 6.251185417175293, 6.254920482635498, 6.248874187469482, 6.248131275177002, 6.250722408294678, 6.253295421600342, 6.244136810302734, 6.2464470863342285, 6.2396111488342285, 6.242265701293945, 6.2428297996521, 6.240811347961426, 6.239614486694336, 6.242044925689697, 6.238193035125732, 6.241893768310547, 6.241461277008057, 6.2382307052612305, 6.236522674560547, 6.2402119636535645, 6.231264591217041, 6.232604503631592, 6.23198938369751, 6.2323455810546875, 6.233371257781982, 6.232132911682129, 6.230708122253418, 6.227451801300049, 6.2291436195373535, 6.226731300354004, 6.229911804199219, 6.225444316864014, 6.224069595336914, 6.223764419555664, 6.2253875732421875, 6.220540523529053, 6.221367359161377, 6.223208904266357, 6.220823764801025, 6.220288276672363, 6.218592643737793, 6.220463275909424, 6.218973159790039, 6.21453332901001, 6.217383861541748, 6.216304779052734, 6.216113090515137, 6.2163286209106445, 6.216607570648193, 6.207276344299316, 6.211789608001709, 6.213332653045654, 6.212514877319336, 6.21424674987793, 6.2091898918151855, 6.208377361297607, 6.207286357879639, 6.2034592628479, 6.208498001098633, 6.209471702575684, 6.205333232879639, 6.203949451446533, 6.203039169311523, 6.206610202789307, 6.204254150390625, 6.204627990722656, 6.201373100280762, 6.203804969787598, 6.202892303466797, 6.203489780426025, 6.203045845031738, 6.20124626159668, 6.198141098022461, 6.199065208435059, 6.199277400970459, 6.194075107574463, 6.2014031410217285, 6.198786735534668, 6.196753978729248, 6.196958065032959, 6.193576335906982, 6.197027683258057, 6.1961164474487305, 6.195387363433838, 6.19222354888916, 6.189887046813965, 6.192166805267334, 6.190234184265137, 6.190243244171143, 6.190229892730713, 6.1913862228393555, 6.188921928405762, 6.190188884735107, 6.1921491622924805, 6.187968730926514, 6.189014434814453, 6.1935296058654785, 6.18635892868042, 6.187224388122559, 6.180988311767578, 6.181543827056885, 6.185035228729248, 6.182461261749268, 6.1794023513793945, 6.182304859161377, 6.185091018676758, 6.177803039550781, 6.180920600891113, 6.175111770629883, 6.177468776702881, 6.178770065307617, 6.177464485168457, 6.175938129425049, 6.177750110626221, 6.17486047744751, 6.179065227508545, 6.178997039794922, 6.175535678863525, 6.173924446105957, 6.179450035095215, 6.171932697296143, 6.174044609069824, 6.172613143920898, 6.172971248626709, 6.174125671386719, 6.172964572906494, 6.17275333404541, 6.170510768890381, 6.171213150024414, 6.17125940322876, 6.171939373016357, 6.1701788902282715, 6.167488098144531, 6.167471408843994, 6.1707563400268555, 6.165246963500977, 6.1671624183654785, 6.1703667640686035, 6.168240547180176, 6.16895866394043, 6.164501190185547, 6.166933536529541, 6.166675567626953, 6.162503719329834, 6.1673054695129395, 6.163019180297852, 6.1647162437438965, 6.164331436157227, 6.16658353805542, 6.157923698425293, 6.161752700805664, 6.163881778717041, 6.161810398101807, 6.163417339324951, 6.159876346588135, 6.1612629890441895, 6.159156799316406, 6.154473304748535, 6.161639213562012, 6.160358905792236, 6.156398773193359, 6.156675815582275, 6.15613317489624, 6.159171104431152, 6.158200740814209, 6.159021377563477, 6.155259609222412, 6.157697677612305, 6.155587673187256, 6.156235218048096, 6.156660079956055, 6.155391693115234, 6.152247905731201, 6.153969764709473, 6.154983043670654, 6.151609420776367, 6.1561689376831055, 6.155362606048584, 6.152301788330078, 6.152553558349609, 6.149868011474609, 6.151275634765625, 6.154341220855713, 6.153172016143799, 6.1514892578125, 6.146597385406494, 6.151033878326416, 6.148281097412109, 6.149620056152344, 6.149125576019287, 6.152029991149902, 6.148505210876465, 6.148277282714844, 6.151434421539307, 6.148178577423096, 6.14689826965332, 6.152414798736572, 6.146922588348389, 6.146371841430664, 6.143566131591797, 6.142797946929932, 6.147387504577637, 6.144545555114746, 6.142460823059082, 6.145796298980713, 6.148725509643555, 6.141263961791992, 6.142383575439453, 6.13715934753418, 6.142075061798096, 6.142632007598877, 6.141173362731934, 6.141274452209473, 6.141903877258301, 6.140508651733398, 6.142889976501465, 6.1417236328125, 6.140375137329102, 6.138219356536865, 6.141822338104248, 6.137840747833252, 6.1395583152771, 6.138592720031738, 6.13892126083374, 6.13909387588501, 6.138482570648193, 6.13860559463501, 6.136351108551025, 6.137444496154785, 6.136998176574707, 6.138139247894287, 6.136083602905273, 6.133522033691406, 6.132638931274414, 6.136345863342285, 6.131125450134277, 6.134259223937988, 6.1371169090271, 6.1367011070251465, 6.135303020477295, 6.131328105926514, 6.133233547210693, 6.133394241333008, 