{"experiment": "experiment_7", "config": {"experiment": "experiment_7", "seed": 42, "encoder_architecture": {"name": "ResNet50"}, "pretraining": {"training": true, "batch_size": 256, "num_workers_loader": 4, "max_epochs": 500, "projection": {"use_projection": true, "hidden_layer_sizes": "None", "projection_dimension": 128}, "loss": {"name": "WeightedNTXent", "loss_config": {"temperature": 0.1, "weight": "GaussianWeight", "weight_normalization": "negatives_constant_total_weight", "weight_config": {"sigma": 0.25, "mean": "LinearParam", "mean_config": {"begin": -1, "end": 1, "factor": 0.99, "steps": 500}, "b_l": -1, "b_u": 1}}}, "optimizer": {"name": "Adam", "config": {"lr": 0.001, "weight_decay": 1e-06}}, "dataset": {"name": "Cifar10", "transforms": {"RandomResizedCrop": {"size": "32,32", "scale": "0.08,1.0", "ratio": "0.75,1.3333333333"}, "RandomHorizontalFlip": {"p": 0.5}, "ColorJitter": {"brightness": 0.4, "contrast": 0.4, "saturation": 0.4, "hue": 0.1, "prob": 0.8}, "RandomGrayscale": {"p": 0.2}, "GaussianBlur": {"kernel_size": 3, "prob": 0.5}}}, "model_dimension": {"embedding_dimension": 2048}}, "testing": {"testing": true, "testing_every_n_epochs": 100, "batch_size": 256, "num_workers_loader": 0, "max_epochs": 60, "dataset": {"val_percentage": 0.1, "name": "Cifar10"}, "optimizer": {"lr": 0.001}, "param_tuning": {"log_min": -6, "log_max": -1, "n_steps": 5}}}, "average_training_loss_per_epoch": [0.08683618158102036, 0.04166977480053902, 0.025502510368824005, 0.027123957872390747, 0.0437089204788208, 0.0448981449007988, 0.046029068529605865, 0.03606617450714111, 0.03058443032205105, 0.03732213377952576, 0.032288115471601486, 0.0566161572933197, 0.02706507034599781, 0.023981286212801933, 0.03413333371281624, 1.8042657375335693, 1.8700991868972778, 2.4591805934906006, 2.103537082672119, 2.4002842903137207, 1.8532034158706665, 1.5343835353851318, 2.0981826782226562, 2.0748069286346436, 2.007906198501587, 2.321049928665161, 2.4653618335723877, 2.475146532058716, 2.2186074256896973, 2.331066608428955, 1.9349499940872192, 1.8826640844345093, 1.8546428680419922, 1.8371039628982544, 1.841964840888977, 1.822378158569336, 1.7109907865524292, 1.7488737106323242, 1.7131375074386597, 1.6488347053527832, 1.5785125494003296, 1.4781646728515625, 1.6149423122406006, 1.9149072170257568, 1.9903777837753296, 2.0887973308563232, 2.4684202671051025, 2.687363386154175, 2.5889999866485596, 2.4170594215393066, 2.0581319332122803, 2.2284631729125977, 2.096036672592163, 2.1742160320281982, 2.2280170917510986, 2.5164482593536377, 2.50785493850708, 2.6288607120513916, 2.4975738525390625, 2.35373592376709, 2.4413514137268066, 2.267893075942993, 2.4761459827423096, 2.40028977394104, 2.429337501525879, 2.315009593963623, 2.222893476486206, 2.682666301727295, 2.6845340728759766, 2.700801134109497, 2.4379470348358154, 2.6777374744415283, 2.2555205821990967, 2.279758930206299, 2.2885146141052246, 2.4684884548187256, 2.080116033554077, 2.360419511795044, 2.4867184162139893, 2.495967149734497, 2.63214373588562, 2.501272678375244, 2.4962849617004395, 2.3461222648620605, 2.2315642833709717, 2.0047659873962402, 2.1792497634887695, 2.636500358581543, 2.251431703567505, 2.1748709678649902, 2.223245859146118, 2.1169679164886475, 2.144096612930298, 2.338006019592285, 2.1884958744049072, 2.1138813495635986, 2.0926313400268555, 2.091568946838379, 2.180154800415039, 2.1759941577911377, 2.172912120819092, 2.171311140060425, 2.18356990814209, 2.3615176677703857, 2.471187114715576, 2.9346506595611572, 2.7494993209838867, 2.5333776473999023, 2.6348297595977783, 2.8047444820404053, 2.904245376586914, 2.942507266998291, 2.8297221660614014, 2.859109401702881, 2.7948906421661377, 2.780644178390503, 2.79939866065979, 2.7770166397094727, 2.7922847270965576, 2.8104281425476074, 2.799626350402832, 2.7780942916870117, 2.6725778579711914, 2.601224660873413, 2.541656732559204, 2.548795700073242, 2.5308828353881836, 2.425034761428833, 2.3557519912719727, 2.308845043182373, 2.3066577911376953, 2.313969612121582, 2.329936981201172, 2.327559471130371, 2.3125455379486084, 2.30704665184021, 2.3475704193115234, 2.362393856048584, 2.3044066429138184, 2.33724308013916, 2.4280052185058594, 2.3686561584472656, 2.3309597969055176, 2.3200714588165283, 2.354975700378418, 2.352891445159912, 2.5888795852661133, 2.4209041595458984, 2.411447763442993, 2.382699728012085, 2.8394978046417236, 3.4433364868164062, 3.485844612121582, 3.4678456783294678, 3.3921103477478027, 3.3286690711975098, 3.2716550827026367, 3.1614432334899902, 3.073608160018921, 3.0546875, 3.0436172485351562, 2.9170775413513184, 2.9962475299835205, 2.9450740814208984, 3.0206105709075928, 3.002690076828003, 2.8956005573272705, 2.8434250354766846, 2.971940040588379, 2.577151298522949, 2.387302875518799, 2.6763436794281006, 2.549095630645752, 2.4692206382751465, 2.4223415851593018, 2.4299206733703613, 2.3526082038879395, 2.4426445960998535, 2.5428402423858643, 2.508204460144043, 2.83197021484375, 2.8572335243225098, 2.8484609127044678, 2.7185208797454834, 2.697432518005371, 2.68605375289917, 2.702113389968872, 2.670564889907837, 2.4918668270111084, 2.5221760272979736, 2.393754482269287, 2.3532190322875977, 2.289367914199829, 2.2217819690704346, 2.1498231887817383, 2.089259624481201, 2.0608534812927246, 1.982222318649292, 1.96550714969635, 1.9213204383850098, 1.8519717454910278, 1.822459101676941, 1.775680661201477, 1.7319105863571167, 1.742396354675293, 1.6816909313201904, 1.6578786373138428, 1.6332931518554688, 1.6097586154937744, 1.56283700466156, 1.5506235361099243, 1.510155439376831, 1.4945791959762573, 1.4744893312454224, 1.441161870956421, 1.4264655113220215, 1.424888253211975, 1.39558744430542, 1.3677550554275513, 1.3851362466812134, 1.3547176122665405, 1.3497101068496704, 1.3644418716430664, 1.34775972366333, 1.344542384147644, 1.3674601316452026, 1.354080319404602, 1.3466782569885254, 1.3595777750015259, 1.354384183883667, 1.3515595197677612, 1.368847370147705, 1.3747212886810303, 1.36774480342865, 1.3747527599334717, 1.3772556781768799, 1.3906214237213135, 1.3906153440475464, 1.3791104555130005, 1.4021658897399902, 1.3979573249816895, 1.3984451293945312, 1.4296901226043701, 1.4055484533309937, 1.4267687797546387, 1.4428842067718506, 1.4471111297607422, 1.4529972076416016, 1.4533944129943848, 1.4445676803588867, 1.462925672531128, 1.4746464490890503, 1.4744714498519897, 1.4852534532546997, 1.4973564147949219, 1.5063753128051758, 1.519484043121338, 1.5235285758972168, 1.526842713356018, 1.5418212413787842, 1.5463109016418457, 1.5718377828598022, 1.5874210596084595, 1.6010112762451172, 1.5905640125274658, 1.6133623123168945, 1.6225661039352417, 1.6315990686416626, 1.6692750453948975, 1.664289951324463, 1.6715219020843506, 1.6847182512283325, 1.7052373886108398, 1.7211414575576782, 1.7356770038604736, 1.723832368850708, 1.7536615133285522, 1.7687907218933105, 1.7753278017044067, 1.8183560371398926, 1.8268842697143555, 1.8197674751281738, 1.8386876583099365, 1.8512712717056274, 1.87586510181427, 1.8845173120498657, 1.9090766906738281, 1.9091483354568481, 1.9194672107696533, 1.9452847242355347, 1.949507474899292, 1.9768298864364624, 1.9773454666137695, 2.0080604553222656, 2.029637098312378, 2.012819766998291, 2.0644636154174805, 2.0503628253936768, 2.0861504077911377, 2.110934257507324, 2.0909135341644287, 2.1188743114471436, 2.1281063556671143, 2.123605251312256, 2.1590416431427, 2.168109178543091, 2.1743180751800537, 2.2049715518951416, 2.2205464839935303, 2.231947183609009, 2.2491509914398193, 2.2461516857147217, 2.2635347843170166, 2.296717882156372, 2.2873423099517822, 2.3215725421905518, 2.3444440364837646, 2.3386728763580322, 2.3541319370269775, 2.3886475563049316, 2.386212110519409, 2.3982090950012207, 2.41593337059021, 2.42047381401062, 2.434828519821167, 2.4668142795562744, 2.473212242126465, 2.478492259979248, 2.5157854557037354, 2.510983467102051, 2.527838706970215, 2.543649911880493, 2.540545701980591, 2.5744593143463135, 2.5787949562072754, 